 ACAP, ARCH, CPLX, DATA, DOCU, FLEX, LTEX, PCAP, PCON, PMAT, PREC, PVOL, RELY, RUSE, SCED, SITE, STOR, TEAM, TIME, TOOL,LOC+
1,4,3,5,2,4,2,5,2,5,3,3,2,5,3,2,3,5,4,2,947
3,1,3,3,4,4,4,2,2,5,4,4,2,3,4,4,4,2,6,4,1203
2,5,4,2,1,4,1,5,2,4,1,3,3,5,2,3,5,6,4,4,1929
5,4,6,4,4,4,3,2,4,3,2,4,2,6,3,4,4,3,5,3,1033
2,4,6,4,3,1,2,4,3,1,3,3,3,4,1,2,4,5,6,3,1684
4,3,3,3,2,2,4,2,2,5,3,3,1,4,4,3,5,2,6,4,1169
2,5,3,4,4,3,4,2,2,1,1,5,1,5,3,2,6,4,6,4,559
3,1,3,3,2,3,3,4,2,5,1,2,2,6,3,1,6,2,4,2,668
4,4,4,5,1,6,4,5,1,4,3,3,4,2,2,4,4,1,6,2,903
4,2,3,3,1,6,4,5,4,4,3,4,2,6,2,3,4,2,4,4,1088
2,5,3,2,4,5,2,1,2,2,5,3,2,6,3,5,5,1,5,2,278
3,6,5,4,4,3,3,1,2,5,5,2,1,5,2,3,5,5,4,3,1871
3,5,5,4,4,2,4,4,2,2,1,3,2,3,4,3,3,6,5,4,1339
3,4,6,5,2,5,4,4,4,2,3,3,2,4,2,2,3,5,4,3,259
1,5,2,5,2,6,3,4,3,5,4,2,1,4,2,4,5,4,4,5,500
2,4,1,4,2,3,4,3,3,1,5,3,2,5,3,4,4,3,5,3,974
5,5,4,2,3,4,3,4,4,3,4,4,1,5,1,4,5,5,5,2,859
3,2,3,5,3,2,4,3,3,4,1,4,4,6,2,2,5,5,6,5,581
5,4,5,4,3,2,1,3,4,3,6,4,4,4,2,2,4,1,3,1,1707
2,3,3,4,4,6,2,3,2,3,5,2,5,4,4,5,3,5,5,2,1349
2,5,3,4,3,3,4,3,3,5,4,5,2,5,2,3,6,5,4,1,1155
3,2,3,3,5,5,4,2,1,4,4,3,3,3,3,2,4,5,6,4,499
1,6,3,4,2,2,4,4,4,6,5,3,1,5,2,1,5,3,5,3,809
5,4,4,3,1,3,4,4,2,5,2,4,4,3,2,2,5,3,4,2,1293
3,6,4,2,2,3,1,3,2,6,6,4,3,2,2,2,6,4,6,4,200
5,2,4,2,5,5,5,4,2,5,4,2,3,5,3,2,5,6,4,3,660
1,5,2,2,2,1,2,3,2,5,3,3,3,3,4,2,5,2,5,2,720
2,6,2,5,4,6,1,1,3,4,2,3,2,5,3,1,4,3,4,2,1030
4,2,2,3,4,5,1,4,5,3,5,3,4,2,2,3,4,6,6,3,623
4,5,2,3,3,2,4,2,1,1,2,4,3,5,2,1,4,2,4,1,639
5,5,5,3,2,3,5,3,4,1,1,2,5,5,4,4,6,5,6,3,392
3,2,2,4,2,4,3,4,2,3,4,4,1,4,3,2,5,3,5,4,779
4,5,2,3,3,5,1,4,4,2,1,5,3,6,3,3,3,5,4,3,1567
2,3,6,5,4,3,2,3,1,5,3,3,4,3,1,4,4,4,3,3,277
4,2,3,3,2,2,3,1,2,3,5,3,2,3,4,3,4,1,6,1,618
3,3,3,3,1,6,3,5,4,3,4,4,4,4,4,3,4,2,4,5,1231
1,4,3,5,5,2,1,2,4,5,5,3,2,6,3,1,5,3,3,3,1674
3,4,3,4,3,6,5,4,5,3,6,2,2,6,2,2,4,2,6,3,1341
4,5,3,4,4,2,2,1,4,4,5,3,1,5,5,2,5,3,4,2,159
4,2,2,5,3,2,1,5,3,2,4,4,3,3,5,3,3,5,4,4,598
4,3,3,4,4,5,3,3,4,4,2,3,3,5,3,1,6,3,6,2,1122
5,5,4,4,2,5,4,2,1,2,4,4,5,2,3,2,5,1,4,1,1779
5,5,3,4,4,4,5,4,1,3,3,3,2,2,4,4,5,2,4,3,885
5,5,3,3,1,3,5,4,3,3,2,2,4,3,1,4,5,6,5,3,813
3,5,2,5,2,2,1,1,1,4,3,2,5,2,1,1,4,4,3,1,1129
3,2,4,2,5,1,2,2,2,5,2,5,1,6,5,3,4,5,3,3,1735
1,5,2,5,4,4,2,2,4,5,6,4,5,6,5,3,6,6,4,1,1062
3,6,4,4,3,2,5,1,1,5,1,4,2,2,4,2,5,4,3,3,1920
3,2,2,3,4,2,3,5,3,3,5,3,4,3,2,1,4,4,4,3,1394
3,6,5,4,1,2,2,5,2,3,3,4,5,6,4,4,5,4,3,2,391
4,5,5,3,5,1,3,3,3,2,3,5,2,2,2,3,4,4,6,5,1418
3,5,5,4,4,3,3,2,4,5,1,3,2,2,3,2,6,3,6,4,1995
4,3,3,2,4,6,3,1,5,4,1,3,3,5,1,4,5,1,5,3,1846
5,4,6,4,5,1,3,4,3,5,3,4,4,4,4,2,4,5,4,2,1068
2,6,4,2,3,1,3,3,3,1,3,3,4,5,4,3,6,6,5,3,277
3,4,3,5,3,2,5,5,1,4,3,3,3,5,2,3,3,2,3,5,1997
3,1,4,2,3,5,5,5,3,2,3,2,3,4,1,4,4,3,4,2,720
5,5,2,2,3,3,3,3,3,5,4,5,4,2,5,4,6,3,4,3,1118
3,4,2,4,4,3,1,2,3,3,5,3,2,6,2,2,6,3,4,2,1878
1,6,2,2,4,3,3,3,2,5,6,4,4,3,3,3,5,2,5,1,730
2,5,3,2,2,2,3,4,3,2,4,3,4,2,4,4,5,4,6,4,1380
4,3,5,3,2,3,4,3,4,5,2,3,2,5,3,5,6,3,3,4,1486
3,5,5,2,2,4,5,2,2,5,4,5,4,2,5,3,6,2,6,5,1950
4,1,2,2,1,5,2,3,2,5,5,5,3,2,4,3,5,5,3,3,853
2,5,3,3,2,6,2,2,5,3,4,4,1,2,2,1,5,5,6,3,1415
1,2,1,3,2,5,3,2,1,1,2,4,1,3,3,4,4,4,5,5,529
4,5,6,4,5,1,1,2,5,6,5,2,2,4,2,4,5,5,4,3,16
3,5,5,4,2,5,3,3,4,1,1,4,4,4,3,1,4,4,6,4,335
2,4,2,5,2,5,2,2,2,5,2,2,5,4,4,1,4,1,4,3,1160
4,5,2,3,2,5,3,5,1,3,3,4,2,6,2,4,5,2,6,4,130
3,5,2,4,4,4,2,3,3,5,5,5,4,3,3,4,3,4,6,2,137
1,3,3,3,2,2,2,4,4,1,3,4,3,4,5,1,3,3,4,2,77
2,1,4,5,2,3,5,3,5,4,2,2,3,3,2,5,3,2,4,4,440
5,5,4,2,2,3,2,3,2,5,2,2,2,3,3,1,3,2,6,1,683
1,3,2,3,2,4,3,1,4,4,3,5,2,3,3,5,6,1,4,2,1880
5,4,2,2,1,1,3,3,2,6,4,3,2,3,4,2,6,2,5,5,251
2,5,1,3,5,4,4,5,1,3,4,3,2,2,3,4,5,5,4,3,1405
2,3,4,2,5,2,4,5,2,4,2,4,3,2,3,2,6,3,5,1,1256
2,6,6,4,3,4,3,4,4,5,5,5,4,6,1,4,4,3,4,2,840
4,5,3,3,3,6,4,1,4,3,4,2,3,4,3,5,5,1,3,3,1625
3,2,3,2,2,1,2,3,2,5,4,5,4,5,2,3,5,5,6,4,1754
2,2,5,3,1,2,4,2,3,5,2,4,4,2,2,2,5,2,4,5,466
4,2,6,3,4,5,1,2,3,3,3,3,2,3,4,2,3,2,3,1,729
3,1,5,4,3,4,4,4,4,6,3,3,3,6,4,2,6,2,4,2,1251
3,1,3,2,4,4,2,4,5,6,5,4,2,5,4,1,5,4,4,2,318
2,5,4,2,2,5,4,3,4,1,2,4,2,2,2,1,4,3,5,3,931
3,4,3,2,5,3,1,3,2,4,2,5,3,5,4,5,3,2,4,4,995
4,4,5,3,5,3,3,2,3,1,4,3,2,3,3,3,3,3,6,5,482
2,5,2,4,2,6,3,1,1,2,3,3,5,3,2,1,4,2,5,2,1959
4,4,4,2,4,2,3,1,3,1,2,3,1,5,2,3,5,5,4,3,947
4,2,4,4,3,5,1,2,2,5,5,2,1,3,5,2,5,5,5,2,1660
4,1,3,4,2,2,5,1,1,5,4,2,4,3,3,3,4,3,5,3,1713
3,1,2,3,4,2,5,3,4,6,6,5,3,3,4,4,4,4,4,4,414
4,4,6,4,3,5,4,2,2,1,4,5,4,4,5,3,6,6,3,4,1565
2,4,1,3,1,4,1,3,4,3,4,2,2,6,4,4,5,6,6,3,324
1,4,6,3,2,3,4,4,2,1,4,3,1,4,1,1,4,3,5,3,708
4,6,3,2,4,2,4,3,4,3,2,3,4,5,4,2,5,3,4,3,770
5,4,3,2,3,2,3,3,2,2,2,4,5,4,3,3,3,2,3,4,1942
4,4,3,2,4,4,2,1,2,3,2,2,3,4,1,1,4,2,5,3,1084
2,4,2,3,1,3,2,2,4,2,3,5,3,3,1,3,3,5,5,3,1297
5,4,3,2,4,4,2,3,3,4,6,3,2,3,2,3,5,2,5,4,1927
4,3,4,2,3,1,1,5,4,6,3,5,5,4,2,2,4,5,3,3,596
4,1,4,4,2,2,1,2,5,2,4,4,4,6,3,4,6,1,5,4,1674
4,4,5,3,2,2,4,2,4,3,3,4,2,3,3,3,5,5,6,3,1445
4,3,5,5,3,4,3,2,3,5,2,2,5,4,5,3,4,4,4,3,50
3,6,4,4,5,1,2,2,3,2,2,3,2,4,3,3,3,2,3,5,331
5,2,6,3,5,3,3,2,3,6,5,3,5,2,4,1,4,4,5,3,146
1,4,3,3,5,2,3,2,3,5,2,3,1,2,2,4,6,5,4,3,165
5,6,5,5,1,5,5,4,3,1,6,3,5,2,4,2,5,5,5,5,93
1,5,5,3,3,5,2,2,3,5,2,4,1,5,4,4,4,6,5,5,1667
1,2,4,5,4,5,1,3,3,3,5,5,4,5,2,3,4,4,5,2,654
4,4,5,3,3,2,3,3,4,3,5,3,4,5,4,4,5,3,4,3,661
2,5,2,4,5,1,3,2,5,1,3,2,3,4,5,2,3,4,5,4,308
3,6,4,2,2,4,2,4,4,6,5,4,4,4,3,5,3,2,6,3,490
1,2,5,2,4,4,3,4,5,2,3,3,5,6,3,2,4,1,5,3,688
3,3,4,4,3,5,5,1,3,3,5,2,3,5,4,2,4,1,6,2,1702
5,3,5,2,1,3,5,5,4,6,3,3,1,4,4,4,4,3,6,3,848
2,5,2,3,1,4,2,3,1,3,5,3,1,2,2,4,3,3,5,3,60
3,1,2,2,3,5,3,4,3,5,3,5,3,3,2,4,4,2,3,2,1105
3,3,3,5,5,2,4,3,2,2,6,2,4,4,4,2,5,5,3,2,227
4,4,3,3,5,4,2,1,4,4,4,5,2,3,3,4,6,3,5,1,720
3,1,2,4,3,1,5,4,3,2,1,3,1,5,3,2,5,3,4,2,1443
3,6,1,3,4,5,2,3,2,4,3,4,3,6,5,4,4,5,4,2,1186
2,3,6,4,4,2,4,2,4,3,6,3,2,2,3,1,5,5,4,3,503
3,3,5,4,2,2,4,3,3,4,3,3,1,5,2,4,3,3,4,1,1096
3,2,2,4,4,3,2,3,5,2,2,5,3,5,3,4,3,2,4,4,1160
4,3,6,3,2,4,5,5,4,4,4,5,3,2,3,4,4,6,3,2,868
1,2,6,4,4,4,2,3,3,2,6,3,4,3,5,5,6,5,4,2,642
2,2,3,3,4,4,2,3,4,5,2,2,5,3,1,1,5,3,5,5,711
5,4,2,4,4,4,3,5,4,5,3,3,2,4,4,2,5,2,4,2,1344
5,2,6,5,3,5,1,4,3,5,3,3,2,3,2,3,4,5,5,4,775
3,3,4,5,3,3,4,1,3,4,5,3,4,5,3,1,5,6,4,1,1051
1,3,2,5,4,4,5,2,3,3,2,4,1,3,4,3,6,2,4,5,859
4,3,1,4,5,2,4,3,2,3,5,4,2,4,3,1,3,6,6,4,1999
5,5,4,3,4,3,4,3,2,2,2,5,3,5,5,4,4,3,6,2,1841
4,5,3,4,4,3,1,5,4,3,1,3,5,4,1,3,4,2,4,1,1330
3,4,4,4,2,4,5,3,5,5,3,2,2,4,2,1,4,2,5,1,293
1,4,2,3,3,1,2,3,5,4,3,5,3,6,2,4,4,2,6,4,1746
4,5,5,4,4,6,1,4,3,6,5,3,3,4,3,4,5,2,4,4,1980
1,5,4,2,1,3,4,2,5,3,3,5,3,5,4,2,3,5,6,2,42
4,3,6,3,4,1,5,3,4,2,4,5,3,4,3,1,3,6,4,3,1756
2,5,6,3,3,5,2,3,3,2,3,4,4,2,3,2,4,5,4,4,122
4,2,4,3,2,5,2,2,5,3,5,5,2,5,2,2,4,3,5,4,981
2,1,1,4,4,5,5,2,1,1,6,5,3,4,5,4,5,4,4,2,1302
5,2,6,4,3,6,1,2,4,4,5,3,2,2,3,4,5,4,5,5,1963
4,5,2,3,2,5,1,2,3,2,2,4,4,3,1,4,5,5,3,4,1773
4,2,6,3,2,5,3,3,1,4,5,3,4,2,1,3,5,6,5,2,430
1,4,2,5,1,4,5,4,3,6,5,3,5,3,3,4,5,4,5,3,828
1,1,1,3,4,3,4,2,5,2,3,2,4,3,2,4,4,4,4,2,446
2,3,4,4,3,4,3,3,2,2,2,3,5,5,2,1,5,3,3,4,1837
2,1,2,3,5,3,3,4,5,6,1,3,3,4,2,5,4,4,5,5,1168
4,5,4,3,2,6,3,3,5,1,5,3,2,2,3,1,5,6,4,5,1473
2,2,6,3,3,3,1,2,2,3,2,4,3,5,3,2,5,1,4,2,1468
3,4,3,4,1,3,3,2,3,6,1,3,2,3,3,4,6,6,4,2,1402
5,6,3,4,2,3,3,5,5,5,4,4,1,3,4,4,6,3,4,3,1280
2,4,2,5,1,3,4,4,3,2,2,4,3,4,3,1,6,5,5,1,653
4,4,3,2,3,2,4,2,3,5,1,5,5,6,3,3,5,5,6,1,922
3,4,3,4,3,4,5,1,1,1,4,4,3,4,3,3,4,2,6,1,1354
2,5,3,2,1,2,5,3,2,3,1,4,5,5,3,2,4,3,5,2,641
3,6,2,5,3,4,3,2,3,2,5,4,1,3,4,4,4,5,5,2,514
2,2,3,5,2,5,2,2,4,3,5,5,4,5,3,2,3,6,4,3,785
4,4,6,3,3,4,2,4,2,5,4,3,1,3,2,2,5,2,4,2,132
3,3,5,4,4,3,2,4,3,2,4,4,2,5,4,2,6,2,5,3,836
1,6,3,4,4,3,2,5,3,6,4,3,2,2,2,3,3,6,5,4,1838
4,3,3,4,2,3,5,2,1,4,6,3,2,5,2,5,4,5,4,3,506
4,1,5,3,2,2,3,4,2,4,4,3,4,4,1,2,4,5,5,2,1649
1,2,3,3,3,2,4,1,2,3,3,3,2,4,4,1,6,4,4,4,18
2,3,6,2,5,3,2,1,4,3,3,2,3,5,1,1,3,3,5,4,157
4,5,5,3,1,3,1,3,5,1,5,4,2,4,4,1,5,4,4,4,1210
2,5,2,4,4,5,4,2,4,5,5,2,5,4,3,4,5,4,4,1,109
5,3,5,4,4,5,3,3,4,4,3,2,2,5,2,2,4,5,5,4,1170
2,3,4,4,3,5,4,4,3,1,6,4,4,4,2,5,5,4,6,4,1391
5,2,1,3,4,3,4,1,4,4,2,2,3,3,3,3,5,4,4,2,345
5,5,1,2,4,2,2,1,3,4,6,3,1,3,4,3,5,4,5,4,1949
3,5,3,3,2,2,5,3,4,4,1,5,3,2,4,5,4,2,5,2,1447
4,4,4,2,1,2,5,2,3,1,5,4,2,5,2,3,5,3,4,2,922
2,4,3,3,2,2,2,5,4,3,1,4,1,6,5,5,3,2,4,4,876
2,3,5,5,5,4,3,1,1,5,4,3,4,3,3,4,4,2,3,2,807
4,5,4,3,4,5,3,4,1,3,4,4,4,4,3,2,5,6,5,2,1030
4,2,4,3,2,1,3,3,5,3,6,3,5,2,4,2,4,5,4,3,1795
2,5,1,4,1,6,2,2,4,4,2,4,4,5,4,4,5,4,4,5,748
5,3,3,3,4,4,1,1,1,2,5,3,5,4,1,4,4,1,5,5,438
3,1,3,3,2,4,3,3,2,3,2,2,4,5,2,2,3,5,6,2,189
5,5,2,2,2,3,4,1,5,4,5,5,2,5,5,2,5,4,4,4,1301
3,4,5,5,2,2,2,5,4,2,3,4,1,3,2,4,3,2,5,2,133
3,4,5,5,2,1,2,5,3,2,3,3,2,5,3,2,3,4,5,1,920
2,5,1,4,2,3,3,4,2,5,1,4,3,4,3,5,5,2,6,4,1672
3,5,4,3,2,2,2,2,1,5,6,3,4,6,2,1,6,5,5,2,1514
4,1,5,5,4,6,2,4,5,1,5,5,1,2,4,2,5,5,5,3,1087
5,5,2,4,5,4,5,3,4,6,2,5,2,4,2,1,5,1,6,1,1862
4,4,2,3,3,5,3,4,5,2,5,4,3,3,4,3,5,4,4,4,582
4,5,2,5,4,6,4,5,4,5,6,4,3,2,4,2,5,2,5,2,1833
4,3,2,3,3,2,4,3,3,3,5,3,4,4,4,2,6,6,4,4,1422
1,3,2,4,2,5,3,2,5,2,3,3,3,6,2,4,5,4,6,5,92
5,5,6,3,3,6,2,2,4,4,4,4,4,2,2,1,4,6,5,3,1041
3,3,6,5,4,6,4,2,4,5,5,4,5,5,2,4,4,4,6,5,1262
4,2,5,4,5,5,2,2,4,3,2,4,4,5,5,1,6,4,4,3,1673
5,4,3,3,1,2,1,4,2,5,2,4,3,3,4,3,6,3,4,1,537
3,4,4,4,2,1,1,2,2,4,3,3,2,3,3,5,4,6,3,2,1536
4,3,4,3,5,1,5,3,2,1,4,4,2,3,4,2,5,2,5,1,1753
4,2,5,2,5,2,2,5,4,6,1,3,3,3,4,2,4,6,3,2,1077
1,5,4,2,5,6,3,5,1,2,2,3,2,4,1,3,5,3,5,3,545
2,6,5,3,5,5,1,1,2,6,1,4,3,4,4,5,3,4,4,4,1005
2,2,4,2,5,3,5,3,2,5,5,4,4,4,4,3,5,4,5,2,1970
5,4,3,3,4,2,3,3,2,4,2,2,5,4,3,1,5,1,5,4,839
4,3,2,5,4,4,2,3,1,2,4,5,1,4,2,4,3,4,5,1,1822
5,2,3,5,5,3,3,2,4,2,3,4,5,5,2,3,5,5,4,3,1435
2,4,5,4,2,1,5,3,3,2,3,5,1,5,1,2,5,3,5,3,87
4,2,4,3,2,5,2,2,1,5,4,4,4,5,4,4,4,2,4,2,1902
4,2,2,2,3,2,3,3,1,5,1,5,2,5,4,3,5,5,3,4,752
4,3,1,4,2,5,4,1,4,3,4,3,4,5,1,2,6,2,5,1,1539
1,1,3,2,5,6,2,2,4,4,1,4,4,4,3,2,4,6,5,4,1618
3,3,5,4,5,2,3,2,3,3,6,4,2,4,4,5,5,5,4,3,1911
5,5,6,5,3,2,2,4,3,5,2,2,4,5,2,5,5,5,6,3,1824
1,1,2,4,1,4,1,1,2,3,2,5,3,3,3,4,5,3,5,3,825
3,4,2,3,2,3,1,4,3,4,2,2,4,5,4,2,5,5,4,5,450
3,2,2,4,2,2,2,3,2,4,4,5,3,4,2,3,5,5,5,4,421
4,3,4,4,3,5,5,3,4,2,5,4,4,5,4,1,5,4,5,3,1072
4,3,1,4,2,2,5,3,2,2,1,4,1,5,4,2,5,3,4,4,875
2,6,1,5,5,2,1,5,4,2,3,4,1,2,1,4,5,4,5,3,269
1,4,4,5,5,4,3,3,2,3,6,2,2,5,4,2,4,2,6,4,1109
4,3,4,3,3,1,3,2,3,1,6,3,4,3,4,2,4,3,5,4,1747
4,1,4,4,4,5,2,4,1,5,4,3,4,2,4,2,4,2,5,4,1261
2,5,3,4,2,4,3,4,2,4,6,4,2,4,4,4,3,2,3,4,1060
5,2,4,5,2,2,4,1,3,5,2,5,5,3,4,4,3,4,5,2,1521
3,2,2,4,3,3,5,1,4,2,3,3,3,3,4,2,3,5,4,1,1600
2,5,5,5,3,5,2,2,4,5,6,5,1,5,4,3,6,6,5,4,7
3,1,5,3,1,4,3,3,4,2,3,5,5,5,2,5,5,1,5,5,761
5,3,3,2,4,5,1,2,4,4,2,5,3,2,2,3,5,2,4,3,11
2,2,1,4,4,2,5,3,3,1,3,4,4,4,5,3,5,2,4,5,1194
3,3,3,3,3,4,5,5,2,3,3,3,3,5,3,4,4,4,4,2,1296
2,2,4,4,3,4,3,3,4,3,5,2,4,2,3,2,4,2,4,3,331
5,3,2,3,2,5,3,5,5,4,5,4,3,3,3,2,6,6,4,4,689
4,4,4,3,4,2,2,4,2,4,4,3,3,5,1,4,5,2,3,2,92
2,4,3,4,2,4,5,3,1,4,2,2,2,4,1,2,4,1,6,4,450
3,6,6,2,2,1,3,1,4,5,4,3,3,3,4,3,4,6,4,2,1260
1,5,2,2,3,5,3,4,4,4,4,3,1,6,5,2,6,5,5,1,1018
5,2,4,2,3,2,2,3,5,3,2,3,3,6,1,4,4,6,4,4,738
1,1,4,3,5,5,3,3,3,4,2,2,3,5,4,4,5,2,3,1,394
1,3,1,4,3,5,4,3,5,2,5,5,1,5,3,2,4,6,5,2,1701
3,2,4,2,4,5,4,5,1,3,2,4,2,3,2,3,6,3,3,3,1694
3,5,1,3,3,3,5,3,3,2,2,3,3,3,2,3,6,3,6,2,1527
3,5,1,4,2,1,5,2,5,4,4,3,3,2,2,4,6,6,4,2,893
5,2,2,4,1,2,3,3,4,3,2,4,2,6,5,3,6,3,5,3,1577
4,3,6,3,2,3,3,2,3,5,3,4,4,4,2,4,4,5,5,1,358
2,5,2,4,4,4,4,5,3,2,1,5,2,2,5,1,5,1,4,4,637
2,5,3,2,2,5,1,3,2,1,6,5,2,4,3,2,5,6,3,1,1103
4,2,4,3,2,1,4,3,5,5,6,4,4,5,5,2,4,4,4,5,1682
4,4,2,2,4,2,3,4,4,6,5,5,2,2,4,5,4,2,4,4,1633
1,3,6,3,3,2,1,2,4,3,5,3,2,5,4,2,6,3,5,3,295
4,5,1,4,4,5,3,4,3,6,4,4,2,5,2,3,5,5,6,2,199
5,2,1,2,4,4,4,1,2,2,3,5,3,2,3,5,3,2,6,5,1097
1,5,2,4,3,5,4,5,3,2,3,3,1,3,4,4,5,4,3,2,778
4,4,3,2,3,3,4,4,1,6,3,3,5,6,1,4,5,2,4,5,508
2,4,4,3,1,2,1,4,4,2,5,4,2,3,4,2,5,3,3,4,946
1,3,5,4,4,5,4,4,3,4,4,4,4,4,2,1,6,3,4,3,926
3,2,3,4,5,2,2,3,4,5,5,4,4,6,2,3,6,4,4,4,1947
3,4,3,2,4,6,4,2,3,3,6,2,2,6,1,4,4,6,4,4,1517
1,2,3,4,3,2,2,4,3,3,4,2,2,2,3,4,5,4,4,3,909
3,2,4,4,3,5,3,1,5,1,6,3,2,4,1,3,3,6,4,3,100
1,4,4,3,4,5,2,4,5,1,3,3,4,3,1,2,4,6,4,3,1835
4,6,6,2,2,4,4,5,3,5,4,3,2,5,3,3,5,1,6,4,584
4,2,5,3,4,5,4,3,5,3,3,2,4,4,4,2,5,3,3,2,325
5,6,4,3,2,2,2,4,3,6,5,4,1,5,2,4,5,4,5,2,293
3,5,4,3,4,3,4,2,1,2,5,4,4,4,2,2,5,1,6,2,585
4,3,5,2,2,5,4,3,4,3,3,4,1,3,5,4,5,1,4,5,173
5,3,4,4,4,5,4,1,3,5,6,2,3,3,3,3,5,4,4,5,769
1,2,5,4,2,4,3,2,5,6,4,5,4,4,1,4,4,4,4,3,301
4,2,1,2,2,5,1,4,3,5,1,5,3,6,3,3,6,4,5,1,181
2,2,5,3,1,2,1,3,1,3,2,5,5,6,1,2,4,6,4,5,642
2,1,1,4,2,4,4,3,2,3,4,4,2,4,2,1,5,5,3,3,38
2,5,2,5,3,6,5,5,3,3,5,3,2,3,4,4,4,1,5,4,264
4,3,5,4,3,5,2,2,4,5,6,4,3,3,5,4,5,2,4,4,555
5,2,5,5,1,3,2,3,1,4,5,4,1,4,3,2,6,1,6,2,1518
2,5,5,5,3,5,4,3,3,3,3,5,3,4,4,3,6,6,5,4,1205
2,4,5,5,4,5,4,3,3,3,4,3,2,4,1,5,3,4,4,4,1135
2,1,6,2,3,5,5,2,1,2,3,2,3,3,1,4,5,6,6,3,1552
3,4,2,3,3,4,3,3,2,1,3,5,2,3,3,3,4,2,5,2,1271
2,4,5,2,4,6,5,3,3,4,3,5,4,5,1,3,4,2,3,1,1871
2,2,6,3,3,6,5,1,4,4,3,3,3,5,2,3,5,4,4,5,1804
2,5,6,4,2,3,1,2,2,4,3,3,3,2,4,3,5,2,5,2,1574
1,6,2,4,4,4,3,1,4,4,4,3,5,2,4,3,6,4,4,3,1855
2,5,2,4,1,5,3,1,3,4,5,4,5,5,4,5,6,1,4,5,785
1,2,4,4,2,5,2,2,2,2,2,4,2,4,3,2,5,6,6,2,989
3,4,6,3,4,5,4,3,2,2,2,4,2,4,2,3,4,2,4,2,202
4,3,5,3,4,2,1,1,3,4,5,2,4,4,4,4,3,5,4,2,263
1,4,3,3,4,2,4,2,5,3,6,3,2,6,1,2,6,4,4,1,1176
2,5,5,3,4,3,2,3,4,2,3,4,2,5,1,1,4,2,4,2,1449
5,3,3,5,3,5,3,1,3,5,5,5,5,3,2,2,5,6,5,4,235
2,3,2,3,1,4,1,2,3,2,6,5,3,6,3,2,5,2,4,3,1579
2,1,5,2,2,1,5,1,2,5,1,3,5,6,2,3,5,5,5,2,1047
1,5,5,4,3,4,5,4,3,4,3,5,4,3,2,4,5,2,4,3,1056
5,6,6,3,2,5,2,1,2,2,6,4,3,5,3,4,4,5,4,5,1613
2,3,2,2,2,6,1,2,4,6,4,2,2,6,5,4,5,1,6,5,793
4,5,3,5,5,3,4,3,4,6,2,3,4,4,3,1,6,4,4,4,1374
3,2,4,4,2,3,4,2,2,5,4,3,4,5,3,5,5,1,3,5,871
2,3,4,5,3,4,2,5,4,4,3,4,4,6,4,3,4,2,3,3,1704
2,5,4,2,1,3,2,4,4,4,3,4,4,3,4,4,5,4,5,1,730
5,4,5,4,5,3,3,3,3,2,3,5,2,2,3,2,5,4,5,4,244
1,2,5,3,2,3,2,5,4,1,3,5,2,5,2,3,4,5,5,3,722
4,5,3,3,3,5,3,5,5,2,2,4,3,4,4,2,4,3,5,5,672
1,2,6,2,3,2,5,4,4,4,4,3,3,2,4,5,5,5,4,2,1037
1,3,1,3,4,2,1,4,4,5,2,5,3,3,3,4,6,3,5,4,1567
2,5,4,4,4,4,1,4,2,1,5,5,3,4,2,3,5,4,6,2,30
3,4,2,4,1,5,2,1,5,3,5,5,2,5,3,3,6,5,5,2,312
3,5,4,4,5,3,1,3,5,4,5,4,4,5,4,2,5,3,6,3,1839
2,4,2,5,2,6,1,2,3,1,2,4,2,5,5,2,6,5,5,3,1726
3,1,3,3,2,3,2,3,5,6,3,2,2,5,3,5,6,2,4,3,149
4,3,3,3,3,2,1,5,2,5,6,3,3,3,2,2,4,3,4,2,875
3,1,4,4,4,6,4,3,4,6,5,4,2,4,2,2,4,3,4,4,916
4,3,5,5,3,5,4,2,2,4,5,2,1,5,4,3,6,5,5,2,1353
2,6,3,3,1,2,4,2,4,2,2,3,2,6,3,2,5,6,3,4,295
3,6,4,4,3,5,2,1,4,2,6,2,2,4,2,4,3,5,3,1,1908
3,3,3,2,3,2,4,2,4,2,3,3,3,5,2,2,5,3,4,2,1383
3,2,4,3,4,1,4,2,3,4,2,4,4,2,3,2,5,1,5,2,1340
4,6,1,3,2,6,4,1,3,5,5,4,4,4,2,2,5,3,4,4,1850
5,5,6,5,4,6,3,4,2,3,1,4,2,4,4,3,4,4,4,4,333
5,4,1,3,5,4,1,2,3,5,2,2,4,2,3,3,5,2,6,3,561
3,2,4,5,3,2,2,3,1,5,5,2,2,6,2,5,6,5,4,3,1865
3,5,5,2,4,5,3,4,3,4,5,5,1,6,1,3,4,1,5,5,1748
3,3,5,4,2,1,2,4,4,5,4,2,4,4,4,4,6,4,5,1,1978
5,4,3,3,3,3,2,4,1,2,2,4,2,4,3,4,3,6,3,3,1519
3,2,4,5,2,2,3,2,4,5,3,4,1,3,5,4,6,4,6,4,1136
2,2,4,5,3,2,2,3,2,3,2,3,1,2,1,5,6,6,5,5,1965
4,2,4,5,3,1,4,2,3,4,5,4,1,2,4,3,4,3,3,5,1371
2,2,4,4,2,3,3,3,2,4,3,3,3,4,3,3,6,4,3,5,1976
1,4,2,5,1,4,2,2,2,4,2,4,2,4,3,4,4,1,5,2,623
3,4,1,3,5,4,5,3,1,2,6,2,5,3,4,4,4,5,4,4,1543
3,5,5,4,3,2,2,3,1,4,2,4,4,3,2,2,3,5,5,1,1371
2,1,6,5,3,3,2,4,2,5,3,4,4,5,5,2,6,2,5,3,542
5,2,2,4,3,3,2,4,3,4,4,4,3,3,2,5,4,3,4,5,1647
4,4,5,3,4,3,2,3,4,1,3,3,3,4,4,3,5,5,4,5,172
2,4,4,3,5,2,2,3,2,2,6,4,1,2,2,1,3,2,4,3,1252
5,3,4,4,4,4,2,4,4,5,5,2,1,2,3,5,5,4,5,5,1806
5,3,2,5,3,2,3,2,5,4,1,3,2,2,2,1,3,1,5,3,476
2,1,3,3,5,6,4,4,2,2,6,3,2,4,2,4,6,2,6,3,36
5,4,1,3,2,5,2,1,3,2,3,4,4,3,3,5,6,6,5,1,1110
2,5,2,4,4,5,1,1,4,1,5,5,2,3,2,2,4,4,4,2,1124
3,3,4,3,4,4,2,5,3,5,6,3,3,4,3,3,4,6,5,3,238
5,5,5,4,3,3,2,4,2,4,3,3,2,5,2,4,4,3,4,3,106
4,4,3,4,3,2,3,4,2,4,4,5,5,4,2,4,4,6,5,5,1078
1,3,2,3,1,5,4,5,2,1,2,2,1,2,4,4,3,2,4,2,1534
4,4,3,4,2,4,5,4,2,2,2,2,4,3,4,2,3,2,5,1,534
4,6,5,5,1,3,3,2,2,4,3,2,1,6,5,4,5,3,4,2,472
2,3,2,4,4,4,4,4,2,2,4,3,3,2,1,2,5,5,4,1,1638
4,2,3,4,5,6,2,3,4,5,3,3,2,3,2,5,5,5,4,5,740
2,2,5,5,2,6,1,4,3,3,5,4,3,3,3,3,4,4,4,2,879
5,1,4,2,4,2,2,4,1,4,1,4,3,6,2,1,5,2,4,3,1700
3,2,5,5,5,1,3,3,3,5,3,4,2,5,4,3,3,3,6,3,1134
2,4,3,2,3,2,1,1,2,2,2,3,2,3,5,2,3,2,6,3,1394
2,4,3,3,3,2,2,4,2,2,4,3,3,3,4,3,3,2,3,2,1779
3,4,4,4,2,6,5,4,3,2,3,3,3,2,4,2,4,3,3,1,1258
3,1,2,3,2,4,3,4,4,4,4,3,2,3,3,4,3,5,4,4,1292
4,4,2,4,4,5,4,2,3,4,4,4,2,5,2,2,5,5,6,5,206
5,3,5,3,3,2,4,3,1,5,6,3,4,2,2,3,4,1,6,3,379
2,3,2,3,5,5,1,5,2,4,6,4,5,5,3,5,6,3,5,1,361
5,5,5,5,4,3,3,3,5,3,4,3,4,3,1,3,4,5,4,5,824
2,6,6,5,2,5,3,3,3,2,2,4,2,6,3,4,6,2,3,2,1598
4,5,5,4,4,2,4,2,5,4,3,3,2,5,4,3,6,6,5,2,727
4,5,3,5,2,4,5,5,2,6,4,3,2,2,2,3,5,4,4,1,1136
2,2,5,4,4,2,5,4,5,4,1,3,3,4,5,2,5,4,6,5,781
2,5,1,3,2,1,3,5,3,6,2,3,5,4,4,3,6,3,5,3,1321
2,2,3,2,4,2,3,1,1,2,2,4,3,2,5,3,5,5,3,2,29
4,4,2,3,3,3,2,5,4,5,4,3,2,5,3,4,4,5,4,1,459
5,2,2,3,2,2,2,1,2,1,5,3,2,2,3,1,5,1,5,3,709
5,3,4,4,3,4,3,4,4,4,3,5,1,3,3,5,4,4,6,4,1488
4,5,4,3,3,6,2,3,4,5,2,3,1,4,3,2,5,2,4,4,1178
1,3,1,3,2,5,3,5,5,3,4,2,2,3,1,3,6,1,4,2,1252
1,2,2,5,4,4,3,4,2,2,6,5,4,6,1,4,5,3,4,1,1916
3,3,3,2,1,6,3,5,1,1,5,4,1,4,3,4,3,5,5,4,1873
2,3,3,5,3,3,2,1,4,3,4,3,2,6,4,2,4,3,5,2,143
4,6,3,4,4,5,2,3,4,1,2,2,2,5,2,2,3,3,5,5,1161
3,4,3,4,3,3,3,4,2,1,1,5,1,5,4,4,4,2,6,2,861
3,6,1,3,4,2,3,1,1,4,1,4,2,5,3,3,5,3,4,2,1535
3,6,2,4,4,3,3,3,4,2,3,2,3,4,5,4,5,5,4,4,689
2,4,5,2,3,5,4,4,5,6,5,5,2,3,4,3,3,6,3,1,145
2,5,5,4,4,4,2,4,4,2,2,2,2,5,4,4,6,5,3,4,1523
3,1,4,5,2,3,1,4,3,5,5,5,5,4,4,2,3,5,3,3,1836
4,5,1,2,3,5,2,1,4,5,2,3,3,5,3,3,6,4,4,2,618
2,5,3,4,1,5,2,4,3,1,2,5,3,4,5,2,6,4,4,4,1294
1,2,6,4,2,3,4,2,2,5,3,4,4,4,2,4,5,4,5,1,1234
4,1,3,4,3,2,2,5,1,1,3,3,2,5,2,4,4,4,5,5,1968
5,4,5,4,4,3,2,4,4,3,5,4,4,5,1,5,5,3,6,3,1589
4,2,2,3,4,5,3,3,2,6,6,4,1,6,2,4,4,3,6,1,40
3,2,5,4,5,1,4,4,5,4,5,5,1,4,5,3,3,5,4,4,1098
2,3,4,2,3,3,5,3,3,4,4,5,2,5,2,1,5,6,4,1,288
4,4,4,5,4,6,4,4,4,1,5,3,4,3,5,5,4,5,4,4,16
4,2,5,4,3,2,3,4,3,3,3,4,2,4,4,2,3,6,4,4,1443
2,2,1,4,4,5,4,3,3,3,6,5,4,3,1,3,4,5,6,3,1899
2,4,2,3,2,5,3,3,2,1,3,3,3,5,2,2,5,5,5,3,1419
2,4,2,3,2,6,5,3,3,4,2,2,3,6,3,5,6,3,3,4,511
3,5,3,2,5,2,4,2,5,4,5,5,4,5,1,3,6,5,3,5,1229
2,2,5,5,4,2,2,4,2,4,2,3,5,3,3,4,4,4,5,3,19
5,4,1,2,3,5,2,5,2,3,5,4,1,2,3,1,5,2,5,4,1061
5,6,2,4,4,4,4,3,2,1,4,4,3,6,3,2,5,2,5,5,1512
4,6,2,5,2,2,2,3,1,2,3,3,4,5,5,2,5,5,3,4,1109
4,2,5,3,3,5,3,1,3,6,6,4,3,6,4,2,6,1,5,2,1775
3,3,5,4,4,5,4,2,2,5,2,2,4,5,5,5,5,5,4,4,1870
1,4,4,4,2,3,4,2,3,5,2,5,3,4,4,5,6,5,5,4,1276
4,3,2,3,4,4,4,2,3,4,4,5,3,3,4,3,5,5,5,3,1612
4,2,1,4,3,3,2,3,3,4,5,3,4,4,2,1,6,4,6,3,105
2,3,2,3,3,4,4,1,5,2,4,4,1,4,1,4,4,2,6,4,1624
4,4,3,4,3,5,2,5,1,4,4,3,2,3,4,3,4,2,5,4,1750
5,2,6,4,1,2,1,4,4,5,5,5,5,4,4,1,5,4,6,1,545
4,5,2,4,3,4,2,1,1,5,3,2,3,5,2,4,4,4,5,2,1090
2,2,5,3,5,1,2,1,4,5,3,3,3,4,4,2,4,3,5,3,214
3,3,6,5,3,3,4,3,4,4,6,4,1,3,1,1,4,1,5,1,1693
2,4,4,3,2,3,3,1,4,2,4,4,2,6,1,4,4,5,5,4,1320
1,5,3,4,4,3,4,5,1,2,2,5,2,2,4,3,5,6,4,4,1529
2,2,3,3,5,2,2,2,2,4,4,5,1,6,1,5,5,5,4,2,717
2,2,3,5,3,4,1,1,2,2,2,3,2,2,2,2,4,2,6,5,475
2,2,4,3,2,3,4,2,4,2,2,4,5,4,4,1,4,5,3,5,397
3,3,5,3,3,1,4,2,3,6,2,3,4,6,3,4,3,4,6,3,616
4,4,4,3,1,3,3,1,2,3,4,4,2,3,2,4,5,2,4,3,264
3,6,4,2,4,2,2,2,1,6,2,4,5,2,5,2,6,2,3,5,1176
4,5,5,5,2,3,2,4,1,5,2,3,4,4,2,3,4,3,5,3,1809
2,5,5,2,4,4,4,2,3,5,4,5,4,4,4,4,5,4,4,2,1357
5,1,5,5,2,4,4,3,2,4,2,3,2,3,3,1,5,2,5,2,174
4,3,3,2,2,5,2,2,2,2,4,2,2,3,4,4,4,3,3,1,444
4,2,6,3,2,3,3,1,1,6,5,3,4,4,3,3,4,3,4,2,1604
2,3,5,2,4,4,2,4,1,6,2,4,5,3,2,1,5,3,3,2,869
3,5,3,3,1,3,2,1,2,4,3,3,4,5,4,3,6,2,6,4,183
2,5,6,5,2,3,5,2,4,2,5,4,2,4,4,2,3,5,5,4,1598
1,4,6,4,5,5,3,4,3,4,5,4,4,5,4,3,6,2,5,3,1283
4,3,3,3,2,2,4,4,3,5,3,3,2,5,3,5,6,6,6,3,1204
2,3,3,4,1,2,5,3,2,4,2,5,2,2,4,3,5,3,4,2,819
5,4,5,2,4,2,2,5,4,4,2,4,4,3,3,3,3,5,4,2,63
2,4,3,5,1,3,1,4,2,5,2,4,2,4,3,3,6,5,4,5,1636
2,4,3,2,2,5,1,2,4,6,2,3,1,6,2,3,4,4,5,4,934
2,2,4,3,1,5,1,2,3,5,3,5,2,5,1,3,5,2,6,5,811
2,5,2,3,4,1,2,1,2,4,5,4,5,5,3,1,4,2,4,2,159
2,3,2,4,4,4,1,4,2,5,1,2,4,5,4,3,6,3,5,5,1483
2,6,3,2,3,5,1,3,3,6,1,4,3,5,4,4,5,4,5,2,403
2,3,3,3,3,4,4,4,4,6,6,3,3,5,1,4,3,4,3,5,131
4,3,2,3,2,3,4,3,4,3,5,4,2,5,5,3,4,4,4,3,1147
2,4,2,5,4,1,2,5,3,2,2,5,1,5,2,3,3,2,4,4,1250
2,3,6,5,5,2,2,2,5,5,3,2,5,3,3,1,3,4,5,3,1674
5,2,2,5,4,5,2,5,2,5,3,4,4,5,3,3,4,4,4,3,1871
5,3,4,3,3,2,2,4,4,1,1,3,2,6,2,3,3,5,4,3,1145
4,5,5,3,2,4,4,4,3,3,3,3,2,3,4,2,3,4,5,5,1052
3,3,6,4,4,2,4,4,2,3,4,4,4,5,2,4,4,3,4,4,1881
3,6,6,5,2,1,3,2,3,4,2,4,3,4,2,2,4,5,6,2,1016
1,4,3,4,3,6,2,1,2,2,6,2,3,3,4,1,5,1,5,4,1092
2,2,3,4,3,3,2,3,4,1,1,3,3,3,2,1,4,3,5,1,615
4,1,5,4,4,3,4,2,2,2,2,2,4,6,3,3,5,5,4,3,642
2,3,3,3,4,2,3,4,2,4,3,5,2,3,4,4,4,3,6,5,920
1,3,3,5,3,3,1,4,5,2,6,5,5,5,5,2,6,5,5,2,655
2,2,2,4,2,3,4,4,5,2,5,3,3,5,2,4,5,3,6,4,142
4,2,3,3,3,5,4,3,2,3,5,2,1,4,3,4,5,1,5,4,1569
3,2,4,3,4,2,3,5,4,3,6,4,3,2,5,3,3,6,5,1,275
3,4,4,3,2,4,4,5,3,4,1,4,5,2,2,5,6,3,4,2,1628
2,3,4,4,2,4,2,3,2,6,4,3,4,4,4,4,4,5,3,1,1916
1,2,2,3,2,1,3,4,3,3,2,4,1,2,2,1,5,3,6,2,1144
4,3,3,4,4,6,4,1,4,6,2,3,3,4,5,2,3,6,6,2,57
5,4,3,4,2,2,2,4,3,5,2,2,5,4,4,3,6,3,6,1,539
4,5,4,3,5,4,3,2,4,3,5,4,2,2,4,4,3,3,4,5,545
5,4,2,2,4,5,4,1,3,1,2,3,3,3,3,2,5,3,5,2,1461
2,4,4,4,4,2,1,5,5,2,3,5,2,3,2,4,5,5,6,5,397
2,3,3,4,4,3,2,3,1,2,5,3,1,3,5,3,6,5,5,3,168
1,6,5,4,4,2,4,4,3,4,5,4,3,3,3,2,5,6,6,5,678
4,4,1,5,4,4,3,2,2,5,4,2,4,5,4,2,5,5,3,2,817
3,2,2,4,3,4,5,4,2,2,2,4,4,4,2,1,6,4,5,2,962
3,5,2,2,2,5,2,4,2,5,4,3,4,6,2,3,5,3,6,1,1861
4,1,5,3,1,4,4,3,3,2,5,2,4,3,2,3,6,2,3,3,679
1,5,2,4,5,2,4,4,3,5,3,5,5,5,4,5,3,6,4,3,1009
4,3,3,3,3,5,3,5,3,2,2,5,4,6,1,3,6,3,5,4,39
2,5,3,4,5,5,5,2,1,2,1,4,4,6,3,4,6,6,6,5,899
4,5,1,3,1,5,3,2,4,5,3,5,2,4,2,5,4,3,5,2,7
4,4,3,5,5,6,4,2,3,3,2,5,5,2,5,2,3,6,6,4,1589
2,4,4,4,4,2,4,1,4,2,1,5,3,4,5,5,6,4,3,4,1885
5,4,2,4,3,2,5,3,1,4,3,3,3,4,3,4,5,5,4,2,123
4,5,4,3,5,2,2,4,4,2,4,2,3,3,2,2,5,1,5,3,396
3,5,4,3,4,1,2,4,4,1,6,3,2,5,2,3,5,4,6,2,1850
3,5,3,3,3,5,3,4,2,6,5,3,4,4,4,1,4,1,5,5,173
3,4,4,4,3,5,5,5,3,3,5,5,4,3,4,5,4,2,3,4,1023
4,3,2,3,4,3,2,4,2,4,5,3,3,4,1,3,6,5,6,2,1138
3,5,1,3,1,5,1,2,4,3,1,4,4,3,1,4,5,5,4,2,476
1,4,4,4,1,3,2,5,3,1,2,5,2,4,3,2,3,2,6,3,784
5,5,4,4,3,2,1,4,5,6,2,3,3,2,3,4,5,3,3,4,827
1,6,4,3,3,2,5,2,2,3,1,2,5,3,1,5,3,5,4,4,482
3,3,3,3,4,2,4,4,2,3,6,3,4,2,5,5,3,4,5,3,1168
2,2,3,2,1,6,4,2,1,5,2,3,5,3,3,2,5,3,4,3,1387
1,6,5,4,4,2,3,4,3,4,1,4,4,5,1,1,6,1,5,5,1247
4,2,4,2,4,6,4,4,2,5,3,3,3,4,1,3,6,5,3,2,584
4,4,4,2,2,6,2,5,3,5,2,4,4,4,2,1,3,3,5,4,549
1,3,2,5,4,2,5,4,2,1,1,3,2,4,2,3,4,6,4,3,1351
4,6,5,3,3,1,2,2,3,5,5,3,4,5,3,2,5,4,5,3,1504
4,1,4,3,2,2,4,1,3,2,5,5,4,3,2,4,4,1,3,5,1891
4,4,1,3,4,2,3,5,2,3,4,3,3,6,3,2,3,4,5,1,729
5,6,2,4,5,3,4,4,2,4,1,3,4,3,5,5,4,4,4,1,326
5,2,3,4,5,3,3,2,4,4,2,4,4,5,4,2,3,1,6,2,1033
5,1,2,4,2,3,4,2,4,2,3,4,3,2,4,3,6,5,4,2,1345
3,2,4,5,3,3,2,2,3,3,5,4,4,6,4,5,5,3,5,4,1475
4,1,3,4,1,3,3,3,2,5,2,3,5,3,5,2,4,4,4,2,186
2,4,5,3,2,3,1,4,4,3,5,4,2,3,2,4,3,2,6,4,46
5,5,4,2,2,6,3,4,2,4,2,4,1,3,3,1,5,5,4,1,1748
4,5,6,3,4,1,2,1,4,2,3,4,2,5,4,5,4,5,4,2,91
5,2,4,3,2,2,3,3,2,2,1,4,1,6,5,3,6,2,4,4,999
3,4,5,2,1,6,4,2,5,2,5,2,2,5,1,4,6,3,6,4,1175
3,3,4,5,2,4,4,3,3,3,2,3,4,2,4,2,5,2,6,2,1266
1,3,3,2,3,5,5,3,2,1,5,4,4,5,5,5,6,3,4,2,1227
4,2,2,4,2,4,5,2,3,6,5,3,1,2,4,2,5,1,4,3,453
1,6,5,3,3,5,5,3,4,1,5,5,3,3,2,4,5,5,6,3,1970
5,3,1,2,4,4,4,3,2,1,5,4,4,2,5,4,6,4,5,3,870
5,6,2,5,3,1,3,5,4,6,3,4,2,2,1,3,3,3,5,2,1162
1,3,3,4,3,2,3,5,2,5,4,5,5,3,4,2,3,5,5,5,393
5,4,5,3,2,2,2,4,4,2,3,3,4,3,2,2,5,4,4,1,1253
5,3,4,2,4,5,4,3,4,5,5,3,2,3,5,1,4,6,6,3,125
5,3,4,3,3,2,2,3,3,5,1,3,4,3,2,2,4,1,3,4,1034
3,1,2,3,4,1,2,1,3,2,2,4,1,3,3,4,4,6,3,2,1587
4,5,2,3,2,6,1,2,2,2,5,2,3,4,3,3,4,5,5,3,480
3,4,2,3,1,4,3,5,2,2,6,4,3,2,4,4,4,3,4,2,312
3,3,3,3,3,4,4,3,3,5,4,2,3,4,1,2,6,5,3,3,1656
3,2,5,4,1,6,2,4,4,3,2,4,4,4,4,4,5,3,3,5,1847
3,3,3,3,1,4,4,4,4,6,4,2,4,3,5,1,3,5,5,5,766
1,1,2,4,3,3,4,3,3,2,2,3,3,2,2,4,6,4,5,2,720
1,2,4,4,1,4,3,2,3,6,2,3,1,3,5,4,4,3,6,4,85
3,2,3,2,4,5,5,3,3,1,4,2,2,3,2,3,5,1,4,2,951
5,4,3,4,4,2,1,5,4,5,3,3,4,3,3,4,6,5,4,2,1272
2,3,2,2,4,2,2,1,2,5,4,3,3,3,3,2,5,2,6,2,1611
4,5,4,4,2,2,2,3,4,5,5,2,4,3,3,3,6,6,5,4,105
4,2,2,2,5,4,1,3,2,3,2,5,5,2,1,4,3,1,6,3,1253
3,2,2,4,1,3,4,4,2,5,4,5,3,5,2,4,6,2,3,1,506
2,3,4,3,4,3,3,4,2,5,2,2,2,3,4,5,5,4,6,2,1995
3,5,1,4,4,5,2,4,1,2,3,3,3,2,4,2,4,6,4,5,1874
5,5,5,3,4,4,2,1,4,5,3,5,3,4,4,3,5,6,6,1,1124
2,3,3,2,4,1,4,3,4,2,4,4,2,6,2,2,5,4,4,3,440
3,1,4,4,3,1,4,3,5,4,6,5,2,4,4,3,6,4,5,5,1620
1,4,6,3,3,3,2,1,2,3,5,4,3,2,2,4,4,1,6,4,1611
3,4,3,4,2,3,3,2,2,5,2,4,3,4,5,1,6,2,5,2,156
2,2,2,3,1,5,4,2,5,3,2,3,4,5,5,3,3,5,4,2,142
2,2,2,4,4,2,1,3,1,6,4,2,4,4,5,1,5,5,3,3,1918
4,4,4,4,1,2,3,5,2,5,1,5,1,5,5,4,4,2,3,3,1378
2,6,3,3,1,3,2,1,4,5,2,4,2,3,3,2,6,4,3,2,1625
5,3,6,5,2,4,3,4,1,4,4,4,4,5,4,3,4,4,5,4,1616
2,2,4,3,3,5,3,2,3,4,4,3,2,4,4,2,3,2,4,2,1856
4,1,1,5,4,6,2,1,5,4,6,3,2,4,3,3,3,5,6,2,96
2,1,4,3,4,6,1,3,3,1,6,4,2,4,1,2,5,6,6,2,268
3,2,4,5,4,3,4,3,2,4,4,5,2,4,4,4,5,6,5,2,1626
1,4,1,5,3,4,5,3,3,5,2,4,4,5,2,2,4,5,5,3,722
3,6,5,4,4,4,1,2,2,2,3,3,4,3,4,1,5,4,4,2,1623
2,1,2,3,2,2,1,4,5,4,3,3,2,2,2,5,5,6,3,5,565
3,2,4,5,3,5,2,3,2,3,2,5,4,3,4,5,3,4,4,2,1680
4,6,6,3,3,3,2,3,4,4,3,5,1,6,4,3,4,5,6,2,279
2,1,4,3,3,2,3,4,3,3,1,3,3,4,2,3,4,2,5,5,25
5,3,5,4,5,5,2,1,5,2,5,4,3,4,3,2,4,4,5,2,457
3,1,5,4,1,4,1,5,4,4,5,4,4,3,2,3,5,2,5,1,425
3,4,4,3,4,3,4,1,2,2,2,5,2,4,1,4,6,6,4,5,1380
3,5,6,4,5,2,4,2,2,5,1,2,3,4,3,2,6,3,3,2,416
1,6,5,2,1,3,4,4,2,4,2,4,3,6,3,2,5,2,5,5,1441
2,2,3,3,1,5,1,3,2,3,2,5,4,3,1,3,6,2,6,5,1408
2,5,4,2,5,1,4,1,3,2,1,5,5,6,3,3,4,5,6,1,1452
4,4,6,3,2,2,3,4,2,3,4,3,5,2,3,4,3,1,4,4,408
4,4,6,4,2,5,4,2,4,6,4,3,2,5,3,2,3,1,4,5,498
3,6,4,4,3,5,3,3,3,4,1,3,4,5,4,1,6,2,4,2,802
3,4,2,2,4,4,3,3,2,3,3,2,2,5,2,3,6,1,5,4,1418
5,3,5,4,2,4,5,4,2,6,5,3,1,6,3,4,4,2,4,3,1937
2,5,3,2,3,2,1,3,5,1,5,5,3,5,4,2,4,4,5,4,742
2,3,2,3,1,5,1,2,2,2,5,3,2,3,2,2,5,1,3,3,744
5,3,1,3,5,4,2,2,2,3,2,2,1,3,1,4,5,1,4,4,1658
4,6,2,3,5,3,3,2,4,5,1,2,4,3,2,3,3,1,4,4,1444
2,1,5,4,2,2,2,1,4,5,3,4,3,6,1,3,4,5,3,2,616
3,1,3,5,3,6,5,5,5,3,1,4,4,4,5,1,6,5,4,5,515
3,4,5,5,5,1,2,5,3,5,6,4,2,6,3,3,5,3,4,3,1310
2,6,1,4,3,2,2,5,4,3,2,3,2,3,4,2,5,6,5,1,594
3,3,6,5,4,3,5,2,3,2,6,4,1,5,2,3,4,2,6,1,1492
4,2,1,4,3,3,4,1,3,1,3,5,1,2,2,1,4,1,6,3,343
2,1,4,3,1,6,3,4,2,1,5,2,3,5,5,1,6,2,3,5,1104
2,3,3,3,3,6,3,1,4,4,1,5,1,4,4,4,6,1,4,2,484
3,1,2,2,3,6,2,3,1,4,5,5,4,6,4,3,5,2,4,5,1091
3,4,5,3,1,2,2,4,3,5,3,4,4,5,2,1,6,5,6,5,1645
3,2,4,5,3,6,4,3,4,5,1,4,3,4,2,3,5,3,3,2,22
5,2,4,5,2,5,4,3,5,2,2,3,3,4,1,3,3,1,4,3,1298
1,3,3,2,1,6,4,1,4,3,2,5,5,4,2,4,6,1,4,4,1575
2,2,3,4,5,3,3,4,2,6,2,3,2,4,3,2,4,4,4,3,1517
5,6,4,4,2,2,4,2,3,2,5,3,3,4,5,2,4,5,4,3,373
4,2,2,5,4,5,2,5,4,5,2,2,5,4,1,5,3,4,6,5,749
4,2,4,2,3,4,3,2,2,4,3,2,1,4,2,2,6,4,3,4,397
4,1,5,2,4,4,3,1,2,1,3,5,1,5,3,3,6,3,6,1,424
1,3,1,4,5,2,2,2,3,2,4,5,1,4,5,4,4,5,5,1,1115
2,5,3,4,2,1,5,3,3,5,3,3,5,5,2,3,6,3,4,3,1112
4,3,2,3,5,3,1,2,2,5,2,4,3,6,2,2,4,5,4,2,1080
4,2,5,2,1,4,2,3,1,1,4,4,3,5,1,2,6,3,6,3,1883
3,4,2,4,2,2,4,3,2,5,6,4,2,4,4,4,5,3,4,2,1687
2,3,2,2,5,4,1,2,2,3,2,4,2,6,3,4,5,1,3,1,1636
4,5,6,2,4,1,4,2,4,2,5,5,1,5,3,1,6,3,5,2,1727
1,4,3,4,4,5,1,3,1,3,4,4,3,4,5,2,6,5,5,1,1931
1,3,4,3,5,4,1,1,5,2,6,4,2,5,3,3,6,3,5,1,1715
5,4,2,3,3,3,4,5,1,6,5,4,1,6,5,5,4,4,3,5,1673
1,2,1,2,5,4,2,3,3,1,4,4,3,5,2,1,4,4,4,3,362
3,1,4,4,5,3,3,5,2,5,4,4,2,5,2,3,4,2,6,3,371
5,3,6,4,4,3,2,4,4,4,3,4,4,2,2,2,3,5,4,5,1188
2,5,3,5,4,3,1,1,4,5,2,5,4,3,5,2,5,2,6,3,1580
5,5,1,5,2,2,5,3,2,2,5,3,2,4,3,5,4,3,6,4,1082
4,5,5,3,4,6,3,2,3,6,5,4,2,5,3,2,4,6,6,4,217
4,6,4,3,3,3,3,4,4,2,5,2,3,6,1,5,5,2,4,1,74
5,6,2,2,3,3,2,3,2,3,4,2,2,3,5,4,4,5,4,3,1470
1,1,4,5,3,5,2,2,2,3,4,3,4,5,1,3,5,5,4,3,613
2,5,1,4,3,3,5,5,2,1,4,3,1,3,4,3,5,4,4,2,1540
1,3,1,4,5,6,1,2,4,2,6,5,5,3,2,3,5,5,5,2,1608
4,3,6,4,3,2,4,2,4,2,4,4,1,3,5,1,6,5,5,4,1034
4,3,2,5,1,3,3,1,3,4,5,4,2,5,3,2,4,3,5,4,22
3,5,4,4,2,4,2,1,3,2,2,5,2,5,2,4,4,2,3,1,1091
5,5,5,3,3,6,2,4,4,3,2,3,2,2,2,3,6,5,5,4,738
3,4,5,3,4,6,4,5,1,4,1,5,3,4,5,3,3,5,5,5,1720
4,2,5,2,2,2,4,2,2,3,3,4,1,3,2,5,5,4,5,2,1559
3,4,3,3,3,3,5,2,4,3,3,3,1,6,1,3,4,3,5,2,1334
4,1,1,4,2,5,2,1,4,1,2,5,3,2,2,4,4,2,4,4,448
2,4,6,4,4,3,2,4,3,5,2,4,5,3,4,3,5,2,5,5,1376
3,2,5,5,2,3,4,5,4,1,4,3,2,6,2,4,4,3,5,2,1350
4,4,3,3,3,2,5,4,4,4,5,5,2,6,1,4,3,5,5,5,260
5,3,3,2,3,6,2,3,3,3,3,3,3,4,2,1,5,2,4,3,543
3,3,5,4,4,2,3,4,2,2,2,3,2,3,4,3,3,3,5,2,1528
2,5,6,3,1,1,5,2,5,4,1,2,1,5,4,5,4,1,5,5,186
2,2,2,4,2,5,1,4,5,3,6,3,2,4,2,2,4,1,5,1,74
3,5,4,4,1,3,3,2,1,4,4,2,2,2,5,2,3,4,5,4,1063
3,2,2,5,1,2,1,4,3,5,3,5,3,4,3,2,4,3,4,5,1819
3,4,1,4,4,4,2,2,2,2,5,3,4,3,5,1,5,5,6,3,741
2,2,2,4,3,5,4,2,5,3,4,3,3,4,1,5,3,1,6,2,265
4,3,2,3,5,5,4,2,2,3,3,3,4,5,4,2,3,6,4,5,1232
4,3,5,3,1,5,2,4,1,4,4,3,4,5,3,4,4,3,5,4,1200
5,2,5,2,2,2,2,4,3,3,2,2,1,5,4,3,3,2,6,1,986
2,6,4,4,5,3,4,4,5,1,4,4,5,5,3,3,3,3,5,2,1803
2,1,6,3,2,6,5,4,2,2,4,5,5,2,3,3,4,3,3,5,1556
3,3,3,4,2,2,4,5,2,6,4,4,3,5,2,3,3,4,6,3,579
2,6,5,5,4,6,4,4,4,5,4,3,2,2,2,2,4,4,4,2,997
5,1,3,3,4,4,3,2,4,5,1,4,4,4,3,2,6,4,4,4,1439
5,5,3,3,4,2,3,4,2,4,1,4,2,3,2,3,3,5,4,4,1911
3,3,4,4,2,5,1,2,4,4,4,4,2,5,2,2,6,5,6,5,1486
1,2,5,3,2,3,3,4,1,6,1,3,5,3,1,4,4,5,4,1,482
3,5,1,4,3,2,2,5,1,2,1,4,2,2,4,2,6,3,4,1,552
5,2,1,4,3,1,2,2,4,3,2,4,2,6,3,1,6,3,3,1,745
4,5,5,3,2,5,1,1,3,4,5,3,3,3,2,5,3,3,5,4,1279
3,4,5,4,2,2,3,3,2,3,3,4,2,5,2,1,4,6,4,3,1211
3,5,5,5,5,4,4,3,3,3,1,3,2,6,2,4,5,6,6,5,1413
3,2,3,4,4,5,2,1,4,5,2,4,3,5,3,1,3,2,5,2,1323
4,5,4,5,3,5,1,4,3,4,4,3,2,6,4,4,4,4,4,4,1937
5,5,3,5,3,1,3,2,2,2,3,2,3,5,2,1,4,4,4,5,527
5,2,2,2,4,6,5,2,4,2,3,3,4,6,3,5,5,1,5,3,378
1,6,5,4,3,2,2,4,5,3,3,3,2,4,4,2,6,3,5,4,1933
3,3,2,3,1,3,3,4,2,6,6,4,1,3,4,3,4,4,5,3,187
4,4,5,5,4,5,2,3,3,3,5,3,1,3,5,1,4,5,6,2,1073
3,4,4,2,2,6,3,2,2,3,6,3,3,4,3,1,5,5,5,4,1143
3,1,4,4,3,3,2,1,5,5,3,3,2,5,1,4,6,6,6,3,1720
1,4,1,4,4,6,3,2,1,4,2,3,3,4,2,3,3,1,3,3,971
4,5,5,3,1,4,4,2,2,3,4,4,3,3,3,2,5,6,4,3,1661
2,5,6,4,3,5,3,3,5,2,2,4,1,3,3,3,5,3,6,3,1506
4,6,2,3,1,4,5,4,3,5,5,2,1,5,3,4,4,6,4,3,371
2,3,4,3,2,2,2,3,2,2,2,3,1,4,4,2,5,4,5,4,1126
4,4,3,4,3,1,4,4,2,6,6,3,2,4,2,1,4,4,3,3,1625
2,4,2,3,4,5,3,3,2,1,4,4,2,2,4,3,4,4,6,1,1351
3,5,2,5,4,2,4,4,4,5,4,3,2,6,4,3,4,3,6,4,1904
4,4,5,2,4,3,5,3,5,6,3,2,4,4,3,1,4,6,4,3,1267
2,2,6,2,5,5,3,3,1,4,4,2,4,4,2,3,5,4,3,3,919
4,1,3,2,2,2,3,3,3,2,5,4,4,6,3,2,3,6,4,1,1315
4,2,5,2,5,5,3,4,3,5,5,3,3,3,1,2,6,6,6,4,357
3,3,4,5,3,6,4,1,2,5,6,5,2,3,2,4,5,4,6,4,682
4,4,6,4,3,6,2,2,3,3,2,4,5,5,4,3,4,4,4,4,1276
4,5,4,5,4,2,2,3,2,1,5,5,2,2,2,2,4,5,6,2,669
4,4,5,4,2,2,4,3,4,2,3,3,2,4,5,5,6,5,6,3,1790
2,4,3,4,2,2,1,5,3,3,3,5,1,2,4,2,3,4,3,2,1296
3,3,4,5,4,6,2,2,1,4,4,4,3,3,4,2,4,4,4,2,90
4,5,3,3,4,3,5,3,3,1,2,4,3,4,4,3,5,6,5,1,1005
1,6,5,4,3,3,1,2,1,3,2,3,2,4,4,5,6,5,6,4,1862
2,3,5,3,2,6,2,2,2,5,5,4,1,3,3,3,3,2,5,2,1200
3,3,3,3,2,4,5,3,4,2,6,5,4,3,5,2,4,5,6,4,1942
2,4,2,4,3,2,4,5,3,2,4,5,4,6,3,1,4,3,6,3,1720
1,5,4,3,2,2,3,2,4,5,2,3,4,3,5,3,4,4,4,3,1197
3,4,6,3,4,2,4,4,2,3,5,4,1,3,5,4,3,4,4,5,1081
2,1,3,4,1,2,4,5,4,2,2,3,1,3,5,3,5,6,6,4,1135
2,3,2,3,4,6,3,4,1,2,5,2,2,4,1,4,5,3,4,1,1681
3,4,6,4,4,3,5,3,4,3,3,4,2,4,4,2,4,3,3,2,976
2,3,5,5,5,6,2,1,2,4,4,4,3,3,1,2,5,3,5,3,1422
2,3,3,2,4,3,4,5,1,5,2,3,2,3,2,5,6,1,6,2,1608
3,6,3,4,1,3,5,3,4,6,5,2,3,6,3,4,4,1,5,1,334
4,4,4,4,3,3,4,3,4,6,2,2,2,5,2,4,4,5,6,3,294
4,1,3,5,1,2,3,4,4,5,3,2,4,6,4,4,4,2,6,3,9
4,6,3,5,2,6,4,4,4,2,4,5,2,6,2,3,5,3,4,4,526
4,6,6,4,2,4,3,2,3,1,5,3,3,5,2,4,5,2,4,4,1843
5,5,4,4,3,4,3,5,5,3,1,3,1,5,2,1,3,5,5,3,1265
5,4,4,3,2,6,4,1,4,5,3,5,2,6,1,2,5,3,4,4,1379
3,3,3,3,4,5,1,4,4,3,3,5,2,3,5,1,6,5,4,3,1178
1,3,3,5,5,1,3,5,4,4,5,3,3,3,3,5,5,4,5,5,377
2,2,3,4,4,2,5,5,3,2,4,5,4,4,5,4,3,2,6,4,1656
4,2,5,2,5,2,1,3,3,3,4,4,4,5,2,4,3,4,5,2,1939
3,3,2,2,4,5,1,2,2,4,5,5,2,3,3,3,3,2,5,1,1544
4,5,4,4,3,1,1,5,4,6,4,4,4,2,5,5,3,4,4,3,757
1,4,6,3,4,5,4,2,2,3,3,4,4,6,1,1,4,5,3,2,1211
5,5,2,2,4,2,2,3,1,5,4,5,3,3,4,4,6,2,4,5,1163
5,4,6,3,4,5,4,2,2,3,1,5,4,4,3,3,3,5,4,3,1303
4,3,5,4,4,4,5,3,2,3,5,3,2,5,5,3,3,2,3,3,1590
3,1,3,4,4,6,4,1,2,5,2,4,3,5,4,3,5,3,5,3,1893
1,6,4,3,1,2,4,5,2,3,5,4,3,5,5,1,4,4,4,5,4
3,5,6,3,2,2,4,2,3,5,3,5,2,4,2,1,4,5,5,4,1428
2,5,6,4,2,3,5,3,5,3,4,3,5,4,2,5,4,1,3,5,1422
4,1,2,3,4,4,4,2,2,5,3,4,1,4,4,4,6,6,6,2,72
3,1,3,2,2,4,2,5,2,4,1,5,4,5,1,1,5,1,3,5,1496
3,5,2,2,4,3,3,1,2,6,6,3,3,3,2,3,4,4,5,2,19
2,4,1,5,2,6,1,3,3,2,4,3,3,3,3,3,6,2,5,3,182
4,2,3,3,4,5,1,2,2,4,4,4,1,2,2,5,5,4,6,4,37
3,6,2,4,2,4,1,4,1,4,2,4,2,4,2,4,4,1,5,3,573
2,4,2,3,5,2,5,1,5,3,2,5,4,2,3,4,4,2,6,1,17
4,5,3,3,1,6,3,2,1,3,5,4,4,3,4,3,4,4,4,5,570
1,3,5,2,2,2,2,3,3,2,5,3,2,3,2,2,6,5,3,3,106
4,2,5,4,1,2,1,4,2,4,3,4,5,3,2,2,6,2,5,2,1400
2,6,2,3,4,2,5,2,1,6,3,3,4,5,3,3,5,4,5,1,1603
3,3,6,5,2,2,2,3,4,5,6,4,5,4,5,1,5,4,3,2,1713
3,5,5,2,4,5,3,2,3,5,4,4,1,5,3,1,5,2,5,2,503
5,4,4,2,2,4,3,3,3,4,3,5,4,3,5,2,4,4,3,3,192
3,4,5,3,3,4,3,4,2,3,4,4,5,4,2,3,6,3,5,2,507
3,4,4,2,5,2,3,2,4,5,4,5,2,3,5,3,4,1,5,2,1606
5,6,1,3,2,3,4,2,2,2,4,3,4,2,5,2,6,5,5,3,755
1,3,5,4,5,3,2,3,3,3,4,3,3,4,2,1,5,2,5,5,1027
1,5,3,3,2,3,3,3,2,2,2,3,5,5,5,1,4,2,5,4,1210
3,5,3,5,2,1,2,4,2,1,3,3,2,4,4,2,4,3,5,4,190
4,3,1,4,2,4,4,5,2,4,5,2,2,3,5,3,5,1,4,3,1859
3,4,4,2,2,5,4,3,3,6,4,4,2,6,5,4,5,5,4,2,1993
3,5,5,4,3,2,3,3,4,2,5,3,2,4,4,3,5,5,3,5,1109
4,6,5,2,1,5,4,3,4,2,3,5,5,3,2,1,3,4,6,2,454
5,4,4,4,3,5,4,2,1,3,6,3,1,3,3,4,5,4,5,3,1557
2,4,6,3,2,4,4,4,3,1,2,2,1,3,3,2,6,2,4,4,223
2,5,3,5,5,2,1,5,3,6,1,2,3,5,4,3,5,2,6,3,1048
2,1,2,4,5,2,1,1,2,5,5,4,3,5,4,4,5,2,4,5,329
2,2,4,4,2,4,3,3,3,4,4,3,5,5,2,4,5,4,4,4,44
2,5,4,3,5,1,2,2,4,4,2,2,4,5,4,5,4,3,4,4,846
4,1,4,3,1,1,5,3,1,4,4,3,2,2,2,4,4,3,3,1,1477
2,6,3,4,3,6,1,1,3,5,4,2,4,6,5,4,6,2,4,3,967
2,2,5,4,3,6,2,5,2,2,6,3,2,5,4,2,4,4,5,3,1165
5,2,6,3,4,5,2,4,3,4,2,5,3,2,4,2,5,4,4,3,1741
3,1,4,3,3,6,4,3,5,6,4,3,5,4,3,3,3,3,4,2,1542
3,5,4,3,3,2,4,1,4,2,4,3,2,3,4,4,4,6,5,1,809
2,2,3,4,1,3,4,3,4,3,3,5,4,2,2,2,5,2,5,2,886
3,2,4,5,2,3,3,2,4,4,2,5,2,2,2,1,5,4,3,5,211
2,4,1,2,2,5,3,2,2,1,6,3,2,5,3,3,5,5,5,4,145
4,4,3,3,2,2,1,4,4,4,5,3,5,6,5,4,5,5,4,4,1420
4,3,5,3,1,5,2,4,1,3,5,4,4,3,2,1,4,4,3,4,1060
2,3,1,4,3,2,2,3,5,5,4,3,3,4,2,3,5,2,5,4,1714
2,6,5,3,5,4,3,2,1,5,4,4,2,4,4,4,4,1,3,5,1779
3,4,1,3,1,5,2,4,2,4,1,3,3,4,4,3,3,2,5,3,695
4,2,5,4,1,2,1,4,2,2,2,2,4,3,1,4,6,2,4,2,1559
5,2,4,3,5,1,2,3,3,1,5,4,2,4,2,3,4,4,5,2,1808
2,3,6,5,5,2,2,4,3,3,2,2,5,3,4,2,4,5,3,3,392
1,3,4,4,4,3,4,4,4,5,5,5,4,5,2,3,5,5,3,5,1211
3,5,6,3,4,6,1,4,2,3,2,5,5,3,5,4,4,2,4,4,1899
1,2,6,2,2,3,3,4,2,4,3,5,5,5,3,4,6,5,6,2,1949
2,5,4,2,2,1,4,1,2,4,5,2,5,4,5,4,5,2,5,5,888
2,3,4,4,4,1,3,2,3,2,5,3,2,3,4,5,5,4,4,3,885
3,2,2,3,2,4,3,2,2,4,4,4,3,3,3,3,3,4,5,4,1488
5,5,6,4,4,3,3,5,1,2,6,4,5,6,3,5,4,2,6,3,1889
2,5,2,3,5,5,2,2,2,3,5,5,2,4,4,4,4,2,4,4,1363
2,3,3,2,2,4,4,4,4,3,4,5,3,4,3,2,4,4,6,3,1597
5,1,3,3,1,2,3,3,2,5,5,2,2,3,2,1,4,6,4,3,311
4,3,2,4,3,4,4,5,2,4,5,2,4,5,4,3,5,1,6,3,1807
2,5,2,3,4,4,2,5,3,2,5,4,3,6,5,2,4,6,3,3,802
5,2,3,4,1,4,3,2,3,3,3,5,4,2,2,4,4,6,5,3,199
5,6,1,3,5,2,2,2,1,1,5,3,5,6,2,2,5,2,3,3,1000
1,5,3,4,3,2,2,3,4,5,3,5,1,4,1,5,6,4,5,1,385
5,4,1,3,3,1,2,3,3,3,2,2,2,5,4,2,4,1,5,4,1057
4,3,3,3,3,4,4,2,3,5,4,4,2,6,2,4,5,5,6,4,108
3,5,6,3,2,3,4,2,5,6,3,4,2,2,3,4,5,4,4,2,1162
3,4,5,4,1,5,3,4,3,4,4,5,5,3,2,2,6,3,4,3,1081
3,4,2,2,5,5,3,3,5,1,2,3,2,4,4,5,4,5,4,5,579
3,5,1,5,2,2,4,4,4,6,4,3,4,5,4,3,3,5,4,2,1041
1,1,5,3,3,1,1,5,3,3,2,2,5,4,3,4,4,4,4,2,1516
3,1,6,4,4,3,1,2,3,6,2,4,4,6,2,3,3,6,4,4,1243
4,1,4,2,3,4,2,2,2,2,6,4,1,4,3,4,3,6,5,3,1838
4,1,2,3,4,2,2,5,2,2,5,4,3,4,2,4,4,5,4,3,1264
2,4,5,3,4,4,3,5,5,6,2,2,1,4,3,5,6,3,3,4,896
1,6,5,3,5,3,3,4,5,6,3,2,2,4,3,3,4,5,6,1,1735
1,5,3,2,4,4,3,2,1,3,4,3,3,4,1,1,4,2,4,4,1329
5,2,3,2,2,4,4,1,3,5,6,5,4,4,3,2,6,3,4,4,1650
3,1,1,2,3,6,2,3,2,4,1,2,1,4,1,2,5,5,5,2,1179
2,3,5,3,2,5,4,3,3,4,3,5,4,5,5,4,4,5,6,4,842
1,2,5,5,4,2,4,3,2,5,5,3,3,5,2,3,5,2,3,2,218
3,3,5,3,2,6,1,1,2,2,6,5,3,2,2,3,6,2,3,1,665
4,3,5,4,4,1,4,3,2,5,4,4,4,4,4,4,5,2,6,4,1752
2,3,4,5,5,1,4,2,2,4,4,3,3,2,3,4,4,2,3,3,10
1,5,4,5,3,6,3,2,2,4,1,3,5,5,3,4,5,5,5,4,1156
2,3,5,2,1,3,2,3,2,4,4,4,5,5,5,1,3,5,5,5,1380
2,4,6,2,2,6,3,5,2,6,1,3,3,5,1,5,6,5,4,2,521
5,3,4,4,2,2,2,3,4,4,2,3,4,4,3,4,6,1,5,2,1645
5,4,6,4,3,1,3,4,5,5,3,5,4,5,4,3,5,5,5,4,1408
2,5,2,2,3,5,5,3,1,3,3,4,3,3,1,2,6,1,4,3,575
3,3,5,3,1,6,3,3,3,5,5,3,3,4,5,3,5,3,3,4,1925
3,5,3,5,2,3,2,1,4,3,4,5,3,2,2,1,3,6,3,4,565
2,4,5,3,5,5,5,2,2,4,3,4,3,5,3,5,3,2,4,2,1958
5,5,5,4,3,3,1,4,3,3,6,3,4,3,4,2,6,3,4,4,926
3,3,6,3,3,3,5,3,2,5,3,4,4,5,2,4,3,1,5,1,790
5,4,2,5,3,4,1,3,2,3,2,2,3,3,3,4,4,1,6,2,1350
5,1,4,4,3,3,2,2,2,4,6,2,2,4,3,1,3,3,4,4,1294
2,5,5,2,5,4,4,2,2,2,3,3,3,5,1,4,4,6,4,3,335
3,5,1,3,4,3,2,3,3,6,1,3,3,4,3,2,4,3,5,3,26
1,2,2,2,4,2,3,4,4,6,3,2,3,6,3,2,4,6,6,5,1188
5,3,6,3,3,2,4,2,4,2,2,4,5,4,1,3,4,3,6,4,1793
3,5,6,4,2,6,1,1,2,4,6,5,1,4,4,3,5,4,3,4,526
5,5,4,4,3,4,5,2,3,5,4,2,1,6,4,2,4,2,6,4,1427
1,4,6,3,5,2,3,1,4,6,2,5,2,3,1,4,5,4,6,5,1106
5,1,1,5,4,2,2,3,1,4,2,4,4,5,4,1,4,1,5,2,755
2,4,3,2,4,2,3,2,4,5,5,3,1,3,4,5,6,2,5,2,447
5,2,5,2,2,2,3,4,3,6,3,3,2,3,2,4,5,6,4,2,305
5,5,5,2,5,2,4,3,4,5,4,5,3,3,4,3,3,6,5,2,965
1,5,4,3,3,4,4,1,5,1,1,4,2,2,2,5,5,3,4,5,1722
2,3,3,2,2,2,3,3,5,5,4,3,4,5,2,3,6,6,5,4,681
3,2,2,4,2,2,4,3,2,1,3,4,1,3,1,5,5,5,6,1,501
4,3,4,4,2,4,2,5,3,4,5,2,3,3,2,5,5,4,3,2,1313
1,5,2,2,3,3,3,3,3,1,4,5,1,2,4,5,5,3,4,5,1494
2,5,2,5,5,6,3,3,4,2,5,2,2,3,5,1,5,3,3,2,1186
2,6,5,4,2,6,2,3,2,5,2,4,2,5,2,2,3,3,6,1,1317
2,5,1,2,4,5,1,4,3,2,2,3,2,2,2,2,5,1,3,1,1023
3,5,6,3,5,5,5,2,2,1,2,3,4,6,4,2,5,3,3,5,52
2,3,3,2,3,6,4,1,2,4,2,4,4,3,4,2,4,6,6,3,766
2,2,4,3,3,2,2,2,3,2,2,2,3,5,4,2,6,2,5,4,1138
2,2,3,4,4,3,2,5,2,3,3,4,5,5,3,2,6,4,5,4,1255
2,4,3,4,2,1,5,5,5,5,2,3,4,3,3,3,4,5,4,2,1754
2,4,2,5,4,2,1,4,2,6,2,5,2,5,4,1,3,5,6,2,364
2,5,4,4,3,3,1,3,5,3,4,5,4,5,1,5,3,5,5,3,892
5,3,5,4,4,2,3,2,3,5,6,3,4,5,5,5,5,2,4,1,624
3,5,1,4,5,3,1,1,2,2,2,4,3,3,3,1,3,6,5,2,1322
2,2,2,3,4,6,4,2,3,5,1,3,2,5,1,3,6,2,6,3,398
1,2,3,4,1,5,4,2,3,4,5,5,3,4,1,2,4,5,3,5,257
2,3,4,4,1,1,4,3,3,4,5,2,3,3,3,3,4,4,4,2,1419
2,2,4,4,5,2,1,4,5,4,2,4,2,5,3,3,3,5,3,5,1363
3,6,1,5,3,2,1,4,4,5,5,4,4,5,3,4,5,6,4,2,1930
3,4,5,5,2,3,4,3,3,4,5,3,1,5,1,2,4,3,4,1,730
3,3,4,5,1,2,1,4,2,2,5,4,5,6,1,2,5,2,3,4,1876
3,4,1,3,4,1,5,2,2,1,6,4,2,4,3,2,4,4,3,1,1807
4,4,5,3,4,6,2,2,4,1,2,3,3,5,4,4,6,6,3,1,1468
5,6,4,4,3,4,4,3,3,4,2,4,5,5,4,1,5,5,3,2,239
1,6,4,5,3,3,2,1,3,4,5,3,1,5,3,1,5,2,5,4,1608
3,4,4,4,3,4,2,5,2,1,6,3,1,5,3,4,5,4,4,4,585
3,4,1,5,1,4,5,2,4,2,6,2,5,6,4,3,5,4,4,2,26
2,2,1,2,2,1,5,4,5,6,5,5,2,6,2,2,5,3,5,2,1848
2,3,4,2,5,4,5,4,3,5,5,3,4,4,3,4,6,2,3,5,1863
5,4,2,4,3,4,4,2,2,2,4,2,4,2,2,3,5,3,5,4,897
2,6,5,2,2,2,2,4,5,4,5,4,3,3,5,5,5,3,3,5,1138
1,1,3,3,3,3,3,3,4,2,3,4,2,4,2,3,3,4,5,1,453
2,5,5,5,4,6,2,2,3,3,3,4,2,6,3,3,3,4,4,3,873
4,4,5,4,2,1,3,4,2,3,2,3,5,4,1,2,5,2,4,1,705
3,4,5,4,2,3,3,4,5,2,2,5,3,5,3,2,4,3,3,4,1780
4,1,4,2,5,5,1,2,2,2,2,4,1,6,1,1,5,3,4,3,743
2,5,1,2,1,4,4,3,5,4,3,3,2,4,1,3,5,5,6,2,1974
2,2,4,4,2,6,4,2,3,4,5,2,4,6,4,4,5,4,4,2,1221
2,4,3,3,2,2,2,4,5,4,6,2,2,5,2,2,4,4,4,1,1013
4,1,2,4,4,4,5,4,1,5,1,5,2,6,4,2,4,2,4,2,1267
4,2,6,4,2,1,2,1,2,1,4,4,4,2,3,5,5,4,4,3,145
2,3,4,5,5,5,2,2,5,5,1,3,4,5,2,5,6,4,3,2,1872
3,4,1,4,4,3,2,4,2,1,5,5,3,2,2,4,4,5,4,4,995
4,4,3,3,3,6,2,2,4,2,4,2,3,5,5,3,4,5,3,3,1003
3,5,5,4,2,2,5,4,2,4,5,3,2,3,5,2,4,1,3,2,580
5,2,2,4,4,4,2,3,4,1,5,3,3,4,4,1,5,3,5,2,1272
4,2,5,4,4,3,1,5,2,6,1,3,2,4,2,4,3,2,4,3,592
4,5,2,4,3,5,2,4,3,3,5,3,3,6,5,4,3,5,4,2,1582
4,3,4,4,2,5,4,3,3,1,3,4,4,4,3,4,4,4,5,3,1263
5,6,3,4,2,2,5,3,3,6,4,4,2,3,3,5,4,4,5,4,1931
3,5,2,5,2,2,5,2,2,5,3,5,4,3,5,5,6,3,6,2,366
3,2,5,4,4,3,5,5,3,2,5,2,2,5,3,4,4,1,4,3,771
5,6,5,2,4,1,4,4,3,5,2,5,3,5,4,1,5,3,5,3,251
4,3,3,4,2,5,3,4,5,4,1,3,5,5,3,4,4,4,3,3,1612
1,6,6,4,4,5,4,4,5,2,3,3,3,4,5,1,3,1,4,3,1553
4,4,3,3,1,4,2,3,4,4,6,2,2,4,2,3,5,3,6,5,116
1,6,1,5,4,1,2,5,2,3,1,3,4,5,4,3,4,1,6,2,1023
4,4,4,4,4,2,2,3,5,5,5,3,1,4,4,3,5,2,6,3,937
2,2,5,3,5,5,5,3,3,1,4,3,4,3,5,4,4,2,4,4,1955
5,5,3,2,4,1,4,1,5,1,5,3,4,4,4,1,5,1,3,4,1404
4,6,3,4,2,6,3,4,3,6,4,4,5,4,4,2,6,2,4,5,1269
3,3,4,5,4,2,1,4,4,3,2,4,3,3,1,5,5,6,4,2,361
3,2,4,4,4,4,2,4,2,3,4,3,5,3,4,3,5,3,5,2,1291
2,4,6,3,5,2,4,4,2,6,5,5,4,3,3,3,3,4,3,2,169
3,3,2,3,4,5,4,5,2,2,4,4,5,5,2,3,6,6,4,2,478
3,4,5,2,3,5,4,1,5,6,2,3,2,2,3,4,5,1,5,3,1312
3,1,3,5,2,3,4,3,2,3,2,4,3,5,4,4,4,5,5,1,748
5,3,3,4,4,5,2,5,2,3,5,3,5,3,2,2,6,2,4,2,1913
2,3,5,4,1,2,2,3,1,4,2,2,3,5,2,3,6,5,5,3,249
5,2,1,5,3,5,5,4,4,3,2,3,1,4,1,3,4,2,4,3,1304
1,6,2,3,3,2,1,4,2,5,4,4,3,4,4,3,4,5,6,2,295
5,3,1,3,2,6,5,3,2,5,4,4,2,3,3,2,5,5,4,4,1160
4,2,2,2,2,3,2,1,2,3,6,3,5,5,2,4,4,4,4,4,1822
4,2,2,5,2,6,1,4,3,2,1,3,1,4,3,1,6,3,6,3,815
2,5,6,3,1,5,5,3,3,6,4,5,2,2,4,3,5,2,3,5,182
5,2,6,5,2,2,3,1,3,2,1,3,2,6,2,2,5,6,6,1,1728
2,3,3,2,3,5,5,4,3,6,2,5,5,4,4,5,3,3,4,4,1486
2,5,3,3,2,3,3,3,2,2,1,3,5,4,2,4,6,2,6,3,277
3,5,3,2,4,3,2,3,2,1,3,4,4,5,4,1,5,4,5,2,1154
1,4,6,3,1,3,2,5,1,2,2,3,2,5,2,2,6,2,4,1,530
5,4,5,3,4,5,4,4,3,3,3,3,3,3,1,2,3,2,6,5,1617
5,2,6,4,3,3,3,4,2,6,3,5,1,2,5,4,5,5,6,1,1714
2,6,4,4,3,3,4,1,3,5,1,2,4,6,2,3,4,5,5,5,613
2,3,4,3,2,3,3,5,3,3,3,4,1,6,1,5,6,2,3,2,998
4,2,6,5,5,2,3,4,4,4,6,2,5,5,2,2,5,1,5,2,690
4,3,3,3,3,6,4,5,4,5,2,4,4,4,2,4,5,2,4,1,1037
1,3,3,2,3,2,2,3,2,3,3,4,2,5,4,1,3,2,4,5,916
3,2,3,5,3,2,2,2,4,4,6,3,3,4,2,3,5,5,4,1,1026
1,5,6,5,3,5,5,1,4,3,4,3,3,6,3,5,4,3,6,2,200
4,5,4,3,4,4,3,3,4,3,4,4,3,2,4,3,6,3,3,2,969
4,6,5,3,4,5,4,2,4,1,4,4,4,4,3,2,5,5,4,2,536
5,4,2,4,3,3,4,4,2,2,1,3,2,2,2,2,4,4,5,2,339
2,5,5,4,2,2,5,3,3,2,6,3,4,3,3,3,5,2,3,4,66
2,4,4,5,3,2,4,2,1,2,5,4,3,4,2,4,5,5,5,3,1932
3,6,5,4,3,5,4,3,2,6,6,4,2,5,4,2,6,5,4,4,1275
2,3,3,3,4,3,4,3,2,5,5,2,4,4,3,4,6,3,5,3,1454
1,3,3,3,1,4,2,4,4,4,1,2,4,3,5,2,4,2,3,4,428
4,4,3,3,4,3,1,4,2,3,3,3,1,4,3,1,4,2,5,2,693
4,1,2,2,4,5,5,4,5,4,5,4,2,3,4,4,4,2,5,4,1025
2,5,4,3,4,2,4,2,3,6,3,3,2,4,1,4,3,3,4,1,214
1,6,3,5,4,2,2,5,2,1,5,3,3,3,1,2,4,4,3,3,1462
3,5,5,3,4,6,2,3,2,2,5,4,4,5,4,5,3,2,4,3,478
5,5,2,4,5,2,1,1,2,4,3,4,4,2,4,4,5,3,6,1,621
4,2,3,4,4,2,2,1,5,4,2,5,4,4,3,2,6,1,3,3,639
4,4,4,4,1,5,3,1,5,6,6,5,2,5,2,3,6,5,4,2,1345
3,3,6,2,4,4,2,4,5,3,4,4,2,4,2,1,3,4,6,4,458
3,3,4,3,3,5,4,4,2,3,4,3,2,4,2,3,3,1,4,2,1292
2,3,3,4,3,4,2,3,2,4,4,3,3,3,2,2,4,4,4,3,1153
4,3,3,2,4,6,3,4,2,6,4,3,2,2,4,2,5,5,3,2,203
2,5,3,5,1,4,1,3,5,5,2,3,3,2,1,3,5,1,4,2,394
5,1,4,4,1,4,4,3,2,2,1,4,3,2,5,2,4,2,4,1,1543
5,6,5,3,3,6,4,5,4,4,2,3,3,4,1,2,3,4,5,2,1287
5,4,3,3,3,5,2,1,2,2,5,3,4,4,2,2,6,6,5,3,1133
1,2,5,4,2,5,1,4,1,2,4,3,1,3,4,2,5,5,5,3,1923
4,6,4,4,4,2,3,2,2,2,4,4,2,5,4,3,4,4,4,4,12
2,4,1,2,2,1,3,1,5,4,2,3,2,5,3,2,4,2,5,3,517
4,4,4,2,4,4,4,3,2,4,6,5,2,5,4,4,5,5,6,5,1094
4,5,2,4,3,4,1,2,3,5,3,4,2,4,1,4,6,3,4,2,298
5,6,2,4,3,3,2,3,4,2,4,5,4,3,3,3,6,1,3,4,1236
5,1,5,4,2,2,2,4,5,1,4,3,4,3,2,4,6,3,3,1,854
4,2,5,4,3,5,5,3,5,3,2,4,1,6,3,4,5,2,5,5,412
3,1,4,5,5,4,1,5,5,5,1,2,3,4,4,5,3,4,5,5,1734
2,6,2,2,1,1,3,1,4,3,6,2,4,2,2,2,5,1,5,4,177
3,1,5,3,4,2,4,3,3,3,2,5,2,4,1,3,4,6,5,1,1163
3,3,5,2,3,5,1,4,3,6,6,4,3,2,2,2,3,4,5,3,1032
2,3,1,3,4,1,5,4,3,2,5,3,2,3,1,4,5,2,5,4,950
3,3,2,3,5,6,2,2,3,5,5,5,3,2,2,5,5,3,4,3,637
2,2,4,4,3,1,4,2,2,6,3,2,2,2,2,1,5,2,6,3,192
2,1,1,2,4,3,3,5,3,6,3,3,2,2,2,3,3,5,5,4,1055
4,4,5,2,4,1,3,3,2,2,4,2,1,6,4,2,4,3,5,2,1887
5,2,5,4,4,3,4,2,2,1,6,4,2,3,5,2,5,4,4,3,174
2,4,4,2,2,4,5,5,4,6,5,2,4,6,3,3,6,2,6,4,1160
4,2,3,3,3,4,4,3,2,3,1,3,3,2,4,2,5,2,4,3,1518
1,6,5,2,1,5,1,1,3,6,3,2,2,5,3,2,5,5,5,2,201
4,1,2,4,1,2,2,3,5,2,4,3,3,3,1,2,5,6,5,4,1519
5,4,1,3,2,5,5,5,3,2,5,4,3,3,4,4,3,6,5,5,149
4,2,4,2,1,1,1,2,4,5,2,4,2,2,3,4,5,5,5,1,378
3,3,3,2,3,3,5,4,1,2,5,3,5,3,1,3,4,2,5,1,1037
3,2,2,3,1,5,2,5,3,2,6,3,3,4,2,3,5,4,4,2,1395
2,2,5,4,3,2,1,2,3,1,3,3,3,5,2,5,4,3,5,2,1577
4,3,1,2,2,4,4,4,1,1,3,3,2,5,1,4,5,2,5,3,1838
3,2,2,4,2,4,4,4,2,3,5,5,4,2,4,4,4,6,5,2,712
4,4,3,3,1,5,2,2,5,2,1,5,2,3,1,4,6,3,5,2,612
4,2,3,3,3,5,5,1,4,5,2,3,2,3,3,3,5,2,5,2,926
4,3,2,3,5,3,4,5,3,4,3,5,3,3,1,4,4,2,4,3,1796
2,6,5,2,2,3,2,4,2,2,5,3,3,4,3,5,4,6,3,4,1782
4,2,3,5,4,2,1,5,3,3,5,5,4,4,2,2,5,4,3,3,1210
4,4,5,3,3,2,2,2,3,3,3,2,2,5,5,4,3,4,5,1,1246
4,6,4,2,3,4,1,4,1,3,5,4,2,3,1,5,5,5,5,1,1806
3,5,1,2,3,5,1,1,5,6,4,3,5,3,1,5,4,2,3,4,1279
4,1,3,3,2,3,2,3,2,5,2,4,2,5,4,3,5,3,4,2,444
3,3,3,2,4,5,3,4,4,5,4,5,4,4,1,5,5,4,4,5,77
3,5,5,4,3,1,5,2,2,5,2,3,2,3,3,2,4,5,4,2,891
4,6,5,4,3,2,2,1,3,5,5,4,1,4,4,2,3,1,5,2,697
1,1,4,4,5,6,2,3,4,4,5,5,3,4,3,4,3,5,5,2,350
5,1,1,2,2,4,3,3,3,3,2,4,4,3,4,2,6,2,4,1,601
3,4,6,3,5,3,2,1,4,4,5,2,5,4,5,5,3,3,4,4,1956
3,4,3,3,3,4,3,3,3,6,4,4,3,5,1,1,5,3,5,5,1365
4,5,2,4,2,1,5,4,2,5,3,5,4,3,5,4,6,3,4,1,1131
2,6,1,3,4,4,3,1,4,3,5,2,2,4,3,4,4,3,4,4,517
1,4,3,5,3,3,3,2,3,4,2,3,4,2,4,2,4,3,4,2,1577
2,3,2,3,1,5,2,2,3,1,5,3,3,5,3,5,5,4,5,3,502
3,3,2,2,4,2,3,3,5,2,1,3,2,6,3,4,4,5,4,2,1930
2,2,4,5,1,3,2,4,4,2,2,5,1,3,2,2,5,5,6,5,1317
3,4,5,3,5,5,1,5,4,3,3,4,3,6,3,3,3,3,4,3,1117
2,4,3,4,3,3,4,3,3,3,2,5,3,4,2,2,5,3,4,5,47
4,6,3,3,1,5,4,2,1,5,2,3,5,5,5,5,6,3,6,5,1366
3,5,4,4,3,3,3,3,3,2,3,4,4,5,4,4,5,4,4,3,589
1,5,3,2,5,4,4,3,2,4,5,3,5,5,5,1,4,1,5,4,564
4,2,5,2,2,3,3,5,4,5,5,3,1,4,2,3,4,3,5,3,1137
3,5,3,3,4,4,5,3,3,3,4,4,2,6,4,4,4,5,4,2,1085
4,3,3,2,4,4,2,3,4,2,3,2,5,5,2,3,5,3,5,3,1706
2,5,5,5,1,1,3,3,2,3,2,4,2,3,1,4,5,4,4,1,823
1,5,4,4,1,1,4,2,2,3,5,4,4,3,5,3,5,4,5,4,1633
4,4,6,5,4,5,5,4,3,3,4,4,1,3,4,1,6,3,3,3,1085
3,2,6,3,4,5,1,4,4,5,4,4,4,3,1,2,6,4,6,3,1269
3,3,2,3,1,3,1,2,5,3,2,2,1,2,4,4,3,4,4,2,1130
3,4,6,5,5,2,3,5,2,1,3,4,4,3,3,5,5,2,4,3,213
5,5,4,5,4,2,3,2,4,5,2,2,4,5,3,4,4,5,3,3,867
4,6,4,4,4,2,1,3,2,3,6,4,5,4,3,4,6,5,5,2,892
4,5,3,2,5,4,5,5,2,5,4,3,4,3,3,1,3,3,5,1,281
5,6,5,2,3,5,2,1,4,2,2,4,4,5,3,1,3,3,5,2,670
3,4,3,3,4,5,3,3,2,2,5,5,2,3,3,1,6,1,4,5,1984
3,4,5,2,2,3,5,2,5,1,3,2,2,5,2,4,4,4,6,4,1096
4,1,5,5,4,3,2,2,3,2,4,4,1,2,4,5,5,2,5,5,21
2,6,6,3,1,1,1,3,4,4,1,5,1,3,5,2,5,5,4,2,1171
4,5,5,5,1,5,4,4,2,2,6,2,1,4,3,4,4,5,6,3,1148
4,2,2,2,2,3,3,2,5,3,6,4,2,4,3,2,5,2,6,4,1755
5,3,3,3,3,2,1,3,2,6,2,3,3,6,1,3,5,5,5,1,1294
3,6,3,3,3,5,4,3,2,2,5,3,3,5,3,3,3,1,5,5,1249
4,4,5,4,5,3,2,3,4,3,3,4,2,3,4,3,5,3,3,5,630
4,4,1,3,5,6,2,5,1,6,6,3,4,4,2,3,4,4,5,4,351
3,1,6,3,3,5,5,2,4,4,5,3,1,6,1,5,6,5,5,5,609
4,6,2,4,2,1,4,3,4,4,6,4,2,3,5,4,4,2,6,1,201
1,4,3,4,4,4,1,2,2,4,3,4,4,4,3,1,6,6,5,4,1723
5,5,2,3,3,5,4,1,1,2,2,2,3,5,2,1,6,3,6,2,64
