 ACAP, ARCH, CPLX, DATA, DOCU, FLEX, LTEX, PCAP, PCON, PMAT, PREC, PVOL, RELY, RUSE, SCED, SITE, STOR, TEAM, TIME, TOOL, EFFORT-
1,4,3,5,2,4,2,5,2,5,3,3,2,5,3,2,3,5,4,2,20370
3,1,3,3,4,4,4,2,2,5,4,4,2,3,4,4,4,2,6,4,22872
2,5,4,2,1,4,1,5,2,4,1,3,3,5,2,3,5,6,4,4,54430
5,4,6,4,4,4,3,2,4,3,2,4,2,6,3,4,4,3,5,3,33255
2,4,6,4,3,1,2,4,3,1,3,3,3,4,1,2,4,5,6,3,160677
4,3,3,3,2,2,4,2,2,5,3,3,1,4,4,3,5,2,6,4,23671
2,5,3,4,4,3,4,2,2,1,1,5,1,5,3,2,6,4,6,4,28617
3,1,3,3,2,3,3,4,2,5,1,2,2,6,3,1,6,2,4,2,45050
4,4,4,5,1,6,4,5,1,4,3,3,4,2,2,4,4,1,6,2,14053
4,2,3,3,1,6,4,5,4,4,3,4,2,6,2,3,4,2,4,4,5914
2,5,3,2,4,5,2,1,2,2,5,3,2,6,3,5,5,1,5,2,7696
3,6,5,4,4,3,3,1,2,5,5,2,1,5,2,3,5,5,4,3,27635
3,5,5,4,4,2,4,4,2,2,1,3,2,3,4,3,3,6,5,4,16332
3,4,6,5,2,5,4,4,4,2,3,3,2,4,2,2,3,5,4,3,3989
1,5,2,5,2,6,3,4,3,5,4,2,1,4,2,4,5,4,4,5,3677
2,4,1,4,2,3,4,3,3,1,5,3,2,5,3,4,4,3,5,3,29539
5,5,4,2,3,4,3,4,4,3,4,4,1,5,1,4,5,5,5,2,4992
3,2,3,5,3,2,4,3,3,4,1,4,4,6,2,2,5,5,6,5,33906
5,4,5,4,3,2,1,3,4,3,6,4,4,4,2,2,4,1,3,1,132870
2,3,3,4,4,6,2,3,2,3,5,2,5,4,4,5,3,5,5,2,23306
2,5,3,4,3,3,4,3,3,5,4,5,2,5,2,3,6,5,4,1,44199
3,2,3,3,5,5,4,2,1,4,4,3,3,3,3,2,4,5,6,4,15375
1,6,3,4,2,2,4,4,4,6,5,3,1,5,2,1,5,3,5,3,19831
5,4,4,3,1,3,4,4,2,5,2,4,4,3,2,2,5,3,4,2,22655
3,6,4,2,2,3,1,3,2,6,6,4,3,2,2,2,6,4,6,4,3699
5,2,4,2,5,5,5,4,2,5,4,2,3,5,3,2,5,6,4,3,9925
1,5,2,2,2,1,2,3,2,5,3,3,3,3,4,2,5,2,5,2,27389
2,6,2,5,4,6,1,1,3,4,2,3,2,5,3,1,4,3,4,2,38550
4,2,2,3,4,5,1,4,5,3,5,3,4,2,2,3,4,6,6,3,8533
4,5,2,3,3,2,4,2,1,1,2,4,3,5,2,1,4,2,4,1,26555
5,5,5,3,2,3,5,3,4,1,1,2,5,5,4,4,6,5,6,3,10414
3,2,2,4,2,4,3,4,2,3,4,4,1,4,3,2,5,3,5,4,9958
4,5,2,3,3,5,1,4,4,2,1,5,3,6,3,3,3,5,4,3,29972
2,3,6,5,4,3,2,3,1,5,3,3,4,3,1,4,4,4,3,3,9181
4,2,3,3,2,2,3,1,2,3,5,3,2,3,4,3,4,1,6,1,17621
3,3,3,3,1,6,3,5,4,3,4,4,4,4,4,3,4,2,4,5,5574
1,4,3,5,5,2,1,2,4,5,5,3,2,6,3,1,5,3,3,3,192847
3,4,3,4,3,6,5,4,5,3,6,2,2,6,2,2,4,2,6,3,9105
4,5,3,4,4,2,2,1,4,4,5,3,1,5,5,2,5,3,4,2,4024
4,2,2,5,3,2,1,5,3,2,4,4,3,3,5,3,3,5,4,4,8340
4,3,3,4,4,5,3,3,4,4,2,3,3,5,3,1,6,3,6,2,52649
5,5,4,4,2,5,4,2,1,2,4,4,5,2,3,2,5,1,4,1,94474
5,5,3,4,4,4,5,4,1,3,3,3,2,2,4,4,5,2,4,3,9488
5,5,3,3,1,3,5,4,3,3,2,2,4,3,1,4,5,6,5,3,4883
3,5,2,5,2,2,1,1,1,4,3,2,5,2,1,1,4,4,3,1,86806
3,2,4,2,5,1,2,2,2,5,2,5,1,6,5,3,4,5,3,3,40431
1,5,2,5,4,4,2,2,4,5,6,4,5,6,5,3,6,6,4,1,34467
3,6,4,4,3,2,5,1,1,5,1,4,2,2,4,2,5,4,3,3,43593
3,2,2,3,4,2,3,5,3,3,5,3,4,3,2,1,4,4,4,3,48716
3,6,5,4,1,2,2,5,2,3,3,4,5,6,4,4,5,4,3,2,10362
4,5,5,3,5,1,3,3,3,2,3,5,2,2,2,3,4,4,6,5,45029
3,5,5,4,4,3,3,2,4,5,1,3,2,2,3,2,6,3,6,4,66751
4,3,3,2,4,6,3,1,5,4,1,3,3,5,1,4,5,1,5,3,68529
5,4,6,4,5,1,3,4,3,5,3,4,4,4,4,2,4,5,4,2,36402
2,6,4,2,3,1,3,3,3,1,3,3,4,5,4,3,6,6,5,3,7215
3,4,3,5,3,2,5,5,1,4,3,3,3,5,2,3,3,2,3,5,22610
3,1,4,2,3,5,5,5,3,2,3,2,3,4,1,4,4,3,4,2,14003
5,5,2,2,3,3,3,3,3,5,4,5,4,2,5,4,6,3,4,3,7309
3,4,2,4,4,3,1,2,3,3,5,3,2,6,2,2,6,3,4,2,99179
1,6,2,2,4,3,3,3,2,5,6,4,4,3,3,3,5,2,5,1,13752
2,5,3,2,2,2,3,4,3,2,4,3,4,2,4,4,5,4,6,4,16763
4,3,5,3,2,3,4,3,4,5,2,3,2,5,3,5,6,3,3,4,9423
3,5,5,2,2,4,5,2,2,5,4,5,4,2,5,3,6,2,6,5,22265
4,1,2,2,1,5,2,3,2,5,5,5,3,2,4,3,5,5,3,3,4839
2,5,3,3,2,6,2,2,5,3,4,4,1,2,2,1,5,5,6,3,43106
1,2,1,3,2,5,3,2,1,1,2,4,1,3,3,4,4,4,5,5,8001
4,5,6,4,5,1,1,2,5,6,5,2,2,4,2,4,5,5,4,3,237
3,5,5,4,2,5,3,3,4,1,1,4,4,4,3,1,4,4,6,4,14526
2,4,2,5,2,5,2,2,2,5,2,2,5,4,4,1,4,1,4,3,52056
4,5,2,3,2,5,3,5,1,3,3,4,2,6,2,4,5,2,6,4,1574
3,5,2,4,4,4,2,3,3,5,5,5,4,3,3,4,3,4,6,2,2204
1,3,3,3,2,2,2,4,4,1,3,4,3,4,5,1,3,3,4,2,1240
2,1,4,5,2,3,5,3,5,4,2,2,3,3,2,5,3,2,4,4,5536
5,5,4,2,2,3,2,3,2,5,2,2,2,3,3,1,3,2,6,1,9674
1,3,2,3,2,4,3,1,4,4,3,5,2,3,3,5,6,1,4,2,72877
5,4,2,2,1,1,3,3,2,6,4,3,2,3,4,2,6,2,5,5,1420
2,5,1,3,5,4,4,5,1,3,4,3,2,2,3,4,5,5,4,3,27666
2,3,4,2,5,2,4,5,2,4,2,4,3,2,3,2,6,3,5,1,76644
2,6,6,4,3,4,3,4,4,5,5,5,4,6,1,4,4,3,4,2,24043
4,5,3,3,3,6,4,1,4,3,4,2,3,4,3,5,5,1,3,3,20246
3,2,3,2,2,1,2,3,2,5,4,5,4,5,2,3,5,5,6,4,34657
2,2,5,3,1,2,4,2,3,5,2,4,4,2,2,2,5,2,4,5,8341
4,2,6,3,4,5,1,2,3,3,3,3,2,3,4,2,3,2,3,1,24805
3,1,5,4,3,4,4,4,4,6,3,3,3,6,4,2,6,2,4,2,65130
3,1,3,2,4,4,2,4,5,6,5,4,2,5,4,1,5,4,4,2,6371
2,5,4,2,2,5,4,3,4,1,2,4,2,2,2,1,4,3,5,3,11696
3,4,3,2,5,3,1,3,2,4,2,5,3,5,4,5,3,2,4,4,25095
4,4,5,3,5,3,3,2,3,1,4,3,2,3,3,3,3,3,6,5,12238
2,5,2,4,2,6,3,1,1,2,3,3,5,3,2,1,4,2,5,2,123105
4,4,4,2,4,2,3,1,3,1,2,3,1,5,2,3,5,5,4,3,19382
4,2,4,4,3,5,1,2,2,5,5,2,1,3,5,2,5,5,5,2,27106
4,1,3,4,2,2,5,1,1,5,4,2,4,3,3,3,4,3,5,3,26845
3,1,2,3,4,2,5,3,4,6,6,5,3,3,4,4,4,4,4,4,3428
4,4,6,4,3,5,4,2,2,1,4,5,4,4,5,3,6,6,3,4,34450
2,4,1,3,1,4,1,3,4,3,4,2,2,6,4,4,5,6,6,3,2965
1,4,6,3,2,3,4,4,2,1,4,3,1,4,1,1,4,3,5,3,44003
4,6,3,2,4,2,4,3,4,3,2,3,4,5,4,2,5,3,4,3,19782
5,4,3,2,3,2,3,3,2,2,2,4,5,4,3,3,3,2,3,4,44272
4,4,3,2,4,4,2,1,2,3,2,2,3,4,1,1,4,2,5,3,42749
2,4,2,3,1,3,2,2,4,2,3,5,3,3,1,3,3,5,5,3,28667
5,4,3,2,4,4,2,3,3,4,6,3,2,3,2,3,5,2,5,4,20304
4,3,4,2,3,1,1,5,4,6,3,5,5,4,2,2,4,5,3,3,21569
4,1,4,4,2,2,1,2,5,2,4,4,4,6,3,4,6,1,5,4,96490
4,4,5,3,2,2,4,2,4,3,3,4,2,3,3,3,5,5,6,3,29175
4,3,5,5,3,4,3,2,3,5,2,2,5,4,5,3,4,4,4,3,575
3,6,4,4,5,1,2,2,3,2,2,3,2,4,3,3,3,2,3,5,9847
5,2,6,3,5,3,3,2,3,6,5,3,5,2,4,1,4,4,5,3,4544
1,4,3,3,5,2,3,2,3,5,2,3,1,2,2,4,6,5,4,3,4622
5,6,5,5,1,5,5,4,3,1,6,3,5,2,4,2,5,5,5,5,496
1,5,5,3,3,5,2,2,3,5,2,4,1,5,4,4,4,6,5,5,27057
1,2,4,5,4,5,1,3,3,3,5,5,4,5,2,3,4,4,5,2,69191
4,4,5,3,3,2,3,3,4,3,5,3,4,5,4,4,5,3,4,3,14042
2,5,2,4,5,1,3,2,5,1,3,2,3,4,5,2,3,4,5,4,3842
3,6,4,2,2,4,2,4,4,6,5,4,4,4,3,5,3,2,6,3,3756
1,2,5,2,4,4,3,4,5,2,3,3,5,6,3,2,4,1,5,3,43334
3,3,4,4,3,5,5,1,3,3,5,2,3,5,4,2,4,1,6,2,38690
5,3,5,2,1,3,5,5,4,6,3,3,1,4,4,4,4,3,6,3,1802
2,5,2,3,1,4,2,3,1,3,5,3,1,2,2,4,3,3,5,3,617
3,1,2,2,3,5,3,4,3,5,3,5,3,3,2,4,4,2,3,2,25459
3,3,3,5,5,2,4,3,2,2,6,2,4,4,4,2,5,5,3,2,6111
4,4,3,3,5,4,2,1,4,4,4,5,2,3,3,4,6,3,5,1,33528
3,1,2,4,3,1,5,4,3,2,1,3,1,5,3,2,5,3,4,2,37680
3,6,1,3,4,5,2,3,2,4,3,4,3,6,5,4,4,5,4,2,11705
2,3,6,4,4,2,4,2,4,3,6,3,2,2,3,1,5,5,4,3,9095
3,3,5,4,2,2,4,3,3,4,3,3,1,5,2,4,3,3,4,1,29708
3,2,2,4,4,3,2,3,5,2,2,5,3,5,3,4,3,2,4,4,45764
4,3,6,3,2,4,5,5,4,4,4,5,3,2,3,4,4,6,3,2,4672
1,2,6,4,4,4,2,3,3,2,6,3,4,3,5,5,6,5,4,2,16077
2,2,3,3,4,4,2,3,4,5,2,2,5,3,1,1,5,3,5,5,21711
5,4,2,4,4,4,3,5,4,5,3,3,2,4,4,2,5,2,4,2,25836
5,2,6,5,3,5,1,4,3,5,3,3,2,3,2,3,4,5,5,4,15980
3,3,4,5,3,3,4,1,3,4,5,3,4,5,3,1,5,6,4,1,52879
1,3,2,5,4,4,5,2,3,3,2,4,1,3,4,3,6,2,4,5,10842
4,3,1,4,5,2,4,3,2,3,5,4,2,4,3,1,3,6,6,4,36304
5,5,4,3,4,3,4,3,2,2,2,5,3,5,5,4,4,3,6,2,76798
4,5,3,4,4,3,1,5,4,3,1,3,5,4,1,3,4,2,4,1,73638
3,4,4,4,2,4,5,3,5,5,3,2,2,4,2,1,4,2,5,1,3052
1,4,2,3,3,1,2,3,5,4,3,5,3,6,2,4,4,2,6,4,60306
4,5,5,4,4,6,1,4,3,6,5,3,3,4,3,4,5,2,4,4,26520
1,5,4,2,1,3,4,2,5,3,3,5,3,5,4,2,3,5,6,2,682
4,3,6,3,4,1,5,3,4,2,4,5,3,4,3,1,3,6,4,3,53317
2,5,6,3,3,5,2,3,3,2,3,4,4,2,3,2,4,5,4,4,1846
4,2,4,3,2,5,2,2,5,3,5,5,2,5,2,2,4,3,5,4,18245
2,1,1,4,4,5,5,2,1,1,6,5,3,4,5,4,5,4,4,2,39231
5,2,6,4,3,6,1,2,4,4,5,3,2,2,3,4,5,4,5,5,14575
4,5,2,3,2,5,1,2,3,2,2,4,4,3,1,4,5,5,3,4,44966
4,2,6,3,2,5,3,3,1,4,5,3,4,2,1,3,5,6,5,2,14803
1,4,2,5,1,4,5,4,3,6,5,3,5,3,3,4,5,4,5,3,7966
1,1,1,3,4,3,4,2,5,2,3,2,4,3,2,4,4,4,4,2,13063
2,3,4,4,3,4,3,3,2,2,2,3,5,5,2,1,5,3,3,4,96749
2,1,2,3,5,3,3,4,5,6,1,3,3,4,2,5,4,4,5,5,8175
4,5,4,3,2,6,3,3,5,1,5,3,2,2,3,1,5,6,4,5,7436
2,2,6,3,3,3,1,2,2,3,2,4,3,5,3,2,5,1,4,2,215952
3,4,3,4,1,3,3,2,3,6,1,3,2,3,3,4,6,6,4,2,19664
5,6,3,4,2,3,3,5,5,5,4,4,1,3,4,4,6,3,4,3,5679
2,4,2,5,1,3,4,4,3,2,2,4,3,4,3,1,6,5,5,1,42301
4,4,3,2,3,2,4,2,3,5,1,5,5,6,3,3,5,5,6,1,71229
3,4,3,4,3,4,5,1,1,1,4,4,3,4,3,3,4,2,6,1,67150
2,5,3,2,1,2,5,3,2,3,1,4,5,5,3,2,4,3,5,2,26169
3,6,2,5,3,4,3,2,3,2,5,4,1,3,4,4,4,5,5,2,5209
2,2,3,5,2,5,2,2,4,3,5,5,4,5,3,2,3,6,4,3,36316
4,4,6,3,3,4,2,4,2,5,4,3,1,3,2,2,5,2,4,2,2347
3,3,5,4,4,3,2,4,3,2,4,4,2,5,4,2,6,2,5,3,69419
1,6,3,4,4,3,2,5,3,6,4,3,2,2,2,3,3,6,5,4,16094
4,3,3,4,2,3,5,2,1,4,6,3,2,5,2,5,4,5,4,3,4877
4,1,5,3,2,2,3,4,2,4,4,3,4,4,1,2,4,5,5,2,168207
1,2,3,3,3,2,4,1,2,3,3,3,2,4,4,1,6,4,4,4,447
2,3,6,2,5,3,2,1,4,3,3,2,3,5,1,1,3,3,5,4,9349
4,5,5,3,1,3,1,3,5,1,5,4,2,4,4,1,5,4,4,4,14588
2,5,2,4,4,5,4,2,4,5,5,2,5,4,3,4,5,4,4,1,1428
5,3,5,4,4,5,3,3,4,4,3,2,2,5,2,2,4,5,5,4,14319
2,3,4,4,3,5,4,4,3,1,6,4,4,4,2,5,5,4,6,4,29958
5,2,1,3,4,3,4,1,4,4,2,2,3,3,3,3,5,4,4,2,2618
5,5,1,2,4,2,2,1,3,4,6,3,1,3,4,3,5,4,5,4,11274
3,5,3,3,2,2,5,3,4,4,1,5,3,2,4,5,4,2,5,2,17103
4,4,4,2,1,2,5,2,3,1,5,4,2,5,2,3,5,3,4,2,12095
2,4,3,3,2,2,2,5,4,3,1,4,1,6,5,5,3,2,4,4,4981
2,3,5,5,5,4,3,1,1,5,4,3,4,3,3,4,4,2,3,2,47151
4,5,4,3,4,5,3,4,1,3,4,4,4,4,3,2,5,6,5,2,33906
4,2,4,3,2,1,3,3,5,3,6,3,5,2,4,2,4,5,4,3,17151
2,5,1,4,1,6,2,2,4,4,2,4,4,5,4,4,5,4,4,5,6367
5,3,3,3,4,4,1,1,1,2,5,3,5,4,1,4,4,1,5,5,18106
3,1,3,3,2,4,3,3,2,3,2,2,4,5,2,2,3,5,6,2,8169
5,5,2,2,2,3,4,1,5,4,5,5,2,5,5,2,5,4,4,4,8408
3,4,5,5,2,2,2,5,4,2,3,4,1,3,2,4,3,2,5,2,2956
3,4,5,5,2,1,2,5,3,2,3,3,2,5,3,2,3,4,5,1,43572
2,5,1,4,2,3,3,4,2,5,1,4,3,4,3,5,5,2,6,4,52831
3,5,4,3,2,2,2,2,1,5,6,3,4,6,2,1,6,5,5,2,95397
4,1,5,5,4,6,2,4,5,1,5,5,1,2,4,2,5,5,5,3,12826
5,5,2,4,5,4,5,3,4,6,2,5,2,4,2,1,5,1,6,1,33955
4,4,2,3,3,5,3,4,5,2,5,4,3,3,4,3,5,4,4,4,3373
4,5,2,5,4,6,4,5,4,5,6,4,3,2,4,2,5,2,5,2,18315
4,3,2,3,3,2,4,3,3,3,5,3,4,4,4,2,6,6,4,4,37369
1,3,2,4,2,5,3,2,5,2,3,3,3,6,2,4,5,4,6,5,2394
5,5,6,3,3,6,2,2,4,4,4,4,4,2,2,1,4,6,5,3,16727
3,3,6,5,4,6,4,2,4,5,5,4,5,5,2,4,4,4,6,5,32637
4,2,5,4,5,5,2,2,4,3,2,4,4,5,5,1,6,4,4,3,94430
5,4,3,3,1,2,1,4,2,5,2,4,3,3,4,3,6,3,4,1,8107
3,4,4,4,2,1,1,2,2,4,3,3,2,3,3,5,4,6,3,2,43931
4,3,4,3,5,1,5,3,2,1,4,4,2,3,4,2,5,2,5,1,117785
4,2,5,2,5,2,2,5,4,6,1,3,3,3,4,2,4,6,3,2,19549
1,5,4,2,5,6,3,5,1,2,2,3,2,4,1,3,5,3,5,3,19198
2,6,5,3,5,5,1,1,2,6,1,4,3,4,4,5,3,4,4,4,16198
2,2,4,2,5,3,5,3,2,5,5,4,4,4,4,3,5,4,5,2,57219
5,4,3,3,4,2,3,3,2,4,2,2,5,4,3,1,5,1,5,4,27034
4,3,2,5,4,4,2,3,1,2,4,5,1,4,2,4,3,4,5,1,53632
5,2,3,5,5,3,3,2,4,2,3,4,5,5,2,3,5,5,4,3,78148
2,4,5,4,2,1,5,3,3,2,3,5,1,5,1,2,5,3,5,3,3558
4,2,4,3,2,5,2,2,1,5,4,4,4,5,4,4,4,2,4,2,64652
4,2,2,2,3,2,3,3,1,5,1,5,2,5,4,3,5,5,3,4,14466
4,3,1,4,2,5,4,1,4,3,4,3,4,5,1,2,6,2,5,1,45518
1,1,3,2,5,6,2,2,4,4,1,4,4,4,3,2,4,6,5,4,125234
3,3,5,4,5,2,3,2,3,3,6,4,2,4,4,5,5,5,4,3,53380
5,5,6,5,3,2,2,4,3,5,2,2,4,5,2,5,5,5,6,3,66726
1,1,2,4,1,4,1,1,2,3,2,5,3,3,3,4,5,3,5,3,44487
3,4,2,3,2,3,1,4,3,4,2,2,4,5,4,2,5,5,4,5,7845
3,2,2,4,2,2,2,3,2,4,4,5,3,4,2,3,5,5,5,4,14389
4,3,4,4,3,5,5,3,4,2,5,4,4,5,4,1,5,4,5,3,32556
4,3,1,4,2,2,5,3,2,2,1,4,1,5,4,2,5,3,4,4,11174
2,6,1,5,5,2,1,5,4,2,3,4,1,2,1,4,5,4,5,3,3240
1,4,4,5,5,4,3,3,2,3,6,2,2,5,4,2,4,2,6,4,51565
4,3,4,3,3,1,3,2,3,1,6,3,4,3,4,2,4,3,5,4,47812
4,1,4,4,4,5,2,4,1,5,4,3,4,2,4,2,4,2,5,4,27096
2,5,3,4,2,4,3,4,2,4,6,4,2,4,4,4,3,2,3,4,10389
5,2,4,5,2,2,4,1,3,5,2,5,5,3,4,4,3,4,5,2,71860
3,2,2,4,3,3,5,1,4,2,3,3,3,3,4,2,3,5,4,1,18218
2,5,5,5,3,5,2,2,4,5,6,5,1,5,4,3,6,6,5,4,118
3,1,5,3,1,4,3,3,4,2,3,5,5,5,2,5,5,1,5,5,29174
5,3,3,2,4,5,1,2,4,4,2,5,3,2,2,3,5,2,4,3,148
2,2,1,4,4,2,5,3,3,1,3,4,4,4,5,3,5,2,4,5,14117
3,3,3,3,3,4,5,5,2,3,3,3,3,5,3,4,4,4,4,2,18387
2,2,4,4,3,4,3,3,4,3,5,2,4,2,3,2,4,2,4,3,9039
5,3,2,3,2,5,3,5,5,4,5,4,3,3,3,2,6,6,4,4,3323
4,4,4,3,4,2,2,4,2,4,4,3,3,5,1,4,5,2,3,2,2162
2,4,3,4,2,4,5,3,1,4,2,2,2,4,1,2,4,1,6,4,13740
3,6,6,2,2,1,3,1,4,5,4,3,3,3,4,3,4,6,4,2,21745
1,5,2,2,3,5,3,4,4,4,4,3,1,6,5,2,6,5,5,1,12953
5,2,4,2,3,2,2,3,5,3,2,3,3,6,1,4,4,6,4,4,5371
1,1,4,3,5,5,3,3,3,4,2,2,3,5,4,4,5,2,3,1,13670
1,3,1,4,3,5,4,3,5,2,5,5,1,5,3,2,4,6,5,2,20659
3,2,4,2,4,5,4,5,1,3,2,4,2,3,2,3,6,3,3,3,43932
3,5,1,3,3,3,5,3,3,2,2,3,3,3,2,3,6,3,6,2,32637
3,5,1,4,2,1,5,2,5,4,4,3,3,2,2,4,6,6,4,2,5861
5,2,2,4,1,2,3,3,4,3,2,4,2,6,5,3,6,3,5,3,35900
4,3,6,3,2,3,3,2,3,5,3,4,4,4,2,4,4,5,5,1,17469
2,5,2,4,4,4,4,5,3,2,1,5,2,2,5,1,5,1,4,4,13946
2,5,3,2,2,5,1,3,2,1,6,5,2,4,3,2,5,6,3,1,23641
4,2,4,3,2,1,4,3,5,5,6,4,4,5,5,2,4,4,4,5,24338
4,4,2,2,4,2,3,4,4,6,5,5,2,2,4,5,4,2,4,4,5873
1,3,6,3,3,2,1,2,4,3,5,3,2,5,4,2,6,3,5,3,22036
4,5,1,4,4,5,3,4,3,6,4,4,2,5,2,3,5,5,6,2,1560
5,2,1,2,4,4,4,1,2,2,3,5,3,2,3,5,3,2,6,5,8018
1,5,2,4,3,5,4,5,3,2,3,3,1,3,4,4,5,4,3,2,7521
4,4,3,2,3,3,4,4,1,6,3,3,5,6,1,4,5,2,4,5,8974
2,4,4,3,1,2,1,4,4,2,5,4,2,3,4,2,5,3,3,4,23742
1,3,5,4,4,5,4,4,3,4,4,4,4,4,2,1,6,3,4,3,50725
3,2,3,4,5,2,2,3,4,5,5,4,4,6,2,3,6,4,4,4,134472
3,4,3,2,4,6,4,2,3,3,6,2,2,6,1,4,4,6,4,4,21102
1,2,3,4,3,2,2,4,3,3,4,2,2,2,3,4,5,4,4,3,15657
3,2,4,4,3,5,3,1,5,1,6,3,2,4,1,3,3,6,4,3,1624
1,4,4,3,4,5,2,4,5,1,3,3,4,3,1,2,4,6,4,3,57411
4,6,6,2,2,4,4,5,3,5,4,3,2,5,3,3,5,1,6,4,6309
4,2,5,3,4,5,4,3,5,3,3,2,4,4,4,2,5,3,3,2,6006
5,6,4,3,2,2,2,4,3,6,5,4,1,5,2,4,5,4,5,2,2574
3,5,4,3,4,3,4,2,1,2,5,4,4,4,2,2,5,1,6,2,57539
4,3,5,2,2,5,4,3,4,3,3,4,1,3,5,4,5,1,4,5,858
5,3,4,4,4,5,4,1,3,5,6,2,3,3,3,3,5,4,4,5,4221
1,2,5,4,2,4,3,2,5,6,4,5,4,4,1,4,4,4,4,3,9291
4,2,1,2,2,5,1,4,3,5,1,5,3,6,3,3,6,4,5,1,2535
2,2,5,3,1,2,1,3,1,3,2,5,5,6,1,2,4,6,4,5,44591
2,1,1,4,2,4,4,3,2,3,4,4,2,4,2,1,5,5,3,3,610
2,5,2,5,3,6,5,5,3,3,5,3,2,3,4,4,4,1,5,4,1147
4,3,5,4,3,5,2,2,4,5,6,4,3,3,5,4,5,2,4,4,7546
5,2,5,5,1,3,2,3,1,4,5,4,1,4,3,2,6,1,6,2,64707
2,5,5,5,3,5,4,3,3,3,3,5,3,4,4,3,6,6,5,4,27857
2,4,5,5,4,5,4,3,3,3,4,3,2,4,1,5,3,4,4,4,14133
2,1,6,2,3,5,5,2,1,2,3,2,3,3,1,4,5,6,6,3,79804
3,4,2,3,3,4,3,3,2,1,3,5,2,3,3,3,4,2,5,2,27076
2,4,5,2,4,6,5,3,3,4,3,5,4,5,1,3,4,2,3,1,77127
2,2,6,3,3,6,5,1,4,4,3,3,3,5,2,3,5,4,4,5,54997
2,5,6,4,2,3,1,2,2,4,3,3,3,2,4,3,5,2,5,2,106570
1,6,2,4,4,4,3,1,4,4,4,3,5,2,4,3,6,4,4,3,40443
2,5,2,4,1,5,3,1,3,4,5,4,5,5,4,5,6,1,4,5,8482
1,2,4,4,2,5,2,2,2,2,2,4,2,4,3,2,5,6,6,2,45418
3,4,6,3,4,5,4,3,2,2,2,4,2,4,2,3,4,2,4,2,8090
4,3,5,3,4,2,1,1,3,4,5,2,4,4,4,4,3,5,4,2,5178
1,4,3,3,4,2,4,2,5,3,6,3,2,6,1,2,6,4,4,1,84776
2,5,5,3,4,3,2,3,4,2,3,4,2,5,1,1,4,2,4,2,213344
5,3,3,5,3,5,3,1,3,5,5,5,5,3,2,2,5,6,5,4,8522
2,3,2,3,1,4,1,2,3,2,6,5,3,6,3,2,5,2,4,3,52384
2,1,5,2,2,1,5,1,2,5,1,3,5,6,2,3,5,5,5,2,140984
1,5,5,4,3,4,5,4,3,4,3,5,4,3,2,4,5,2,4,3,32394
5,6,6,3,2,5,2,1,2,2,6,4,3,5,3,4,4,5,4,5,12493
2,3,2,2,2,6,1,2,4,6,4,2,2,6,5,4,5,1,6,5,5879
4,5,3,5,5,3,4,3,4,6,2,3,4,4,3,1,6,4,4,4,40399
3,2,4,4,2,3,4,2,2,5,4,3,4,5,3,5,5,1,3,5,20085
2,3,4,5,3,4,2,5,4,4,3,4,4,6,4,3,4,2,3,3,55653
2,5,4,2,1,3,2,4,4,4,3,4,4,3,4,4,5,4,5,1,16383
5,4,5,4,5,3,3,3,3,2,3,5,2,2,3,2,5,4,5,4,4496
1,2,5,3,2,3,2,5,4,1,3,5,2,5,2,3,4,5,5,3,50770
4,5,3,3,3,5,3,5,5,2,2,4,3,4,4,2,4,3,5,5,6511
1,2,6,2,3,2,5,4,4,4,4,3,3,2,4,5,5,5,4,2,11436
1,3,1,3,4,2,1,4,4,5,2,5,3,3,3,4,6,3,5,4,42286
2,5,4,4,4,4,1,4,2,1,5,5,3,4,2,3,5,4,6,2,1472
3,4,2,4,1,5,2,1,5,3,5,5,2,5,3,3,6,5,5,2,7647
3,5,4,4,5,3,1,3,5,4,5,4,4,5,4,2,5,3,6,3,98240
2,4,2,5,2,6,1,2,3,1,2,4,2,5,5,2,6,5,5,3,134998
3,1,3,3,2,3,2,3,5,6,3,2,2,5,3,5,6,2,4,3,986
4,3,3,3,3,2,1,5,2,5,6,3,3,3,2,2,4,3,4,2,14740
3,1,4,4,4,6,4,3,4,6,5,4,2,4,2,2,4,3,4,4,18577
4,3,5,5,3,5,4,2,2,4,5,2,1,5,4,3,6,5,5,2,52838
2,6,3,3,1,2,4,2,4,2,2,3,2,6,3,2,5,6,3,4,2244
3,6,4,4,3,5,2,1,4,2,6,2,2,4,2,4,3,5,3,1,22717
3,3,3,2,3,2,4,2,4,2,3,3,3,5,2,2,5,3,4,2,82843
3,2,4,3,4,1,4,2,3,4,2,4,4,2,3,2,5,1,5,2,165192
4,6,1,3,2,6,4,1,3,5,5,4,4,4,2,2,5,3,4,4,21027
5,5,6,5,4,6,3,4,2,3,1,4,2,4,4,3,4,4,4,4,10653
5,4,1,3,5,4,1,2,3,5,2,2,4,2,3,3,5,2,6,3,15555
3,2,4,5,3,2,2,3,1,5,5,2,2,6,2,5,6,5,4,3,65565
3,5,5,2,4,5,3,4,3,4,5,5,1,6,1,3,4,1,5,5,52655
3,3,5,4,2,1,2,4,4,5,4,2,4,4,4,4,6,4,5,1,90450
5,4,3,3,3,3,2,4,1,2,2,4,2,4,3,4,3,6,3,3,10810
3,2,4,5,2,2,3,2,4,5,3,4,1,3,5,4,6,4,6,4,30194
2,2,4,5,3,2,2,3,2,3,2,3,1,2,1,5,6,6,5,5,49501
4,2,4,5,3,1,4,2,3,4,5,4,1,2,4,3,4,3,3,5,12400
2,2,4,4,2,3,3,3,2,4,3,3,3,4,3,3,6,4,3,5,66079
1,4,2,5,1,4,2,2,2,4,2,4,2,4,3,4,4,1,5,2,34760
3,4,1,3,5,4,5,3,1,2,6,2,5,3,4,4,4,5,4,4,20915
3,5,5,4,3,2,2,3,1,4,2,4,4,3,2,2,3,5,5,1,55006
2,1,6,5,3,3,2,4,2,5,3,4,4,5,5,2,6,2,5,3,51729
5,2,2,4,3,3,2,4,3,4,4,4,3,3,2,5,4,3,4,5,12635
4,4,5,3,4,3,2,3,4,1,3,3,3,4,4,3,5,5,4,5,2433
2,4,4,3,5,2,2,3,2,2,6,4,1,2,2,1,3,2,4,3,50274
5,3,4,4,4,4,2,4,4,5,5,2,1,2,3,5,5,4,5,5,4404
5,3,2,5,3,2,3,2,5,4,1,3,2,2,2,1,3,1,5,3,9503
2,1,3,3,5,6,4,4,2,2,6,3,2,4,2,4,6,2,6,3,687
5,4,1,3,2,5,2,1,3,2,3,4,4,3,3,5,6,6,5,1,8971
2,5,2,4,4,5,1,1,4,1,5,5,2,3,2,2,4,4,4,2,58090
3,3,4,3,4,4,2,5,3,5,6,3,3,4,3,3,4,6,5,3,4689
5,5,5,4,3,3,2,4,2,4,3,3,2,5,2,4,4,3,4,3,1615
4,4,3,4,3,2,3,4,2,4,4,5,5,4,2,4,4,6,5,5,35537
1,3,2,3,1,5,4,5,2,1,2,2,1,2,4,4,3,2,4,2,6004
4,4,3,4,2,4,5,4,2,2,2,2,4,3,4,2,3,2,5,1,7101
4,6,5,5,1,3,3,2,2,4,3,2,1,6,5,4,5,3,4,2,3609
2,3,2,4,4,4,4,4,2,2,4,3,3,2,1,2,5,5,4,1,37837
4,2,3,4,5,6,2,3,4,5,3,3,2,3,2,5,5,5,4,5,7438
2,2,5,5,2,6,1,4,3,3,5,4,3,3,3,3,4,4,4,2,27768
5,1,4,2,4,2,2,4,1,4,1,4,3,6,2,1,5,2,4,3,156526
3,2,5,5,5,1,3,3,3,5,3,4,2,5,4,3,3,3,6,3,39662
2,4,3,2,3,2,1,1,2,2,2,3,2,3,5,2,3,2,6,3,69689
2,4,3,3,3,2,2,4,2,2,4,3,3,3,4,3,3,2,3,2,40732
3,4,4,4,2,6,5,4,3,2,3,3,3,2,4,2,4,3,3,1,12105
3,1,2,3,2,4,3,4,4,4,4,3,2,3,3,4,3,5,4,4,9615
4,4,2,4,4,5,4,2,3,4,4,4,2,5,2,2,5,5,6,5,3118
5,3,5,3,3,2,4,3,1,5,6,3,4,2,2,3,4,1,6,3,7373
2,3,2,3,5,5,1,5,2,4,6,4,5,5,3,5,6,3,5,1,15149
5,5,5,5,4,3,3,3,5,3,4,3,4,3,1,3,4,5,4,5,19548
2,6,6,5,2,5,3,3,3,2,2,4,2,6,3,4,6,2,3,2,40843
4,5,5,4,4,2,4,2,5,4,3,3,2,5,4,3,6,6,5,2,13195
4,5,3,5,2,4,5,5,2,6,4,3,2,2,2,3,5,4,4,1,6386
2,2,5,4,4,2,5,4,5,4,1,3,3,4,5,2,5,4,6,5,18013
2,5,1,3,2,1,3,5,3,6,2,3,5,4,4,3,6,3,5,3,23268
2,2,3,2,4,2,3,1,1,2,2,4,3,2,5,3,5,5,3,2,467
4,4,2,3,3,3,2,5,4,5,4,3,2,5,3,4,4,5,4,1,2584
5,2,2,3,2,2,2,1,2,1,5,3,2,2,3,1,5,1,5,3,10774
5,3,4,4,3,4,3,4,4,4,3,5,1,3,3,5,4,4,6,4,7412
4,5,4,3,3,6,2,3,4,5,2,3,1,4,3,2,5,2,4,4,19643
1,3,1,3,2,5,3,5,5,3,4,2,2,3,1,3,6,1,4,2,12575
1,2,2,5,4,4,3,4,2,2,6,5,4,6,1,4,5,3,4,1,188966
3,3,3,2,1,6,3,5,1,1,5,4,1,4,3,4,3,5,5,4,10796
2,3,3,5,3,3,2,1,4,3,4,3,2,6,4,2,4,3,5,2,5583
4,6,3,4,4,5,2,3,4,1,2,2,2,5,2,2,3,3,5,5,25288
3,4,3,4,3,3,3,4,2,1,1,5,1,5,4,4,4,2,6,2,50475
3,6,1,3,4,2,3,1,1,4,1,4,2,5,3,3,5,3,4,2,33869
3,6,2,4,4,3,3,3,4,2,3,2,3,4,5,4,5,5,4,4,6601
2,4,5,2,3,5,4,4,5,6,5,5,2,3,4,3,3,6,3,1,523
2,5,5,4,4,4,2,4,4,2,2,2,2,5,4,4,6,5,3,4,38426
3,1,4,5,2,3,1,4,3,5,5,5,5,4,4,2,3,5,3,3,68143
4,5,1,2,3,5,2,1,4,5,2,3,3,5,3,3,6,4,4,2,7257
2,5,3,4,1,5,2,4,3,1,2,5,3,4,5,2,6,4,4,4,32985
1,2,6,4,2,3,4,2,2,5,3,4,4,4,2,4,5,4,5,1,139393
4,1,3,4,3,2,2,5,1,1,3,3,2,5,2,4,4,4,5,5,105568
5,4,5,4,4,3,2,4,4,3,5,4,4,5,1,5,5,3,6,3,30276
4,2,2,3,4,5,3,3,2,6,6,4,1,6,2,4,4,3,6,1,482
3,2,5,4,5,1,4,4,5,4,5,5,1,4,5,3,3,5,4,4,12348
2,3,4,2,3,3,5,3,3,4,4,5,2,5,2,1,5,6,4,1,7919
4,4,4,5,4,6,4,4,4,1,5,3,4,3,5,5,4,5,4,4,104
4,2,5,4,3,2,3,4,3,3,3,4,2,4,4,2,3,6,4,4,35181
2,2,1,4,4,5,4,3,3,3,6,5,4,3,1,3,4,5,6,3,43829
2,4,2,3,2,5,3,3,2,1,3,3,3,5,2,2,5,5,5,3,45302
2,4,2,3,2,6,5,3,3,4,2,2,3,6,3,5,6,3,3,4,2588
3,5,3,2,5,2,4,2,5,4,5,5,4,5,1,3,6,5,3,5,25624
2,2,5,5,4,2,2,4,2,4,2,3,5,3,3,4,4,4,5,3,719
5,4,1,2,3,5,2,5,2,3,5,4,1,2,3,1,5,2,5,4,6885
5,6,2,4,4,4,4,3,2,1,4,4,3,6,3,2,5,2,5,5,51057
4,6,2,5,2,2,2,3,1,2,3,3,4,5,5,2,5,5,3,4,24400
4,2,5,3,3,5,3,1,3,6,6,4,3,6,4,2,6,1,5,2,87970
3,3,5,4,4,5,4,2,2,5,2,2,4,5,5,5,5,5,4,4,37172
1,4,4,4,2,3,4,2,3,5,2,5,3,4,4,5,6,5,5,4,28052
4,3,2,3,4,4,4,2,3,4,4,5,3,3,4,3,5,5,5,3,26169
4,2,1,4,3,3,2,3,3,4,5,3,4,4,2,1,6,4,6,3,4431
2,3,2,3,3,4,4,1,5,2,4,4,1,4,1,4,4,2,6,4,40503
4,4,3,4,3,5,2,5,1,4,4,3,2,3,4,3,4,2,5,4,30478
5,2,6,4,1,2,1,4,4,5,5,5,5,4,4,1,5,4,6,1,9606
4,5,2,4,3,4,2,1,1,5,3,2,3,5,2,4,4,4,5,2,16250
2,2,5,3,5,1,2,1,4,5,3,3,3,4,4,2,4,3,5,3,15422
3,3,6,5,3,3,4,3,4,4,6,4,1,3,1,1,4,1,5,1,74915
2,4,4,3,2,3,3,1,4,2,4,4,2,6,1,4,4,5,5,4,54711
1,5,3,4,4,3,4,5,1,2,2,5,2,2,4,3,5,6,4,4,51607
2,2,3,3,5,2,2,2,2,4,4,5,1,6,1,5,5,5,4,2,27235
2,2,3,5,3,4,1,1,2,2,2,3,2,2,2,2,4,2,6,5,18254
2,2,4,3,2,3,4,2,4,2,2,4,5,4,4,1,4,5,3,5,12119
3,3,5,3,3,1,4,2,3,6,2,3,4,6,3,4,3,4,6,3,13981
4,4,4,3,1,3,3,1,2,3,4,4,2,3,2,4,5,2,4,3,3344
3,6,4,2,4,2,2,2,1,6,2,4,5,2,5,2,6,2,3,5,10488
4,5,5,5,2,3,2,4,1,5,2,3,4,4,2,3,4,3,5,3,43877
2,5,5,2,4,4,4,2,3,5,4,5,4,4,4,4,5,4,4,2,22627
5,1,5,5,2,4,4,3,2,4,2,3,2,3,3,1,5,2,5,2,6000
4,3,3,2,2,5,2,2,2,2,4,2,2,3,4,4,4,3,3,1,3352
4,2,6,3,2,3,3,1,1,6,5,3,4,4,3,3,4,3,4,2,42294
2,3,5,2,4,4,2,4,1,6,2,4,5,3,2,1,5,3,3,2,83506
3,5,3,3,1,3,2,1,2,4,3,3,4,5,4,3,6,2,6,4,4107
2,5,6,5,2,3,5,2,4,2,5,4,2,4,4,2,3,5,5,4,29963
1,4,6,4,5,5,3,4,3,4,5,4,4,5,4,3,6,2,5,3,78526
4,3,3,3,2,2,4,4,3,5,3,3,2,5,3,5,6,6,6,3,14508
2,3,3,4,1,2,5,3,2,4,2,5,2,2,4,3,5,3,4,2,21775
5,4,5,2,4,2,2,5,4,4,2,4,4,3,3,3,3,5,4,2,860
2,4,3,5,1,3,1,4,2,5,2,4,2,4,3,3,6,5,4,5,44729
2,4,3,2,2,5,1,2,4,6,2,3,1,6,2,3,4,4,5,4,7946
2,2,4,3,1,5,1,2,3,5,3,5,2,5,1,3,5,2,6,5,50581
2,5,2,3,4,1,2,1,2,4,5,4,5,5,3,1,4,2,4,2,7415
2,3,2,4,4,4,1,4,2,5,1,2,4,5,4,3,6,3,5,5,43565
2,6,3,2,3,5,1,3,3,6,1,4,3,5,4,4,5,4,5,2,13455
2,3,3,3,3,4,4,4,4,6,6,3,3,5,1,4,3,4,3,5,666
4,3,2,3,2,3,4,3,4,3,5,4,2,5,5,3,4,4,4,3,3525
2,4,2,5,4,1,2,5,3,2,2,5,1,5,2,3,3,2,4,4,47392
2,3,6,5,5,2,2,2,5,5,3,2,5,3,3,1,3,4,5,3,68846
5,2,2,5,4,5,2,5,2,5,3,4,4,5,3,3,4,4,4,3,59650
5,3,4,3,3,2,2,4,4,1,1,3,2,6,2,3,3,5,4,3,30146
4,5,5,3,2,4,4,4,3,3,3,3,2,3,4,2,3,4,5,5,15316
3,3,6,4,4,2,4,4,2,3,4,4,4,5,2,4,4,3,4,4,182595
3,6,6,5,2,1,3,2,3,4,2,4,3,4,2,2,4,5,6,2,43346
1,4,3,4,3,6,2,1,2,2,6,2,3,3,4,1,5,1,5,4,46953
2,2,3,4,3,3,2,3,4,1,1,3,3,3,2,1,4,3,5,1,47506
4,1,5,4,4,3,4,2,2,2,2,2,4,6,3,3,5,5,4,3,27209
2,3,3,3,4,2,3,4,2,4,3,5,2,3,4,4,4,3,6,5,22249
1,3,3,5,3,3,1,4,5,2,6,5,5,5,5,2,6,5,5,2,39777
2,2,2,4,2,3,4,4,5,2,5,3,3,5,2,4,5,3,6,4,1977
4,2,3,3,3,5,4,3,2,3,5,2,1,4,3,4,5,1,5,4,19054
3,2,4,3,4,2,3,5,4,3,6,4,3,2,5,3,3,6,5,1,2439
3,4,4,3,2,4,4,5,3,4,1,4,5,2,2,5,6,3,4,2,34989
2,3,4,4,2,4,2,3,2,6,4,3,4,4,4,4,4,5,3,1,41634
1,2,2,3,2,1,3,4,3,3,2,4,1,2,2,1,5,3,6,2,55439
4,3,3,4,4,6,4,1,4,6,2,3,3,4,5,2,3,6,6,2,621
5,4,3,4,2,2,2,4,3,5,2,2,5,4,4,3,6,3,6,1,12147
4,5,4,3,5,4,3,2,4,3,5,4,2,2,4,4,3,3,4,5,2974
5,4,2,2,4,5,4,1,3,1,2,3,3,3,3,2,5,3,5,2,54164
2,4,4,4,4,2,1,5,5,2,3,5,2,3,2,4,5,5,6,5,10691
2,3,3,4,4,3,2,3,1,2,5,3,1,3,5,3,6,5,5,3,4207
1,6,5,4,4,2,4,4,3,4,5,4,3,3,3,2,5,6,6,5,10652
4,4,1,5,4,4,3,2,2,5,4,2,4,5,4,2,5,5,3,2,18435
3,2,2,4,3,4,5,4,2,2,2,4,4,4,2,1,6,4,5,2,67327
3,5,2,2,2,5,2,4,2,5,4,3,4,6,2,3,5,3,6,1,83432
4,1,5,3,1,4,4,3,3,2,5,2,4,3,2,3,6,2,3,3,11468
1,5,2,4,5,2,4,4,3,5,3,5,5,5,4,5,3,6,4,3,11700
4,3,3,3,3,5,3,5,3,2,2,5,4,6,1,3,6,3,5,4,1270
2,5,3,4,5,5,5,2,1,2,1,4,4,6,3,4,6,6,6,5,54877
4,5,1,3,1,5,3,2,4,5,3,5,2,4,2,5,4,3,5,2,19
4,4,3,5,5,6,4,2,3,3,2,5,5,2,5,2,3,6,6,4,39630
2,4,4,4,4,2,4,1,4,2,1,5,3,4,5,5,6,4,3,4,67624
5,4,2,4,3,2,5,3,1,4,3,3,3,4,3,4,5,5,4,2,1646
4,5,4,3,5,2,2,4,4,2,4,2,3,3,2,2,5,1,5,3,6318
3,5,4,3,4,1,2,4,4,1,6,3,2,5,2,3,5,4,6,2,84203
3,5,3,3,3,5,3,4,2,6,5,3,4,4,4,1,4,1,5,5,1853
3,4,4,4,3,5,5,5,3,3,5,5,4,3,4,5,4,2,3,4,4745
4,3,2,3,4,3,2,4,2,4,5,3,3,4,1,3,6,5,6,2,41997
3,5,1,3,1,5,1,2,4,3,1,4,4,3,1,4,5,5,4,2,6770
1,4,4,4,1,3,2,5,3,1,2,5,2,4,3,2,3,2,6,3,27893
5,5,4,4,3,2,1,4,5,6,2,3,3,2,3,4,5,3,3,4,4219
1,6,4,3,3,2,5,2,2,3,1,2,5,3,1,5,3,5,4,4,4919
3,3,3,3,4,2,4,4,2,3,6,3,4,2,5,5,3,4,5,3,5754
2,2,3,2,1,6,4,2,1,5,2,3,5,3,3,2,5,3,4,3,33371
1,6,5,4,4,2,3,4,3,4,1,4,4,5,1,1,6,1,5,5,99976
4,2,4,2,4,6,4,4,2,5,3,3,3,4,1,3,6,5,3,2,15885
4,4,4,2,2,6,2,5,3,5,2,4,4,4,2,1,3,3,5,4,4924
1,3,2,5,4,2,5,4,2,1,1,3,2,4,2,3,4,6,4,3,55890
4,6,5,3,3,1,2,2,3,5,5,3,4,5,3,2,5,4,5,3,60885
4,1,4,3,2,2,4,1,3,2,5,5,4,3,2,4,4,1,3,5,60355
4,4,1,3,4,2,3,5,2,3,4,3,3,6,3,2,3,4,5,1,12434
5,6,2,4,5,3,4,4,2,4,1,3,4,3,5,5,4,4,4,1,2864
5,2,3,4,5,3,3,2,4,4,2,4,4,5,4,2,3,1,6,2,70669
5,1,2,4,2,3,4,2,4,2,3,4,3,2,4,3,6,5,4,2,25334
3,2,4,5,3,3,2,2,3,3,5,4,4,6,4,5,5,3,5,4,85221
4,1,3,4,1,3,3,3,2,5,2,3,5,3,5,2,4,4,4,2,2640
2,4,5,3,2,3,1,4,4,3,5,4,2,3,2,4,3,2,6,4,745
5,5,4,2,2,6,3,4,2,4,2,4,1,3,3,1,5,5,4,1,22458
4,5,6,3,4,1,2,1,4,2,3,4,2,5,4,5,4,5,4,2,2239
5,2,4,3,2,2,3,3,2,2,1,4,1,6,5,3,6,2,4,4,29723
3,4,5,2,1,6,4,2,5,2,5,2,2,5,1,4,6,3,6,4,7699
3,3,4,5,2,4,4,3,3,3,2,3,4,2,4,2,5,2,6,2,85219
1,3,3,2,3,5,5,3,2,1,5,4,4,5,5,5,6,3,4,2,30745
4,2,2,4,2,4,5,2,3,6,5,3,1,2,4,2,5,1,4,3,4677
1,6,5,3,3,5,5,3,4,1,5,5,3,3,2,4,5,5,6,3,35516
5,3,1,2,4,4,4,3,2,1,5,4,4,2,5,4,6,4,5,3,5039
5,6,2,5,3,1,3,5,4,6,3,4,2,2,1,3,3,3,5,2,10298
1,3,3,4,3,2,3,5,2,5,4,5,5,3,4,2,3,5,5,5,5349
5,4,5,3,2,2,2,4,4,2,3,3,4,3,2,2,5,4,4,1,48607
5,3,4,2,4,5,4,3,4,5,5,3,2,3,5,1,4,6,6,3,850
5,3,4,3,3,2,2,3,3,5,1,3,4,3,2,2,4,1,3,4,30722
3,1,2,3,4,1,2,1,3,2,2,4,1,3,3,4,4,6,3,2,37716
4,5,2,3,2,6,1,2,2,2,5,2,3,4,3,3,4,5,5,3,7046
3,4,2,3,1,4,3,5,2,2,6,4,3,2,4,4,4,3,4,2,1006
3,3,3,3,3,4,4,3,3,5,4,2,3,4,1,2,6,5,3,3,30335
3,2,5,4,1,6,2,4,4,3,2,4,4,4,4,4,5,3,3,5,17933
3,3,3,3,1,4,4,4,4,6,4,2,4,3,5,1,3,5,5,5,3820
1,1,2,4,3,3,4,3,3,2,2,3,3,2,2,4,6,4,5,2,27727
1,2,4,4,1,4,3,2,3,6,2,3,1,3,5,4,4,3,6,4,706
3,2,3,2,4,5,5,3,3,1,4,2,2,3,2,3,5,1,4,2,21695
5,4,3,4,4,2,1,5,4,5,3,3,4,3,3,4,6,5,4,2,22877
2,3,2,2,4,2,2,1,2,5,4,3,3,3,3,2,5,2,6,2,72644
4,5,4,4,2,2,2,3,4,5,5,2,4,3,3,3,6,6,5,4,614
4,2,2,2,5,4,1,3,2,3,2,5,5,2,1,4,3,1,6,3,51141
3,2,2,4,1,3,4,4,2,5,4,5,3,5,2,4,6,2,3,1,6118
2,3,4,3,4,3,3,4,2,5,2,2,2,3,4,5,5,4,6,2,68586
3,5,1,4,4,5,2,4,1,2,3,3,3,2,4,2,4,6,4,5,8558
5,5,5,3,4,4,2,1,4,5,3,5,3,4,4,3,5,6,6,1,50234
2,3,3,2,4,1,4,3,4,2,4,4,2,6,2,2,5,4,4,3,14746
3,1,4,4,3,1,4,3,5,4,6,5,2,4,4,3,6,4,5,5,34779
1,4,6,3,3,3,2,1,2,3,5,4,3,2,2,4,4,1,6,4,117257
3,4,3,4,2,3,3,2,2,5,2,4,3,4,5,1,6,2,5,2,5298
2,2,2,3,1,5,4,2,5,3,2,3,4,5,5,3,3,5,4,2,1377
2,2,2,4,4,2,1,3,1,6,4,2,4,4,5,1,5,5,3,3,69106
4,4,4,4,1,2,3,5,2,5,1,5,1,5,5,4,4,2,3,3,14432
2,6,3,3,1,3,2,1,4,5,2,4,2,3,3,2,6,4,3,2,27381
5,3,6,5,2,4,3,4,1,4,4,4,4,5,4,3,4,4,5,4,36067
2,2,4,3,3,5,3,2,3,4,4,3,2,4,4,2,3,2,4,2,36827
4,1,1,5,4,6,2,1,5,4,6,3,2,4,3,3,3,5,6,2,1488
2,1,4,3,4,6,1,3,3,1,6,4,2,4,1,2,5,6,6,2,7297
3,2,4,5,4,3,4,3,2,4,4,5,2,4,4,4,5,6,5,2,41389
1,4,1,5,3,4,5,3,3,5,2,4,4,5,2,2,4,5,5,3,20864
3,6,5,4,4,4,1,2,2,2,3,3,4,3,4,1,5,4,4,2,186874
2,1,2,3,2,2,1,4,5,4,3,3,2,2,2,5,5,6,3,5,2523
3,2,4,5,3,5,2,3,2,3,2,5,4,3,4,5,3,4,4,2,107688
4,6,6,3,3,3,2,3,4,4,3,5,1,6,4,3,4,5,6,2,8154
2,1,4,3,3,2,3,4,3,3,1,3,3,4,2,3,4,2,5,5,461
5,3,5,4,5,5,2,1,5,2,5,4,3,4,3,2,4,4,5,2,14430
3,1,5,4,1,4,1,5,4,4,5,4,4,3,2,3,5,2,5,1,17677
3,4,4,3,4,3,4,1,2,2,2,5,2,4,1,4,6,6,4,5,57968
3,5,6,4,5,2,4,2,2,5,1,2,3,4,3,2,6,3,3,2,34284
1,6,5,2,1,3,4,4,2,4,2,4,3,6,3,2,5,2,5,5,34444
2,2,3,3,1,5,1,3,2,3,2,5,4,3,1,3,6,2,6,5,130490
2,5,4,2,5,1,4,1,3,2,1,5,5,6,3,3,4,5,6,1,177398
4,4,6,3,2,2,3,4,2,3,4,3,5,2,3,4,3,1,4,4,5132
4,4,6,4,2,5,4,2,4,6,4,3,2,5,3,2,3,1,4,5,7257
3,6,4,4,3,5,3,3,3,4,1,3,4,5,4,1,6,2,4,2,47094
3,4,2,2,4,4,3,3,2,3,3,2,2,5,2,3,6,1,5,4,31734
5,3,5,4,2,4,5,4,2,6,5,3,1,6,3,4,4,2,4,3,14307
2,5,3,2,3,2,1,3,5,1,5,5,3,5,4,2,4,4,5,4,18104
2,3,2,3,1,5,1,2,2,2,5,3,2,3,2,2,5,1,3,3,19132
5,3,1,3,5,4,2,2,2,3,2,2,1,3,1,4,5,1,4,4,12700
4,6,2,3,5,3,3,2,4,5,1,2,4,3,2,3,3,1,4,4,17406
2,1,5,4,2,2,2,1,4,5,3,4,3,6,1,3,4,5,3,2,37472
3,1,3,5,3,6,5,5,5,3,1,4,4,4,5,1,6,5,4,5,7471
3,4,5,5,5,1,2,5,3,5,6,4,2,6,3,3,5,3,4,3,70172
2,6,1,4,3,2,2,5,4,3,2,3,2,3,4,2,5,6,5,1,12369
3,3,6,5,4,3,5,2,3,2,6,4,1,5,2,3,4,2,6,1,106611
4,2,1,4,3,3,4,1,3,1,3,5,1,2,2,1,4,1,6,3,9736
2,1,4,3,1,6,3,4,2,1,5,2,3,5,5,1,6,2,3,5,12444
2,3,3,3,3,6,3,1,4,4,1,5,1,4,4,4,6,1,4,2,9416
3,1,2,2,3,6,2,3,1,4,5,5,4,6,4,3,5,2,4,5,29458
3,4,5,3,1,2,2,4,3,5,3,4,4,5,2,1,6,5,6,5,81262
3,2,4,5,3,6,4,3,4,5,1,4,3,4,2,3,5,3,3,2,256
5,2,4,5,2,5,4,3,5,2,2,3,3,4,1,3,3,1,4,3,30030
1,3,3,2,1,6,4,1,4,3,2,5,5,4,2,4,6,1,4,4,58289
2,2,3,4,5,3,3,4,2,6,2,3,2,4,3,2,4,4,4,3,49748
5,6,4,4,2,2,4,2,3,2,5,3,3,4,5,2,4,5,4,3,4255
4,2,2,5,4,5,2,5,4,5,2,2,5,4,1,5,3,4,6,5,8298
4,2,4,2,3,4,3,2,2,4,3,2,1,4,2,2,6,4,3,4,6127
4,1,5,2,4,4,3,1,2,1,3,5,1,5,3,3,6,3,6,1,18350
1,3,1,4,5,2,2,2,3,2,4,5,1,4,5,4,4,5,5,1,27948
2,5,3,4,2,1,5,3,3,5,3,3,5,5,2,3,6,3,4,3,61791
4,3,2,3,5,3,1,2,2,5,2,4,3,6,2,2,4,5,4,2,37885
4,2,5,2,1,4,2,3,1,1,4,4,3,5,1,2,6,3,6,3,83777
3,4,2,4,2,2,4,3,2,5,6,4,2,4,4,4,5,3,4,2,17471
2,3,2,2,5,4,1,2,2,3,2,4,2,6,3,4,5,1,3,1,137706
4,5,6,2,4,1,4,2,4,2,5,5,1,5,3,1,6,3,5,2,69189
1,4,3,4,4,5,1,3,1,3,4,4,3,4,5,2,6,5,5,1,121883
1,3,4,3,5,4,1,1,5,2,6,4,2,5,3,3,6,3,5,1,139770
5,4,2,3,3,3,4,5,1,6,5,4,1,6,5,5,4,4,3,5,6320
1,2,1,2,5,4,2,3,3,1,4,4,3,5,2,1,4,4,4,3,11371
3,1,4,4,5,3,3,5,2,5,4,4,2,5,2,3,4,2,6,3,13809
5,3,6,4,4,3,2,4,4,4,3,4,4,2,2,2,3,5,4,5,30155
2,5,3,5,4,3,1,1,4,5,2,5,4,3,5,2,5,2,6,3,75497
5,5,1,5,2,2,5,3,2,2,5,3,2,4,3,5,4,3,6,4,6466
4,5,5,3,4,6,3,2,3,6,5,4,2,5,3,2,4,6,6,4,2464
4,6,4,3,3,3,3,4,4,2,5,2,3,6,1,5,5,2,4,1,1110
5,6,2,2,3,3,2,3,2,3,4,2,2,3,5,4,4,5,4,3,3864
1,1,4,5,3,5,2,2,2,3,4,3,4,5,1,3,5,5,4,3,47137
2,5,1,4,3,3,5,5,2,1,4,3,1,3,4,3,5,4,4,2,22927
1,3,1,4,5,6,1,2,4,2,6,5,5,3,2,3,5,5,5,2,115060
4,3,6,4,3,2,4,2,4,2,4,4,1,3,5,1,6,5,5,4,39231
4,3,2,5,1,3,3,1,3,4,5,4,2,5,3,2,4,3,5,4,262
3,5,4,4,2,4,2,1,3,2,2,5,2,5,2,4,4,2,3,1,44388
5,5,5,3,3,6,2,4,4,3,2,3,2,2,2,3,6,5,5,4,6130
3,4,5,3,4,6,4,5,1,4,1,5,3,4,5,3,3,5,5,5,21632
4,2,5,2,2,2,4,2,2,3,3,4,1,3,2,5,5,4,5,2,32061
3,4,3,3,3,3,5,2,4,3,3,3,1,6,1,3,4,3,5,2,43953
4,1,1,4,2,5,2,1,4,1,2,5,3,2,2,4,4,2,4,4,7790
2,4,6,4,4,3,2,4,3,5,2,4,5,3,4,3,5,2,5,5,91499
3,2,5,5,2,3,4,5,4,1,4,3,2,6,2,4,4,3,5,2,47853
4,4,3,3,3,2,5,4,4,4,5,5,2,6,1,4,3,5,5,5,1272
5,3,3,2,3,6,2,3,3,3,3,3,3,4,2,1,5,2,4,3,11122
3,3,5,4,4,2,3,4,2,2,2,3,2,3,4,3,3,3,5,2,58276
2,5,6,3,1,1,5,2,5,4,1,2,1,5,4,5,4,1,5,5,2813
2,2,2,4,2,5,1,4,5,3,6,3,2,4,2,2,4,1,5,1,1836
3,5,4,4,1,3,3,2,1,4,4,2,2,2,5,2,3,4,5,4,6881
3,2,2,5,1,2,1,4,3,5,3,5,3,4,3,2,4,3,4,5,49247
3,4,1,4,4,4,2,2,2,2,5,3,4,3,5,1,5,5,6,3,21588
2,2,2,4,3,5,4,2,5,3,4,3,3,4,1,5,3,1,6,2,4278
4,3,2,3,5,5,4,2,2,3,3,3,4,5,4,2,3,6,4,5,21414
4,3,5,3,1,5,2,4,1,4,4,3,4,5,3,4,4,3,5,4,31665
5,2,5,2,2,2,2,4,3,3,2,2,1,5,4,3,3,2,6,1,23417
2,6,4,4,5,3,4,4,5,1,4,4,5,5,3,3,3,3,5,2,68725
2,1,6,3,2,6,5,4,2,2,4,5,5,2,3,3,4,3,3,5,25479
3,3,3,4,2,2,4,5,2,6,4,4,3,5,2,3,3,4,6,3,9988
2,6,5,5,4,6,4,4,4,5,4,3,2,2,2,2,4,4,4,2,24975
5,1,3,3,4,4,3,2,4,5,1,4,4,4,3,2,6,4,4,4,29130
5,5,3,3,4,2,3,4,2,4,1,4,2,3,2,3,3,5,4,4,32222
3,3,4,4,2,5,1,2,4,4,4,4,2,5,2,2,6,5,6,5,34754
1,2,5,3,2,3,3,4,1,6,1,3,5,3,1,4,4,5,4,1,21926
3,5,1,4,3,2,2,5,1,2,1,4,2,2,4,2,6,3,4,1,15606
5,2,1,4,3,1,2,2,4,3,2,4,2,6,3,1,6,3,3,1,33030
4,5,5,3,2,5,1,1,3,4,5,3,3,3,2,5,3,3,5,4,17921
3,4,5,4,2,2,3,3,2,3,3,4,2,5,2,1,4,6,4,3,42606
3,5,5,5,5,4,4,3,3,3,1,3,2,6,2,4,5,6,6,5,53506
3,2,3,4,4,5,2,1,4,5,2,4,3,5,3,1,3,2,5,2,63143
4,5,4,5,3,5,1,4,3,4,4,3,2,6,4,4,4,4,4,4,20907
5,5,3,5,3,1,3,2,2,2,3,2,3,5,2,1,4,4,4,5,12553
5,2,2,2,4,6,5,2,4,2,3,3,4,6,3,5,5,1,5,3,5004
1,6,5,4,3,2,2,4,5,3,3,3,2,4,4,2,6,3,5,4,60564
3,3,2,3,1,3,3,4,2,6,6,4,1,3,4,3,4,4,5,3,1512
4,4,5,5,4,5,2,3,3,3,5,3,1,3,5,1,4,5,6,2,13695
3,4,4,2,2,6,3,2,2,3,6,3,3,4,3,1,5,5,5,4,13385
3,1,4,4,3,3,2,1,5,5,3,3,2,5,1,4,6,6,6,3,131727
1,4,1,4,4,6,3,2,1,4,2,3,3,4,2,3,3,1,3,3,37723
4,5,5,3,1,4,4,2,2,3,4,4,3,3,3,2,5,6,4,3,25987
2,5,6,4,3,5,3,3,5,2,2,4,1,3,3,3,5,3,6,3,62129
4,6,2,3,1,4,5,4,3,5,5,2,1,5,3,4,4,6,4,3,801
2,3,4,3,2,2,2,3,2,2,2,3,1,4,4,2,5,4,5,4,24008
4,4,3,4,3,1,4,4,2,6,6,3,2,4,2,1,4,4,3,3,24264
2,4,2,3,4,5,3,3,2,1,4,4,2,2,4,3,4,4,6,1,32532
3,5,2,5,4,2,4,4,4,5,4,3,2,6,4,3,4,3,6,4,17497
4,4,5,2,4,3,5,3,5,6,3,2,4,4,3,1,4,6,4,3,12275
2,2,6,2,5,5,3,3,1,4,4,2,4,4,2,3,5,4,3,3,34711
4,1,3,2,2,2,3,3,3,2,5,4,4,6,3,2,3,6,4,1,56639
4,2,5,2,5,5,3,4,3,5,5,3,3,3,1,2,6,6,6,4,17915
3,3,4,5,3,6,4,1,2,5,6,5,2,3,2,4,5,4,6,4,11038
4,4,6,4,3,6,2,2,3,3,2,4,5,5,4,3,4,4,4,4,37531
4,5,4,5,4,2,2,3,2,1,5,5,2,2,2,2,4,5,6,2,29644
4,4,5,4,2,2,4,3,4,2,3,3,2,4,5,5,6,5,6,3,28163
2,4,3,4,2,2,1,5,3,3,3,5,1,2,4,2,3,4,3,2,20788
3,3,4,5,4,6,2,2,1,4,4,4,3,3,4,2,4,4,4,2,2442
4,5,3,3,4,3,5,3,3,1,2,4,3,4,4,3,5,6,5,1,15965
1,6,5,4,3,3,1,2,1,3,2,3,2,4,4,5,6,5,6,4,84330
2,3,5,3,2,6,2,2,2,5,5,4,1,3,3,3,3,2,5,2,22550
3,3,3,3,2,4,5,3,4,2,6,5,4,3,5,2,4,5,6,4,31323
2,4,2,4,3,2,4,5,3,2,4,5,4,6,3,1,4,3,6,3,111542
1,5,4,3,2,2,3,2,4,5,2,3,4,3,5,3,4,4,4,3,21707
3,4,6,3,4,2,4,4,2,3,5,4,1,3,5,4,3,4,4,5,5820
2,1,3,4,1,2,4,5,4,2,2,3,1,3,5,3,5,6,6,4,10680
2,3,2,3,4,6,3,4,1,2,5,2,2,4,1,4,5,3,4,1,18380
3,4,6,4,4,3,5,3,4,3,3,4,2,4,4,2,4,3,3,2,11259
2,3,5,5,5,6,2,1,2,4,4,4,3,3,1,2,5,3,5,3,179389
2,3,3,2,4,3,4,5,1,5,2,3,2,3,2,5,6,1,6,2,36530
3,6,3,4,1,3,5,3,4,6,5,2,3,6,3,4,4,1,5,1,3437
4,4,4,4,3,3,4,3,4,6,2,2,2,5,2,4,4,5,6,3,2851
4,1,3,5,1,2,3,4,4,5,3,2,4,6,4,4,4,2,6,3,82
4,6,3,5,2,6,4,4,4,2,4,5,2,6,2,3,5,3,4,4,13363
4,6,6,4,2,4,3,2,3,1,5,3,3,5,2,4,5,2,4,4,67162
5,5,4,4,3,4,3,5,5,3,1,3,1,5,2,1,3,5,5,3,13173
5,4,4,3,2,6,4,1,4,5,3,5,2,6,1,2,5,3,4,4,35009
3,3,3,3,4,5,1,4,4,3,3,5,2,3,5,1,6,5,4,3,30064
1,3,3,5,5,1,3,5,4,4,5,3,3,3,3,5,5,4,5,5,3032
2,2,3,4,4,2,5,5,3,2,4,5,4,4,5,4,3,2,6,4,33251
4,2,5,2,5,2,1,3,3,3,4,4,4,5,2,4,3,4,5,2,117513
3,3,2,2,4,5,1,2,2,4,5,5,2,3,3,3,3,2,5,1,74940
4,5,4,4,3,1,1,5,4,6,4,4,4,2,5,5,3,4,4,3,6640
1,4,6,3,4,5,4,2,2,3,3,4,4,6,1,1,4,5,3,2,96447
5,5,2,2,4,2,2,3,1,5,4,5,3,3,4,4,6,2,4,5,19762
5,4,6,3,4,5,4,2,2,3,1,5,4,4,3,3,3,5,4,3,59866
4,3,5,4,4,4,5,3,2,3,5,3,2,5,5,3,3,2,3,3,33898
3,1,3,4,4,6,4,1,2,5,2,4,3,5,4,3,5,3,5,3,128186
1,6,4,3,1,2,4,5,2,3,5,4,3,5,5,1,4,4,4,5,44
3,5,6,3,2,2,4,2,3,5,3,5,2,4,2,1,4,5,5,4,43724
2,5,6,4,2,3,5,3,5,3,4,3,5,4,2,5,4,1,3,5,17769
4,1,2,3,4,4,4,2,2,5,3,4,1,4,4,4,6,6,6,2,841
3,1,3,2,2,4,2,5,2,4,1,5,4,5,1,1,5,1,3,5,101349
3,5,2,2,4,3,3,1,2,6,6,3,3,3,2,3,4,4,5,2,186
2,4,1,5,2,6,1,3,3,2,4,3,3,3,3,3,6,2,5,3,2601
4,2,3,3,4,5,1,2,2,4,4,4,1,2,2,5,5,4,6,4,601
3,6,2,4,2,4,1,4,1,4,2,4,2,4,2,4,4,1,5,3,9257
2,4,2,3,5,2,5,1,5,3,2,5,4,2,3,4,4,2,6,1,377
4,5,3,3,1,6,3,2,1,3,5,4,4,3,4,3,4,4,4,5,2398
1,3,5,2,2,2,2,3,3,2,5,3,2,3,2,2,6,5,3,3,2812
4,2,5,4,1,2,1,4,2,4,3,4,5,3,2,2,6,2,5,2,156962
2,6,2,3,4,2,5,2,1,6,3,3,4,5,3,3,5,4,5,1,86923
3,3,6,5,2,2,2,3,4,5,6,4,5,4,5,1,5,4,3,2,60992
3,5,5,2,4,5,3,2,3,5,4,4,1,5,3,1,5,2,5,2,16808
5,4,4,2,2,4,3,3,3,4,3,5,4,3,5,2,4,4,3,3,1292
3,4,5,3,3,4,3,4,2,3,4,4,5,4,2,3,6,3,5,2,25501
3,4,4,2,5,2,3,2,4,5,4,5,2,3,5,3,4,1,5,2,27996
5,6,1,3,2,3,4,2,2,2,4,3,4,2,5,2,6,5,5,3,6332
1,3,5,4,5,3,2,3,3,3,4,3,3,4,2,1,5,2,5,5,60441
1,5,3,3,2,3,3,3,2,2,2,3,5,5,5,1,4,2,5,4,48069
3,5,3,5,2,1,2,4,2,1,3,3,2,4,4,2,4,3,5,4,2933
4,3,1,4,2,4,4,5,2,4,5,2,2,3,5,3,5,1,4,3,9392
3,4,4,2,2,5,4,3,3,6,4,4,2,6,5,4,5,5,4,2,18165
3,5,5,4,3,2,3,3,4,2,5,3,2,4,4,3,5,5,3,5,20776
4,6,5,2,1,5,4,3,4,2,3,5,5,3,2,1,3,4,6,2,4572
5,4,4,4,3,5,4,2,1,3,6,3,1,3,3,4,5,4,5,3,18711
2,4,6,3,2,4,4,4,3,1,2,2,1,3,3,2,6,2,4,4,4071
2,5,3,5,5,2,1,5,3,6,1,2,3,5,4,3,5,2,6,3,66109
2,1,2,4,5,2,1,1,2,5,5,4,3,5,4,4,5,2,4,5,12602
2,2,4,4,2,4,3,3,3,4,4,3,5,5,2,4,5,4,4,4,1144
2,5,4,3,5,1,2,2,4,4,2,2,4,5,4,5,4,3,4,4,32193
4,1,4,3,1,1,5,3,1,4,4,3,2,2,2,4,4,3,3,1,19773
2,6,3,4,3,6,1,1,3,5,4,2,4,6,5,4,6,2,4,3,22004
2,2,5,4,3,6,2,5,2,2,6,3,2,5,4,2,4,4,5,3,34113
5,2,6,3,4,5,2,4,3,4,2,5,3,2,4,2,5,4,4,3,36846
3,1,4,3,3,6,4,3,5,6,4,3,5,4,3,3,3,3,4,2,13031
3,5,4,3,3,2,4,1,4,2,4,3,2,3,4,4,4,6,5,1,11547
2,2,3,4,1,3,4,3,4,3,3,5,4,2,2,2,5,2,5,2,19641
3,2,4,5,2,3,3,2,4,4,2,5,2,2,2,1,5,4,3,5,6448
2,4,1,2,2,5,3,2,2,1,6,3,2,5,3,3,5,5,5,4,1308
4,4,3,3,2,2,1,4,4,4,5,3,5,6,5,4,5,5,4,4,10559
4,3,5,3,1,5,2,4,1,3,5,4,4,3,2,1,4,4,3,4,10405
2,3,1,4,3,2,2,3,5,5,4,3,3,4,2,3,5,2,5,4,36518
2,6,5,3,5,4,3,2,1,5,4,4,2,4,4,4,4,1,3,5,59686
3,4,1,3,1,5,2,4,2,4,1,3,3,4,4,3,3,2,5,3,6362
4,2,5,4,1,2,1,4,2,2,2,2,4,3,1,4,6,2,4,2,93258
5,2,4,3,5,1,2,3,3,1,5,4,2,4,2,3,4,4,5,2,75992
2,3,6,5,5,2,2,4,3,3,2,2,5,3,4,2,4,5,3,3,19764
1,3,4,4,4,3,4,4,4,5,5,5,4,5,2,3,5,5,3,5,22076
3,5,6,3,4,6,1,4,2,3,2,5,5,3,5,4,4,2,4,4,35212
1,2,6,2,2,3,3,4,2,4,3,5,5,5,3,4,6,5,6,2,88502
2,5,4,2,2,1,4,1,2,4,5,2,5,4,5,4,5,2,5,5,17584
2,3,4,4,4,1,3,2,3,2,5,3,2,3,4,5,5,4,4,3,17085
3,2,2,3,2,4,3,2,2,4,4,4,3,3,3,3,3,4,5,4,22863
5,5,6,4,4,3,3,5,1,2,6,4,5,6,3,5,4,2,6,3,48937
2,5,2,3,5,5,2,2,2,3,5,5,2,4,4,4,4,2,4,4,30979
2,3,3,2,2,4,4,4,4,3,4,5,3,4,3,2,4,4,6,3,51094
5,1,3,3,1,2,3,3,2,5,5,2,2,3,2,1,4,6,4,3,2332
4,3,2,4,3,4,4,5,2,4,5,2,4,5,4,3,5,1,6,3,26076
2,5,2,3,4,4,2,5,3,2,5,4,3,6,5,2,4,6,3,3,8119
5,2,3,4,1,4,3,2,3,3,3,5,4,2,2,4,4,6,5,3,4263
5,6,1,3,5,2,2,2,1,1,5,3,5,6,2,2,5,2,3,3,38984
1,5,3,4,3,2,2,3,4,5,3,5,1,4,1,5,6,4,5,1,19272
5,4,1,3,3,1,2,3,3,3,2,2,2,5,4,2,4,1,5,4,12724
4,3,3,3,3,4,4,2,3,5,4,4,2,6,2,4,5,5,6,4,1435
3,5,6,3,2,3,4,2,5,6,3,4,2,2,3,4,5,4,4,2,25687
3,4,5,4,1,5,3,4,3,4,4,5,5,3,2,2,6,3,4,3,55581
3,4,2,2,5,5,3,3,5,1,2,3,2,4,4,5,4,5,4,5,7690
3,5,1,5,2,2,4,4,4,6,4,3,4,5,4,3,3,5,4,2,6608
1,1,5,3,3,1,1,5,3,3,2,2,5,4,3,4,4,4,4,2,61335
3,1,6,4,4,3,1,2,3,6,2,4,4,6,2,3,3,6,4,4,48797
4,1,4,2,3,4,2,2,2,2,6,4,1,4,3,4,3,6,5,3,19967
4,1,2,3,4,2,2,5,2,2,5,4,3,4,2,4,4,5,4,3,25238
2,4,5,3,4,4,3,5,5,6,2,2,1,4,3,5,6,3,3,4,6481
1,6,5,3,5,3,3,4,5,6,3,2,2,4,3,3,4,5,6,1,26319
1,5,3,2,4,4,3,2,1,3,4,3,3,4,1,1,4,2,4,4,81296
5,2,3,2,2,4,4,1,3,5,6,5,4,4,3,2,6,3,4,4,39227
3,1,1,2,3,6,2,3,2,4,1,2,1,4,1,2,5,5,5,2,43258
2,3,5,3,2,5,4,3,3,4,3,5,4,5,5,4,4,5,6,4,14514
1,2,5,5,4,2,4,3,2,5,5,3,3,5,2,3,5,2,3,2,14876
3,3,5,3,2,6,1,1,2,2,6,5,3,2,2,3,6,2,3,1,39876
4,3,5,4,4,1,4,3,2,5,4,4,4,4,4,4,5,2,6,4,78954
2,3,4,5,5,1,4,2,2,4,4,3,3,2,3,4,4,2,3,3,181
1,5,4,5,3,6,3,2,2,4,1,3,5,5,3,4,5,5,5,4,45022
2,3,5,2,1,3,2,3,2,4,4,4,5,5,5,1,3,5,5,5,25335
2,4,6,2,2,6,3,5,2,6,1,3,3,5,1,5,6,5,4,2,14891
5,3,4,4,2,2,2,3,4,4,2,3,4,4,3,4,6,1,5,2,79259
5,4,6,4,3,1,3,4,5,5,3,5,4,5,4,3,5,5,5,4,32232
2,5,2,2,3,5,5,3,1,3,3,4,3,3,1,2,6,1,4,3,20868
3,3,5,3,1,6,3,3,3,5,5,3,3,4,5,3,5,3,3,4,9940
3,5,3,5,2,3,2,1,4,3,4,5,3,2,2,1,3,6,3,4,10112
2,4,5,3,5,5,5,2,2,4,3,4,3,5,3,5,3,2,4,2,42997
5,5,5,4,3,3,1,4,3,3,6,3,4,3,4,2,6,3,4,4,17567
3,3,6,3,3,3,5,3,2,5,3,4,4,5,2,4,3,1,5,1,55614
5,4,2,5,3,4,1,3,2,3,2,2,3,3,3,4,4,1,6,2,30637
5,1,4,4,3,3,2,2,2,4,6,2,2,4,3,1,3,3,4,4,42808
2,5,5,2,5,4,4,2,2,2,3,3,3,5,1,4,4,6,4,3,11347
3,5,1,3,4,3,2,3,3,6,1,3,3,4,3,2,4,3,5,3,427
1,2,2,2,4,2,3,4,4,6,3,2,3,6,3,2,4,6,6,5,14410
5,3,6,3,3,2,4,2,4,2,2,4,5,4,1,3,4,3,6,4,96415
3,5,6,4,2,6,1,1,2,4,6,5,1,4,4,3,5,4,3,4,5779
5,5,4,4,3,4,5,2,3,5,4,2,1,6,4,2,4,2,6,4,21730
1,4,6,3,5,2,3,1,4,6,2,5,2,3,1,4,5,4,6,5,45375
5,1,1,5,4,2,2,3,1,4,2,4,4,5,4,1,4,1,5,2,55487
2,4,3,2,4,2,3,2,4,5,5,3,1,3,4,5,6,2,5,2,4802
5,2,5,2,2,2,3,4,3,6,3,3,2,3,2,4,5,6,4,2,3078
5,5,5,2,5,2,4,3,4,5,4,5,3,3,4,3,3,6,5,2,20155
1,5,4,3,3,4,4,1,5,1,1,4,2,2,2,5,5,3,4,5,28963
2,3,3,2,2,2,3,3,5,5,4,3,4,5,2,3,6,6,5,4,12615
3,2,2,4,2,2,4,3,2,1,3,4,1,3,1,5,5,5,6,1,9268
4,3,4,4,2,4,2,5,3,4,5,2,3,3,2,5,5,4,3,2,7465
1,5,2,2,3,3,3,3,3,1,4,5,1,2,4,5,5,3,4,5,8629
2,5,2,5,5,6,3,3,4,2,5,2,2,3,5,1,5,3,3,2,15332
2,6,5,4,2,6,2,3,2,5,2,4,2,5,2,2,3,3,6,1,62150
2,5,1,2,4,5,1,4,3,2,2,3,2,2,2,2,5,1,3,1,23548
3,5,6,3,5,5,5,2,2,1,2,3,4,6,4,2,5,3,3,5,1242
2,3,3,2,3,6,4,1,2,4,2,4,4,3,4,2,4,6,6,3,13262
2,2,4,3,3,2,2,2,3,2,2,2,3,5,4,2,6,2,5,4,91819
2,2,3,4,4,3,2,5,2,3,3,4,5,5,3,2,6,4,5,4,170025
2,4,3,4,2,1,5,5,5,5,2,3,4,3,3,3,4,5,4,2,21726
2,4,2,5,4,2,1,4,2,6,2,5,2,5,4,1,3,5,6,2,12465
2,5,4,4,3,3,1,3,5,3,4,5,4,5,1,5,3,5,5,3,33944
5,3,5,4,4,2,3,2,3,5,6,3,4,5,5,5,5,2,4,1,14052
3,5,1,4,5,3,1,1,2,2,2,4,3,3,3,1,3,6,5,2,103408
2,2,2,3,4,6,4,2,3,5,1,3,2,5,1,3,6,2,6,3,11323
1,2,3,4,1,5,4,2,3,4,5,5,3,4,1,2,4,5,3,5,6372
2,3,4,4,1,1,4,3,3,4,5,2,3,3,3,3,4,4,4,2,19438
2,2,4,4,5,2,1,4,5,4,2,4,2,5,3,3,3,5,3,5,27721
3,6,1,5,3,2,1,4,4,5,5,4,4,5,3,4,5,6,4,2,35374
3,4,5,5,2,3,4,3,3,4,5,3,1,5,1,2,4,3,4,1,17780
3,3,4,5,1,2,1,4,2,2,5,4,5,6,1,2,5,2,3,4,112786
3,4,1,3,4,1,5,2,2,1,6,4,2,4,3,2,4,4,3,1,74406
4,4,5,3,4,6,2,2,4,1,2,3,3,5,4,4,6,6,3,1,64914
5,6,4,4,3,4,4,3,3,4,2,4,5,5,4,1,5,5,3,2,4912
1,6,4,5,3,3,2,1,3,4,5,3,1,5,3,1,5,2,5,4,102102
3,4,4,4,3,4,2,5,2,1,6,3,1,5,3,4,5,4,4,4,6923
3,4,1,5,1,4,5,2,4,2,6,2,5,6,4,3,5,4,4,2,165
2,2,1,2,2,1,5,4,5,6,5,5,2,6,2,2,5,3,5,2,42728
2,3,4,2,5,4,5,4,3,5,5,3,4,4,3,4,6,2,3,5,13119
5,4,2,4,3,4,4,2,2,2,4,2,4,2,2,3,5,3,5,4,11177
2,6,5,2,2,2,2,4,5,4,5,4,3,3,5,5,5,3,3,5,6470
1,1,3,3,3,3,3,3,4,2,3,4,2,4,2,3,3,4,5,1,19002
2,5,5,5,4,6,2,2,3,3,3,4,2,6,3,3,3,4,4,3,49877
4,4,5,4,2,1,3,4,2,3,2,3,5,4,1,2,5,2,4,1,66668
3,4,5,4,2,3,3,4,5,2,2,5,3,5,3,2,4,3,3,4,59186
4,1,4,2,5,5,1,2,2,2,2,4,1,6,1,1,5,3,4,3,90166
2,5,1,2,1,4,4,3,5,4,3,3,2,4,1,3,5,5,6,2,21090
2,2,4,4,2,6,4,2,3,4,5,2,4,6,4,4,5,4,4,2,23464
2,4,3,3,2,2,2,4,5,4,6,2,2,5,2,2,4,4,4,1,17726
4,1,2,4,4,4,5,4,1,5,1,5,2,6,4,2,4,2,4,2,79272
4,2,6,4,2,1,2,1,2,1,4,4,4,2,3,5,5,4,4,3,4731
2,3,4,5,5,5,2,2,5,5,1,3,4,5,2,5,6,4,3,2,52781
3,4,1,4,4,3,2,4,2,1,5,5,3,2,2,4,4,5,4,4,20689
4,4,3,3,3,6,2,2,4,2,4,2,3,5,5,3,4,5,3,3,4448
3,5,5,4,2,2,5,4,2,4,5,3,2,3,5,2,4,1,3,2,5639
5,2,2,4,4,4,2,3,4,1,5,3,3,4,4,1,5,3,5,2,34571
4,2,5,4,4,3,1,5,2,6,1,3,2,4,2,4,3,2,4,3,12777
4,5,2,4,3,5,2,4,3,3,5,3,3,6,5,4,3,5,4,2,11766
4,3,4,4,2,5,4,3,3,1,3,4,4,4,3,4,4,4,5,3,30241
5,6,3,4,2,2,5,3,3,6,4,4,2,3,3,5,4,4,5,4,6888
3,5,2,5,2,2,5,2,2,5,3,5,4,3,5,5,6,3,6,2,9005
3,2,5,4,4,3,5,5,3,2,5,2,2,5,3,4,4,1,4,3,13132
5,6,5,2,4,1,4,4,3,5,2,5,3,5,4,1,5,3,5,3,7775
4,3,3,4,2,5,3,4,5,4,1,3,5,5,3,4,4,4,3,3,22555
1,6,6,4,4,5,4,4,5,2,3,3,3,4,5,1,3,1,4,3,28422
4,4,3,3,1,4,2,3,4,4,6,2,2,4,2,3,5,3,6,5,653
1,6,1,5,4,1,2,5,2,3,1,3,4,5,4,3,4,1,6,2,40934
4,4,4,4,4,2,2,3,5,5,5,3,1,4,4,3,5,2,6,3,29703
2,2,5,3,5,5,5,3,3,1,4,3,4,3,5,4,4,2,4,4,43822
5,5,3,2,4,1,4,1,5,1,5,3,4,4,4,1,5,1,3,4,26277
4,6,3,4,2,6,3,4,3,6,4,4,5,4,4,2,6,2,4,5,16081
3,3,4,5,4,2,1,4,4,3,2,4,3,3,1,5,5,6,4,2,6636
3,2,4,4,4,4,2,4,2,3,4,3,5,3,4,3,5,3,5,2,127788
2,4,6,3,5,2,4,4,2,6,5,5,4,3,3,3,3,4,3,2,6360
3,3,2,3,4,5,4,5,2,2,4,4,5,5,2,3,6,6,4,2,10382
3,4,5,2,3,5,4,1,5,6,2,3,2,2,3,4,5,1,5,3,16347
3,1,3,5,2,3,4,3,2,3,2,4,3,5,4,4,4,5,5,1,34803
5,3,3,4,4,5,2,5,2,3,5,3,5,3,2,2,6,2,4,2,75240
2,3,5,4,1,2,2,3,1,4,2,2,3,5,2,3,6,5,5,3,10648
5,2,1,5,3,5,5,4,4,3,2,3,1,4,1,3,4,2,4,3,7484
1,6,2,3,3,2,1,4,2,5,4,4,3,4,4,3,4,5,6,2,5556
5,3,1,3,2,6,5,3,2,5,4,4,2,3,3,2,5,5,4,4,4107
4,2,2,2,2,3,2,1,2,3,6,3,5,5,2,4,4,4,4,4,59819
4,2,2,5,2,6,1,4,3,2,1,3,1,4,3,1,6,3,6,3,31183
2,5,6,3,1,5,5,3,3,6,4,5,2,2,4,3,5,2,3,5,824
5,2,6,5,2,2,3,1,3,2,1,3,2,6,2,2,5,6,6,1,234541
2,3,3,2,3,5,5,4,3,6,2,5,5,4,4,5,3,3,4,4,13162
2,5,3,3,2,3,3,3,2,2,1,3,5,4,2,4,6,2,6,3,17734
3,5,3,2,4,3,2,3,2,1,3,4,4,5,4,1,5,4,5,2,91309
1,4,6,3,1,3,2,5,1,2,2,3,2,5,2,2,6,2,4,1,25245
5,4,5,3,4,5,4,4,3,3,3,3,3,3,1,2,3,2,6,5,17241
5,2,6,4,3,3,3,4,2,6,3,5,1,2,5,4,5,5,6,1,26268
2,6,4,4,3,3,4,1,3,5,1,2,4,6,2,3,4,5,5,5,15508
2,3,4,3,2,3,3,5,3,3,3,4,1,6,1,5,6,2,3,2,33496
4,2,6,5,5,2,3,4,4,4,6,2,5,5,2,2,5,1,5,2,86820
4,3,3,3,3,6,4,5,4,5,2,4,4,4,2,4,5,2,4,1,24987
1,3,3,2,3,2,2,3,2,3,3,4,2,5,4,1,3,2,4,5,45242
3,2,3,5,3,2,2,2,4,4,6,3,3,4,2,3,5,5,4,1,40298
1,5,6,5,3,5,5,1,4,3,4,3,3,6,3,5,4,3,6,2,7078
4,5,4,3,4,4,3,3,4,3,4,4,3,2,4,3,6,3,3,2,20387
4,6,5,3,4,5,4,2,4,1,4,4,4,4,3,2,5,5,4,2,27909
5,4,2,4,3,3,4,4,2,2,1,3,2,2,2,2,4,4,5,2,4415
2,5,5,4,2,2,5,3,3,2,6,3,4,3,3,3,5,2,3,4,726
2,4,4,5,3,2,4,2,1,2,5,4,3,4,2,4,5,5,5,3,108231
3,6,5,4,3,5,4,3,2,6,6,4,2,5,4,2,6,5,4,4,14652
2,3,3,3,4,3,4,3,2,5,5,2,4,4,3,4,6,3,5,3,53193
1,3,3,3,1,4,2,4,4,4,1,2,4,3,5,2,4,2,3,4,2782
4,4,3,3,4,3,1,4,2,3,3,3,1,4,3,1,4,2,5,2,28406
4,1,2,2,4,5,5,4,5,4,5,4,2,3,4,4,4,2,5,4,5682
2,5,4,3,4,2,4,2,3,6,3,3,2,4,1,4,3,3,4,1,5884
1,6,3,5,4,2,2,5,2,1,5,3,3,3,1,2,4,4,3,3,54020
3,5,5,3,4,6,2,3,2,2,5,4,4,5,4,5,3,2,4,3,14998
5,5,2,4,5,2,1,1,2,4,3,4,4,2,4,4,5,3,6,1,22111
4,2,3,4,4,2,2,1,5,4,2,5,4,4,3,2,6,1,3,3,73839
4,4,4,4,1,5,3,1,5,6,6,5,2,5,2,3,6,5,4,2,15373
3,3,6,2,4,4,2,4,5,3,4,4,2,4,2,1,3,4,6,4,7179
3,3,4,3,3,5,4,4,2,3,4,3,2,4,2,3,3,1,4,2,39349
2,3,3,4,3,4,2,3,2,4,4,3,3,3,2,2,4,4,4,3,46046
4,3,3,2,4,6,3,4,2,6,4,3,2,2,4,2,5,5,3,2,1260
2,5,3,5,1,4,1,3,5,5,2,3,3,2,1,3,5,1,4,2,6926
5,1,4,4,1,4,4,3,2,2,1,4,3,2,5,2,4,2,4,1,28973
5,6,5,3,3,6,4,5,4,4,2,3,3,4,1,2,3,4,5,2,20378
5,4,3,3,3,5,2,1,2,2,5,3,4,4,2,2,6,6,5,3,40544
1,2,5,4,2,5,1,4,1,2,4,3,1,3,4,2,5,5,5,3,53739
4,6,4,4,4,2,3,2,2,2,4,4,2,5,4,3,4,4,4,4,235
2,4,1,2,2,1,3,1,5,4,2,3,2,5,3,2,4,2,5,3,10001
4,4,4,2,4,4,4,3,2,4,6,5,2,5,4,4,5,5,6,5,9630
4,5,2,4,3,4,1,2,3,5,3,4,2,4,1,4,6,3,4,2,9304
5,6,2,4,3,3,2,3,4,2,4,5,4,3,3,3,6,1,3,4,26094
5,1,5,4,2,2,2,4,5,1,4,3,4,3,2,4,6,3,3,1,18156
4,2,5,4,3,5,5,3,5,3,2,4,1,6,3,4,5,2,5,5,4168
3,1,4,5,5,4,1,5,5,5,1,2,3,4,4,5,3,4,5,5,30121
2,6,2,2,1,1,3,1,4,3,6,2,4,2,2,2,5,1,5,4,1772
3,1,5,3,4,2,4,3,3,3,2,5,2,4,1,3,4,6,5,1,99995
3,3,5,2,3,5,1,4,3,6,6,4,3,2,2,2,3,4,5,3,12570
2,3,1,3,4,1,5,4,3,2,5,3,2,3,1,4,5,2,5,4,15165
3,3,2,3,5,6,2,2,3,5,5,5,3,2,2,5,5,3,4,3,10101
2,2,4,4,3,1,4,2,2,6,3,2,2,2,2,1,5,2,6,3,7002
2,1,1,2,4,3,3,5,3,6,3,3,2,2,2,3,3,5,5,4,8153
4,4,5,2,4,1,3,3,2,2,4,2,1,6,4,2,4,3,5,2,73512
5,2,5,4,4,3,4,2,2,1,6,4,2,3,5,2,5,4,4,3,2796
2,4,4,2,2,4,5,5,4,6,5,2,4,6,3,3,6,2,6,4,9355
4,2,3,3,3,4,4,3,2,3,1,3,3,2,4,2,5,2,4,3,21522
1,6,5,2,1,5,1,1,3,6,3,2,2,5,3,2,5,5,5,2,5498
4,1,2,4,1,2,2,3,5,2,4,3,3,3,1,2,5,6,5,4,27402
5,4,1,3,2,5,5,5,3,2,5,4,3,3,4,4,3,6,5,5,187
4,2,4,2,1,1,1,2,4,5,2,4,2,2,3,4,5,5,5,1,8086
3,3,3,2,3,3,5,4,1,2,5,3,5,3,1,3,4,2,5,1,28540
3,2,2,3,1,5,2,5,3,2,6,3,3,4,2,3,5,4,4,2,10924
2,2,5,4,3,2,1,2,3,1,3,3,3,5,2,5,4,3,5,2,180436
4,3,1,2,2,4,4,4,1,1,3,3,2,5,1,4,5,2,5,3,43279
3,2,2,4,2,4,4,4,2,3,5,5,4,2,4,4,4,6,5,2,6338
4,4,3,3,1,5,2,2,5,2,1,5,2,3,1,4,6,3,5,2,15813
4,2,3,3,3,5,5,1,4,5,2,3,2,3,3,3,5,2,5,2,11505
4,3,2,3,5,3,4,5,3,4,3,5,3,3,1,4,4,2,4,3,19337
2,6,5,2,2,3,2,4,2,2,5,3,3,4,3,5,4,6,3,4,16502
4,2,3,5,4,2,1,5,3,3,5,5,4,4,2,2,5,4,3,3,65967
4,4,5,3,3,2,2,2,3,3,3,2,2,5,5,4,3,4,5,1,13523
4,6,4,2,3,4,1,4,1,3,5,4,2,3,1,5,5,5,5,1,40911
3,5,1,2,3,5,1,1,5,6,4,3,5,3,1,5,4,2,3,4,9177
4,1,3,3,2,3,2,3,2,5,2,4,2,5,4,3,5,3,4,2,11131
3,3,3,2,4,5,3,4,4,5,4,5,4,4,1,5,5,4,4,5,653
3,5,5,4,3,1,5,2,2,5,2,3,2,3,3,2,4,5,4,2,16448
4,6,5,4,3,2,2,1,3,5,5,4,1,4,4,2,3,1,5,2,18151
1,1,4,4,5,6,2,3,4,4,5,5,3,4,3,4,3,5,5,2,14929
5,1,1,2,2,4,3,3,3,3,2,4,4,3,4,2,6,2,4,1,14201
3,4,6,3,5,3,2,1,4,4,5,2,5,4,5,5,3,3,4,4,42171
3,4,3,3,3,4,3,3,3,6,4,4,3,5,1,1,5,3,5,5,58904
4,5,2,4,2,1,5,4,2,5,3,5,4,3,5,4,6,3,4,1,13414
2,6,1,3,4,4,3,1,4,3,5,2,2,4,3,4,4,3,4,4,3739
1,4,3,5,3,3,3,2,3,4,2,3,4,2,4,2,4,3,4,2,40974
2,3,2,3,1,5,2,2,3,1,5,3,3,5,3,5,5,4,5,3,18438
3,3,2,2,4,2,3,3,5,2,1,3,2,6,3,4,4,5,4,2,30169
2,2,4,5,1,3,2,4,4,2,2,5,1,3,2,2,5,5,6,5,42942
3,4,5,3,5,5,1,5,4,3,3,4,3,6,3,3,3,3,4,3,16885
2,4,3,4,3,3,4,3,3,3,2,5,3,4,2,2,5,3,4,5,1595
4,6,3,3,1,5,4,2,1,5,2,3,5,5,5,5,6,3,6,5,8843
3,5,4,4,3,3,3,3,3,2,3,4,4,5,4,4,5,4,4,3,13391
1,5,3,2,5,4,4,3,2,4,5,3,5,5,5,1,4,1,5,4,11675
4,2,5,2,2,3,3,5,4,5,5,3,1,4,2,3,4,3,5,3,11597
3,5,3,3,4,4,5,3,3,3,4,4,2,6,4,4,4,5,4,2,12495
4,3,3,2,4,4,2,3,4,2,3,2,5,5,2,3,5,3,5,3,38426
2,5,5,5,1,1,3,3,2,3,2,4,2,3,1,4,5,4,4,1,55122
1,5,4,4,1,1,4,2,2,3,5,4,4,3,5,3,5,4,5,4,24076
4,4,6,5,4,5,5,4,3,3,4,4,1,3,4,1,6,3,3,3,19055
3,2,6,3,4,5,1,4,4,5,4,4,4,3,1,2,6,4,6,3,47811
3,3,2,3,1,3,1,2,5,3,2,2,1,2,4,4,3,4,4,2,3697
3,4,6,5,5,2,3,5,2,1,3,4,4,3,3,5,5,2,4,3,7921
5,5,4,5,4,2,3,2,4,5,2,2,4,5,3,4,4,5,3,3,11148
4,6,4,4,4,2,1,3,2,3,6,4,5,4,3,4,6,5,5,2,25038
4,5,3,2,5,4,5,5,2,5,4,3,4,3,3,1,3,3,5,1,2106
5,6,5,2,3,5,2,1,4,2,2,4,4,5,3,1,3,3,5,2,17890
3,4,3,3,4,5,3,3,2,2,5,5,2,3,3,1,6,1,4,5,81082
3,4,5,2,2,3,5,2,5,1,3,2,2,5,2,4,4,4,6,4,16595
4,1,5,5,4,3,2,2,3,2,4,4,1,2,4,5,5,2,5,5,206
2,6,6,3,1,1,1,3,4,4,1,5,1,3,5,2,5,5,4,2,20923
4,5,5,5,1,5,4,4,2,2,6,2,1,4,3,4,4,5,6,3,12104
4,2,2,2,2,3,3,2,5,3,6,4,2,4,3,2,5,2,6,4,18116
5,3,3,3,3,2,1,3,2,6,2,3,3,6,1,3,5,5,5,1,42922
3,6,3,3,3,5,4,3,2,2,5,3,3,5,3,3,3,1,5,5,20508
4,4,5,4,5,3,2,3,4,3,3,4,2,3,4,3,5,3,3,5,13911
4,4,1,3,5,6,2,5,1,6,6,3,4,4,2,3,4,4,5,4,2961
3,1,6,3,3,5,5,2,4,4,5,3,1,6,1,5,6,5,5,5,7955
4,6,2,4,2,1,4,3,4,4,6,4,2,3,5,4,4,2,6,1,986
1,4,3,4,4,4,1,2,2,4,3,4,4,4,3,1,6,6,5,4,122761
5,5,2,3,3,5,4,1,1,2,2,2,3,5,2,1,6,3,6,2,2378
