Culture,Criticality,Criticality Modifier,Initial Known,Inter-Dependency,Dynamism,Size,Plan,Team Size,Idle-
0.8938224596254286,0.22399945217286,0.7955472808542714,0.0617780232982364,0.3344642472708419,0.4400483056725193,0.7840562684958529,0.8614332283996914,0.1777240236699708,0.7384615384615384
0.3164211463484071,0.5003520527660871,0.5733794184305985,0.8434674551393158,0.8525796235668666,0.5584690484007662,0.1017751138606456,0.9372851066560564,0.291884306485573,0.923076923076923
0.9619471139591804,0.5193676752894253,0.4099523268129476,0.0232899419066953,0.4384332768602175,0.6270996470245357,0.2397129961248356,0.3697733770213655,0.4083668318313862,0.8391608391608391
0.52774922589496,0.636360772168373,0.7485398811566301,0.9748405453363432,0.5019957415899842,0.9695565344342464,0.7212721701503477,0.4749739205496772,0.7633511467177201,0.5944055944055944
0.349827551724938,0.5100399052706281,0.8708789951595143,0.341095695288041,0.0522567237842307,0.1293706875076642,0.1322194975473244,0.457617512196969,0.7541767404344805,0.6923076923076922
0.7263585419219593,0.3723070349097906,0.4856151215627599,0.911529213599122,0.989693228748058,0.3887473200967285,0.9278730832029995,0.8330208514078089,0.2693400596404545,0.6954689146469969
0.6639568633347319,0.0731114612911312,0.293277831652274,0.9825107724201344,0.5121969690688023,0.5130721346080932,0.7507067563786923,0.5857505229268445,0.8848571680340527,0.5253283302063789
0.1107391781804622,0.4259762146344664,0.2160733634178422,0.6746426953863671,0.627334693552216,0.2788866871362614,0.4412896102240075,0.3422618603784623,0.8901533743552467,0.4895104895104896
0.2514545258592318,0.6158829621632658,0.227538831514181,0.0783531219399046,0.3115201597597566,0.6744963626685068,0.2521131041070855,0.3356786676050287,0.901718372067649,0.2797202797202796
0.489437304184071,0.8266463440148898,0.1774484110568249,0.5833516719482504,0.7080460145290325,0.0388728738859481,0.8077188063198874,0.406197163826286,0.4711444323919266,0.4539722572509457
0.553081011051234,0.1174429252964853,0.9509713183294244,0.1090802268878877,0.8395707974299124,0.4304767952058003,0.3802437453133751,0.5646088328422869,0.7417241499061656,0.5668016194331984
0.6376237301738754,0.6626367134771507,0.8540150720661598,0.2082313971838633,0.3098108286941647,0.913022413006458,0.0992107310073211,0.8820551896199824,0.9028162476780556,0.5769230769230769
0.2652900761433081,0.6202961597117335,0.9282072029975842,0.21264452529878,0.147539084694255,0.8352454738831646,0.3852150808159482,0.2478043837888708,0.9707707839492474,0.0
0.9413383915256344,0.066836885868811,0.0122104079395757,0.3017422797003126,0.015998343487858,0.6688815402619124,0.9377678284782892,0.1675410532208205,0.5019596510354957,0.8173076923076923
0.9364566408811024,0.5243935613767585,0.4450209828583538,0.9580201750154054,0.4373259335108067,0.9011399575785726,0.1400618470849022,0.7177107118135154,0.082561579044489,0.7692307692307692
0.3961850269245761,0.7482598018823307,0.5367447360167276,0.1812071100855746,0.3304808422293641,0.9738654056564164,0.3244387602145848,0.3032358360878859,0.6034605497750575,0.6495726495726496
0.3352061742224295,0.522820554320955,0.9663161082014374,0.2704158880057312,0.3059965308629107,0.8104608991555318,0.4542998442061415,0.7814559119145807,0.529452534571363,0.7142857142857143
0.2551544134052158,0.558981889949236,0.122140625445131,0.5641372619391496,0.7616411002783026,0.095267778086878,0.8602297593942552,0.7464890736830165,0.3551242381383994,0.5811965811965811
0.3152786572959407,0.479476481052107,0.9496719680996653,0.8601117845348661,0.3980092669808946,0.3540788871266225,0.0355698528964546,0.5053659780503812,0.7895224945443257,0.0
0.9176925647848198,0.6830875456636114,0.8772411413840365,0.8356022973942262,0.3254115144248157,0.1053664774974108,0.8608506783765778,0.1374761528008157,0.4234814058838303,0.2488687782805429
0.4621776158344565,0.2370333264262435,0.154743044262578,0.4640455692415319,0.3180235500258118,0.0246284893029675,0.3113954064345809,0.2413885900635667,0.8881470448822109,0.0
0.7065778914136178,0.8822510690625855,0.5984777172190107,0.2924692289918519,0.5847595715419728,0.5896529714446094,0.9306400850227236,0.8393843724897938,0.0873350582083039,0.3846153846153846
0.7277791261430134,0.9231960458619508,0.7240310647765841,0.2764597236851448,0.6564173924671827,0.2493195506234145,0.5591625611605995,0.7397591123421333,0.1333570280751409,0.6105006105006106
0.9231952460571896,0.8541949546149309,0.681398357008458,0.2881800042238934,0.6225858538145012,0.126323248419604,0.0048684882085322,0.633728758414968,0.0625934108591048,0.3418803418803418
0.9360127797761968,0.9631434399200391,0.420285828972716,0.9450710715976548,0.6339216331625199,0.8290396241463494,0.290838429139474,0.1936441969324511,0.4464667828471601,0.0
0.557740203598206,0.4386257832510931,0.5605998305521512,0.3171465924099421,0.9836550922241586,0.8198934028691129,0.9082022857179556,0.5163564131993402,0.2686115739458852,0.1326259946949601
0.529887952549335,0.5594444787059891,0.7457517631336117,0.0970721629893405,0.0981404981196953,0.7624629300304139,0.3435088950500687,0.5615342233143702,0.7562087129943509,0.4102564102564103
0.0513138434470334,0.7386421674702999,0.6134644727665703,0.4463984679174281,0.2795328723531727,0.5699040164658623,0.0142431827663318,0.3933056198950838,0.0539304148052063,0.0
0.5485686845958833,0.0428810911266018,0.7854477999290459,0.4627450686899117,0.3478924780303004,0.5399606551072299,0.7186729448726151,0.4478034803818204,0.7708999499582173,0.7800650054171181
0.4010284575847516,0.6853901068216983,0.4883453083137452,0.0721928165513201,0.994114271139956,0.2195819778262075,0.1620805874447793,0.5816708488962502,0.9757367587222616,0.0
0.4923615329371605,0.1657155543964512,0.5826965492333871,0.6213760182961083,0.2884872349300782,0.5422814675587793,0.8942209598109432,0.1761199783618209,0.5121464803531394,0.0654664484451717
0.1676558311637304,0.8236582749897153,0.0786263845411545,0.3357266980131502,0.9761961099230636,0.5889185938481458,0.4420775257836511,0.1999680335502283,0.0921200583955375,0.3846153846153846
0.3364903617663131,0.2854385143333463,0.5711791226029909,0.7761950438157256,0.8565045942414335,0.9806017374653324,0.4598363726738149,0.3028551016686537,0.6424363820747033,0.293040293040293
0.9191901754006826,0.5646787218064506,0.8122212352290983,0.695006566932816,0.5080740325080045,0.0669873693998367,0.0777102444056142,0.0017382055450108,0.6803445070202547,0.5594405594405595
0.6700351758272983,0.1439407684303643,0.3181987557490811,0.1329899983181172,0.589205848048169,0.9135361668956318,0.2570691324688121,0.5654094073237677,0.9422966970956465,0.879120879120879
0.4950281579627846,0.5595141892726925,0.2517741759241397,0.2897227678928428,0.2665666442854744,0.8064935044721872,0.1654610135266435,0.6439755449861053,0.2938003897311545,0.0
0.3642351243834102,0.1053392817086562,0.1385921300302449,0.2817654934968595,0.8432239071568001,0.8383873148710514,0.1422975358558681,0.9081439615172666,0.4102986598938944,0.7692307692307692
0.3665831830538609,0.6153805374505696,0.9817303247811252,0.168708048641521,0.2200852792614902,0.573817036601643,0.7283780463899385,0.8539964154013102,0.7336761106565349,0.0
0.3496069775879394,0.235838927446803,0.1936563264731622,0.481538792592158,0.7262554336972449,0.4196758454421625,0.1901219063943832,0.2206860658923159,0.7651448826174522,0.4195804195804195
0.257830260942499,0.0240646501445794,0.2458385994939559,0.1768036992682776,0.6084374856789988,0.7902220236302685,0.9040731379939192,0.1953417231146021,0.3221079586582043,0.2662721893491125
0.4105538382827892,0.7201197358712123,0.4419371656931072,0.3035148841082036,0.0564792845786926,0.4688234471465412,0.2502431717854452,0.2188160307531995,0.9534209768734988,0.0
0.0253187377194533,0.3752107440714307,0.7304950762291527,0.2974698114127616,0.5484830671698514,0.570408341047567,0.3156931771692641,0.647249483158573,0.0048279584273299,0.879120879120879
0.5633657402014595,0.9946262069349284,0.5000629795911256,0.7609555749128383,0.5855835229280005,0.4778140489823941,0.1470323726540678,0.7854908902546884,0.7452627701390244,0.0
0.0623652307106329,0.5904888034380453,0.3129547102733254,0.9537536613018348,0.6142903650851521,0.1155724964882386,0.0197265470586632,0.6590346064999879,0.9152918442432288,0.4395604395604395
0.491273574444561,0.0309115910978525,0.8682261753832026,0.3207893010414959,0.5760154813950473,0.9432560561229636,0.689501801243877,0.67579864123665,0.1096019499646456,0.7963800904977374
0.9351901859550584,0.1936195227100033,0.2445977496876471,0.9333342873473158,0.3933778550723009,0.0340896899122352,0.6864208702697994,0.4916078937772298,0.94127477623684,0.7993966817496228
0.6600467643947251,0.9638036447977104,0.4856503248811125,0.4611634809349271,0.5638377099238938,0.2546707432575835,0.3200924524801044,0.6513750881717992,0.5876978807194252,0.0
0.9914796446068708,0.4113161454432825,0.8255443798991136,0.1216862487908164,0.2830503071160836,0.9646230492174388,0.9875614302631732,0.5729515462721251,0.1529226019866391,0.1864801864801864
0.8010092020693788,0.1000979932167939,0.2988660670117593,0.4623555950176058,0.1115989839936714,0.1825999172070969,0.1541455523448648,0.302116713954381,0.3868031043232289,0.5128205128205129
0.1286541322105676,0.0187739608194301,0.190716047955585,0.1840603955665954,0.5403189436697167,0.695907484897229,0.18128580480047,0.771290455175153,0.2085983692680323,0.1025641025641025
0.2000263205771856,0.9368073074610124,0.769820038016592,0.4682688622746298,0.0431820200715243,0.1860009301986419,0.7301328850251066,0.5883392030587832,0.9834429862463084,0.0
0.6226229826043143,0.9561068244686431,0.1289189562898555,0.2895065889531202,0.5479003066840926,0.2056590831756001,0.4057678204315673,0.5696344174493047,0.0579556803932228,0.4048582995951417
0.3582109189614643,0.9640858335110228,0.7980590607622978,0.4550823961350081,0.4601440631125777,0.4054894979381921,0.0889476715853616,0.5308350566815151,0.7975833184325256,0.7692307692307692
0.5637976262558232,0.7169207720824278,0.6670234432267326,0.95192515990866,0.96014893883819,0.5072258914760648,0.3535778755672232,0.5481330509846336,0.8505851597833968,0.0
0.906059059290109,0.607735563313297,0.9967434302028672,0.2317244060869023,0.896151327904932,0.0358663513563225,0.0222410156986562,0.1780961298814095,0.2758206867313441,0.5769230769230769
0.8263603247663549,0.0880110020730302,0.7864327506858685,0.9390009398023854,0.6331290256921167,0.4045688547374744,0.4581957145122505,0.8936275664855152,0.3416158264729505,0.8144796380090498
0.9282189773800604,0.1343692314613898,0.8044534303290095,0.455473414150123,0.6122860805290058,0.4761718632897447,0.0963213312431815,0.0245054958028992,0.4171048762266824,0.6451612903225805
0.5634278970264771,0.3008741378943566,0.9204758858763952,0.9870003204852458,0.1508044283296618,0.649332556255199,0.257792692839297,0.468816080227318,0.1260288085648782,0.97165991902834
0.4065190692006601,0.6879663336907889,0.1226181720557536,0.2269761296486471,0.3601096860712789,0.0020712748694906,0.6740932835948055,0.005027537525421,0.884199860151581,0.5789909015715468
0.5698171334613839,0.7886654013979405,0.6742083031551587,0.0418284249314376,0.8239330256980859,0.8069286696014348,0.9417929162429132,0.8114236489686822,0.9319069443879472,0.7006854531607006
0.5728867796267458,0.7189349735797304,0.4220004027976729,0.5640984288500308,0.9050263747075472,0.1912523394888501,0.076064435617424,0.294994663431787,0.5939161258747783,0.7692307692307692
0.3576852833499676,0.0979243998087848,0.5592202920229125,0.46002261900143,0.8808948672534241,0.094742400961758,0.090875346715553,0.4338205333713822,0.2586702875209219,0.8076923076923077
0.7820834238473877,0.4374987414861803,0.7767950179857567,0.2311590313931156,0.90186646062013,0.3564358595187384,0.2957570830277723,0.4506947839851898,0.5598081159173384,0.7692307692307692
0.5011779552306204,0.5834331194528287,0.9342629264470568,0.8207628398587326,0.4897229881739521,0.5361580194568051,0.858672821229068,0.229285008942063,0.4292880734076131,0.8493589743589742
0.5370238247283199,0.2686256614969329,0.9452416051056038,0.9084712763283636,0.239170457237406,0.107676367706208,0.2583015210102377,0.3440608502479293,0.0604678770038691,0.4102564102564103
0.51410727149309,0.0025778496435144,0.5211215581233195,0.7256311030151644,0.3765255141025174,0.7690881051907246,0.0202034263806581,0.8498091250308931,0.2599890006042485,0.9049773755656108
0.6729322711724185,0.1904099312275297,0.8076411985772479,0.8126230935246676,0.8576074039151601,0.3118503832516283,0.0260891429542097,0.1105673652089693,0.0941861813752291,0.0992555831265509
0.387408375179661,0.4867203113632328,0.5520523458977834,0.906908293697734,0.1760810612216145,0.3943467449238723,0.0743191316989928,0.7771738350752252,0.8415093026619765,0.1538461538461538
0.2423159813022137,0.8828815118775943,0.633342098547284,0.239941458388436,0.871168845424299,0.1122730482347896,0.7207643059929,0.5842591207407597,0.4717042017244741,0.0
0.1761103064552972,0.1193738143877004,0.1154292673278016,0.1199204129036531,0.8914212155410525,0.1303967649519768,0.1686516037811586,0.4085627493317847,0.9976339610486816,0.0
0.3037043681430912,0.8829475052971015,0.8402194215070101,0.4840168624382578,0.9616394938708358,0.3109542082368544,0.6343426897235367,0.4824853045488912,0.5168327860008453,0.3988603988603989
0.2925231736360439,0.680279927052328,0.1559861597074174,0.3500608975743828,0.1454133874535302,0.7839991941171419,0.009241314818411,0.8828779026642654,0.4966736268682775,0.4102564102564103
0.8061786205199498,0.5020704905543815,0.4538305038757929,0.3145413524824624,0.839661539612865,0.9195536093779848,0.2420182417788531,0.1276928816773928,0.8826885638143682,0.170940170940171
0.1319879190903184,0.7825053387990488,0.5155586364522411,0.5595362143666174,0.4668245812281635,0.5824598052442325,0.1154191586719523,0.6554532499647977,0.7521960444454463,0.0
0.9471408175409032,0.7672862001333379,0.474961465079179,0.3223810158592021,0.4681971750534937,0.8106605179951498,0.0055547475739823,0.8465467371799548,0.7366512834167804,0.8906882591093117
0.678397339862787,0.0627941909647757,0.1995439392519026,0.6397037314406495,0.9244014100950904,0.4308998361195414,0.52540149727856,0.1490076461795995,0.8264447491602962,0.0
0.4319131352202925,0.8313008930917883,0.2239288718573977,0.1725686841006206,0.1069213662318436,0.2179048758137759,0.779270169525525,0.3880778006674674,0.6907095816771871,0.2461538461538462
0.9931767827364764,0.4175374066355223,0.5127382044130253,0.8927398697921725,0.3125720797650984,0.6788923543393364,0.3662334549765815,0.0449413437641365,0.7337582924673721,0.3296703296703296
0.1498186482043034,0.3539934923721015,0.2457866212322056,0.3947462669579022,0.2629413074679781,0.4525018059391148,0.5371727850671184,0.4052858432391194,0.3413134437019314,0.8410256410256409
0.230845599704675,0.8670512275290371,0.2696543549161703,0.6534509657284265,0.8198793824955155,0.4761013463182819,0.3862986630614596,0.7072299315070744,0.5214112379375918,0.0
0.2088133080223503,0.0054604709442515,0.0354448722561874,0.6530828082280322,0.6968966476051026,0.8809064566896999,0.3470762532966646,0.8355764676384029,0.5873184519305648,0.641025641025641
0.1445828572915639,0.1182954346715173,0.8791513600902596,0.711132660419473,0.3612778657535437,0.9053267326577864,0.0209367761970263,0.002996424918665,0.2628910130403961,0.1183431952662721
0.901226588568298,0.3401050044208318,0.4884547415849637,0.2008201302424079,0.1030139141514193,0.1538289073517452,0.3596096519323987,0.619702420181379,0.1654337338279845,0.7692307692307692
0.8802432276001217,0.0103969769193833,0.7470525194702359,0.2564447334394983,0.3959343051008586,0.6257801223422451,0.809981979959484,0.7767162356057107,0.5411455931943336,0.0
0.7906348738185126,0.5043818096525293,0.5956220794930462,0.3315496071222004,0.9588549307211586,0.5161826439112854,0.2199038156528098,0.5152352847535135,0.5429190797358466,0.9049773755656108
0.3024431107685714,0.2662126195668857,0.4972988368799812,0.074225951355643,0.3252288126628905,0.977973342119592,0.071479101186653,0.5541561313322882,0.8546374385685989,0.5325443786982248
0.0008438965265021,0.7549072954906361,0.994741459941528,0.6345706646216921,0.7409968841620002,0.3962122789818422,0.5869594424695517,0.8267651749318531,0.0098101631194864,0.3296703296703296
0.8057300978286421,0.028235782096979,0.7909079898633131,0.1363191422499159,0.901846769583709,0.2192035685199366,0.8136587228752121,0.5556500760985367,0.0128094441564702,0.5128205128205129
0.6663886471946217,0.0247478693446803,0.5982304132588991,0.0971882727345183,0.2875832521702472,0.0248710830134403,0.0307100044599647,0.4395797038278657,0.9390414759706144,0.7692307692307692
0.8374449319116983,0.7400368840920388,0.7734462866425827,0.6694221762831031,0.9570390179721108,0.4684647520948549,0.9928735288188892,0.177661490330265,0.6174207817334953,0.0
0.4387849537563829,0.7512784170369943,0.3945181486382503,0.0893608049334901,0.2487419048226951,0.6629116909427606,0.7570422262773544,0.8660451762564281,0.1969286534399158,0.2136752136752135
0.9156241567717124,0.7183222290394934,0.5090171514536121,0.3344847374478135,0.5619333677407511,0.4305456927784492,0.1358458234286198,0.7626623598351278,0.8590233505439927,0.7692307692307692
0.6085914071886739,0.6610592380798325,0.6920387134403733,0.5552774310249445,0.4947797557922788,0.9760633576842656,0.3843645677152439,0.5510879977588722,0.2973005484711286,0.4615384615384615
0.8585965608063053,0.9810218672511084,0.4611655198303361,0.3272313038005799,0.2698786318080279,0.4948916246670466,0.9782444145364666,0.6611514699333809,0.1181632687401659,0.1398601398601399
0.7770726350246877,0.55593306654952,0.9193659960612384,0.0789311033247698,0.3299175729314824,0.5280676325861822,0.8998922238455542,0.7317943941715617,0.4700975949331551,0.5868358445678032
0.1934888765451056,0.3209922793408803,0.9969728344413088,0.8563173880005981,0.4639826776593,0.026509771619971,0.4587134803300361,0.71519463166394,0.0032764789396457,0.0
0.9722736007413112,0.6774296985752883,0.0565228108381992,0.1890476844767379,0.300944543136987,0.6631683316892896,0.3995097966245426,0.3704756054323458,0.1491046921125001,0.0
0.0223243229328237,0.8412281069815396,0.2383342008515251,0.9996826423448932,0.2912090045240368,0.3022312286391285,0.3228313616387493,0.5436515792466858,0.486487354600547,0.9954751131221716
0.8960451198217956,0.2296194422658023,0.0088120921237397,0.760878596352779,0.2166057956020091,0.3070530312114348,0.8834993461333824,0.3764269210365518,0.5787875259747203,0.2233250620347394
0.7550463947205853,0.3755307969766757,0.2642508112889863,0.5041151693402505,0.6102065882566214,0.6089923031412766,0.8014237697313372,0.5514626855418849,0.9474557120851392,0.3296703296703296
0.0220166831643577,0.1405250026816258,0.3459485800102273,0.7687098634202753,0.7137005626118365,0.7892375767566276,0.335405672176002,0.5523015877614839,0.7246611651683506,0.3550295857988165
0.3819095140089522,0.4650465571359199,0.3909469637531937,0.6366381022225989,0.5269754878584357,0.4789939433721824,0.0191641566480579,0.2873325457413667,0.0480053507109293,0.0
0.8398233104419868,0.17492220179973,0.801149026884659,0.8846677586729753,0.7837987203030745,0.1124511490717186,0.6710145320956893,0.750610265785329,0.9717471100549924,0.5372405372405372
0.0653418953326145,0.7554126870452659,0.6426389439893266,0.4502430566526281,0.7671009146662395,0.4896950056424681,0.943550690194531,0.4882379734451106,0.6348930530885122,0.3146853146853147
0.1722986690335957,0.530218511131614,0.1864629977128454,0.4452245471632461,0.3255486355096708,0.4188650596090699,0.5327136400437608,0.0911113902849736,0.7953333385343747,0.0
0.5717752330631521,0.0181536833102263,0.3301045675032431,0.8476190343276234,0.9333767681870584,0.9131122899057316,0.7066224803403459,0.1342591128376314,0.0386941532673064,0.0
0.4180896188963406,0.6770225651409435,0.8525609580892759,0.1288669278031113,0.3794762486321847,0.5054661916358615,0.2046424185630246,0.7406510397970418,0.7809052221758284,0.1098901098901098
0.722641005124046,0.0600771283381116,0.7522229974029345,0.4428276744652113,0.0089685424142547,0.4495535528054123,0.3488708496173576,0.1371819142122512,0.1702578620070352,0.3846153846153846
0.5475805169617655,0.8968912968913352,0.4488993618416775,0.4168921232573561,0.8648103032874255,0.3550367988220071,0.4194444363003288,0.4653538370822991,0.4506735151871887,0.5128205128205129
0.2086364556032156,0.3976981864644046,0.3310621258022465,0.920846925023781,0.4442736247098673,0.2325931342803211,0.0193944551336834,0.1099669195101468,0.6975504165212094,0.056980056980057
0.5247409474830029,0.957850769200982,0.8574697751086323,0.9830310778322666,0.7409860990042948,0.0929962208167851,0.937984014507788,0.4486599939511546,0.8574257525321751,0.5244755244755245
0.222900471082278,0.1257906884354303,0.4033116834652901,0.5449556117233856,0.1452080204589723,0.3381876567100921,0.2020351117401561,0.2566605508314552,0.9840375959224704,0.6153846153846154
0.9093731171289198,0.2206372522283078,0.2379303415342776,0.8556042343055362,0.5697232891649798,0.6918094318065052,0.9360707312509042,0.2138423042125998,0.1469846251391759,0.11611030478955
0.9763459258407416,0.7322808358672915,0.7138066794153103,0.7975292613640802,0.7737409410130983,0.0820414668461894,0.4445058228158204,0.0675830037827146,0.6672659467452366,0.5641025641025641
0.0299019300589383,0.2111059112448557,0.0552447510652788,0.6150045093649492,0.9339753398339304,0.4992070337952612,0.3996620953940638,0.2494395620133888,0.2185214259347881,0.0
0.5090757271561555,0.4861668613390322,0.1095695447116806,0.8050477788142091,0.7867301614751806,0.1100590749356065,0.1449744608200016,0.6883351498198044,0.9383197086003128,0.3076923076923076
0.0011296411132416,0.684082425062024,0.2104105897260102,0.6030646771994065,0.8835885794961449,0.5499773731767967,0.3388022297750318,0.1102002942378124,0.2407671292165759,0.0
0.4381737402272311,0.2098438140648372,0.8522624309871404,0.6331994902710323,0.3510401241269487,0.952251224591608,0.279226852843484,0.8955332411767827,0.2284202505152561,0.0
0.0704097611876884,0.0283318256683003,0.9571361805482173,0.5734113426251155,0.6504001772779454,0.295542014348878,0.8912809367938448,0.9717828376219916,0.0096020129039614,0.7495069033530573
0.989338111779326,0.5592397901350333,0.5970311682426743,0.4729730568938853,0.1512526823507494,0.1205677804612919,0.4228766823452778,0.27472813540271,0.0894509567178841,0.0
0.0257061857328048,0.0930955631272729,0.1547050870553905,0.851587768458235,0.043056455266825,0.8947248920986439,0.2031106265419409,0.7306134514848075,0.1149914066762217,0.6593406593406593
0.8996677651163572,0.2861148211930698,0.6338468416882017,0.5697129569830448,0.3958162684027232,0.8693033957096961,0.336905437806739,0.0667966336150227,0.0056517071207513,0.4273504273504273
0.6367649186129589,0.7490157778574879,0.75161918340252,0.3322747212024918,0.5501860146352566,0.8768737383923372,0.4497587866780816,0.8470464422053989,0.8690473655113138,0.0
0.7358665465624442,0.1136351246639206,0.2771117395044424,0.6273963756106083,0.7216905292058465,0.1340882166083152,0.3030019358329329,0.3090154496343166,0.1351487114486307,0.4615384615384615
0.9485641944299988,0.0567776345068932,0.0443451296391078,0.288182268292191,0.7605826801980307,0.4960101050438499,0.1952526538762485,0.3668242254669646,0.5011968320213998,0.0
0.5917506887336123,0.7365941586602451,0.6562723318839851,0.1395302817782742,0.5897243454994042,0.973935613208766,0.1408284170769895,0.8510334066050245,0.0932114494786043,0.8974358974358972
0.5180748884316733,0.8741281797140246,0.2993259812669535,0.504781503478567,0.9986242597711538,0.2378402285104361,0.0333231003440658,0.8494875894863732,0.3328079487610113,0.8284023668639052
0.418173680469644,0.7599114003122218,0.5305253183433525,0.454330973696764,0.7878254664147478,0.6464052997514289,0.977167288259738,0.9154727124019364,0.4053934879253098,0.4700854700854701
0.8238224792541725,0.9056353666756,0.0751386540666706,0.6217927300497857,0.7355579443678775,0.895584230598017,0.9038358666808874,0.138351688784201,0.2302979631746746,0.0
0.2394217127380884,0.7202513858304266,0.3824831532674284,0.9896627399002216,0.3296439655030385,0.5766889807860671,0.363873407225143,0.0964727890629328,0.4612953872574299,0.7100591715976331
0.8035832700466824,0.1886434546361716,0.8741439933599854,0.1915471612371014,0.1609120995865807,0.6874592115006856,0.5109764344387189,0.6971153919123451,0.4742220605224023,0.4223227752639517
0.6639008461925257,0.4105136586585195,0.90565701147142,0.945835079483987,0.6863955847089693,0.2183234423589448,0.1021816406685091,0.9797566709402208,0.7113011482232089,0.5917159763313609
0.2882233512604915,0.5800191839938308,0.5562689164364578,0.4714910442945805,0.5927358971813177,0.3864909836168222,0.5773974693270874,0.0793334938919272,0.0255305767664485,0.2686202686202686
0.1058268703431311,0.1614472399366698,0.7060609747340216,0.5908513846219833,0.2380748550785679,0.7733450811845556,0.7986957570927202,0.5412006189032068,0.4640352682614489,0.0
0.1047914985959258,0.2942159248457513,0.0442144321196785,0.8629910282111397,0.2150373712959099,0.8525479043433283,0.903188856527974,0.2840075441641341,0.6272975559834763,0.2366863905325444
0.3415984410027204,0.4228717569384573,0.618678397495979,0.8395943126605248,0.3920814816720659,0.3454432631601932,0.0458607082862165,0.6558716514569122,0.045031061811056,0.0
0.8754948953772503,0.0691025937505807,0.8875597214792785,0.4187429174405015,0.6426118039584283,0.4984346484358337,0.229068712981501,0.233347104533472,0.5920239844826375,1.0
0.9778085001111572,0.2237321396915003,0.43462745525161,0.9043923206993976,0.8493177417393696,0.1014320169398772,0.4993308420687083,0.1856415751840022,0.2145937984648274,0.0
0.0396450253416567,0.0626177151725322,0.5231956273973142,0.0188914170777749,0.0028526621825286,0.6328666144480136,0.4110338811079533,0.0156028371744593,0.5621449758023355,0.3846153846153846
0.6307308912506718,0.8017659710827449,0.999729195801954,0.3708722067273728,0.6741074435636203,0.123798010069286,0.4885561451124384,0.7456960998775091,0.1139085212364034,0.2197802197802198
0.3915359462313194,0.0846046309118314,0.3372489544097958,0.0460186823749654,0.0032496172162304,0.9419717572544072,0.9632395934395722,0.882714313970439,0.2782079789567565,0.0
0.4590051785569122,0.606449069782669,0.0347148879853244,0.3410940954317641,0.4012558923391156,0.3182449832800832,0.814424021058959,0.613872785326019,0.6506532087413568,0.1008827238335434
0.5798513302690677,0.6253551789833319,0.9080678797763084,0.6936855229105152,0.860595941832867,0.6294878179439067,0.4164822649915874,0.5483178531326245,0.1271870785131009,0.8653846153846153
0.4137429087665327,0.4601648795780259,0.1561608555070595,0.7837369878017134,0.8465869287960235,0.3070016854402758,0.3378714717882525,0.2457558315637551,0.9093938725990088,0.5668016194331984
0.129819871667674,0.0885931470963146,0.4600950202891711,0.8468038475575763,0.2544105239331146,0.6117372267046184,0.4696769153359336,0.7024431799807368,0.6679565135057806,0.7384615384615384
0.3118829119299178,0.4588897678833211,0.9068143050088828,0.9932226934733264,0.0689245820821163,0.846149991432755,0.889054877967538,0.7345116948981013,0.8409648421668281,0.2917771883289125
0.3710967765777327,0.6351291209375591,0.1745131869273543,0.1470996746684038,0.0966332819858413,0.916420550743149,0.40182000592753,0.9444605238188984,0.32431094096766,0.8547008547008547
0.078979369570783,0.80895213102654,0.0856297366192211,0.7797135543867295,0.0891424396648095,0.4207706419344211,0.1072229931352413,0.0122041528664497,0.8371130586562425,0.5128205128205129
0.7424556001394055,0.4435899970340021,0.5928160518894016,0.1371779541282034,0.7928363531876192,0.1688118391106627,0.7859540829143895,0.4185954198141383,0.8352334766218298,0.0
0.8971412525196703,0.5950961055629653,0.8971722602492859,0.2450875558213295,0.3257674316897914,0.9253064596156072,0.373603699238807,0.0417941493886689,0.8453754570810365,0.4807692307692307
0.531957025560703,0.6630575358895471,0.1393854335681704,0.533463533782544,0.940090121846888,0.0978194258072905,0.3920045907557223,0.9311441252545936,0.908842077562238,0.0
0.669072185361743,0.1585943666709134,0.4352078087984803,0.531274029599934,0.7166839092937889,0.2453486983714203,0.5675127036313653,0.9984870167243224,0.8764247548356209,0.1183431952662721
0.2149775528705724,0.0530874821696232,0.7110630060588334,0.711749974250555,0.1927196593759558,0.2636877941364487,0.7583055767387455,0.04307137524463,0.3294922607468108,0.2153846153846154
0.9712124937564044,0.7538433367189822,0.8661903697671818,0.2746892537048542,0.5759047978991805,0.2268985991496468,0.2071619712865396,0.8924827912468666,0.978707649560248,0.7692307692307692
0.8949466219716448,0.4870410575109208,0.1419442633908003,0.3644122433502703,0.9779234581825882,0.144792879953281,0.9475243221529462,0.8719264019439935,0.5554459869162086,0.6358974358974359
0.6384430262580572,0.7747712508097514,0.9924734133898152,0.3056326205849168,0.3398773601986216,0.8917794422185705,0.8695796916027705,0.7640400107566931,0.7126372558197935,0.3798670465337131
0.654714140106002,0.2732868516524621,0.0053617420974549,0.9197183039203888,0.8479786738181159,0.0707426719809674,0.677923919125075,0.6030875082425128,0.6352124054049909,0.1876172607879924
0.8539338703366793,0.022824907321417,0.7649403115034855,0.3867180969687714,0.175585347055895,0.6906727960720331,0.1186817936929749,0.7754513763464629,0.3633653914366835,0.97165991902834
0.6959927715106288,0.0591571746230515,0.1788614712682885,0.4050357986296626,0.9715732666573051,0.3815672975483319,0.2155603519828635,0.948886928776953,0.1855386094209359,0.7100591715976331
0.8500281717318279,0.2939327658447298,0.6116739942183861,0.5348585657479481,0.5383617456794929,0.4350288197199563,0.2737771710220162,0.0219499542720302,0.8557593171426808,0.5917159763313609
0.5946894781969929,0.356132971613332,0.0061333896619404,0.9271456022541116,0.2232362955595547,0.7358585229991118,0.6820519900456675,0.2714617058308315,0.1002328333528355,0.8367071524966262
0.6633910953738777,0.0578090904864333,0.2733764407001723,0.3637207273853332,0.9772575994097756,0.2242922602933328,0.8576400712137114,0.4533095579023445,0.2097156037314976,0.7196029776674938
0.6832034264916051,0.5402824177491226,0.3561604589213593,0.2254291484306726,0.2305316490158325,0.4652097353329127,0.7563584955294096,0.7646481611280336,0.4898004337951285,0.1825293350717079
0.3613096721189102,0.4124807382010027,0.6085716717093637,0.039914647739625,0.2526519825145011,0.4193049188776813,0.3538616678539841,0.4616139369066192,0.0940439007547482,0.1619433198380566
0.6789933573023356,0.881825549727612,0.4322508486376268,0.3156702827335458,0.0740908368126764,0.2378931698352744,0.0121964595008267,0.504908949162232,0.9295018461809168,1.0
0.4256816843631782,0.5851880956313679,0.3805364996892103,0.921004542699496,0.463062786863546,0.1999748999367061,0.0490309140069347,0.7539790694993291,0.2438145606512517,0.1183431952662721
0.895579834598336,0.3243031697366382,0.6211933149046253,0.9641586157059148,0.4773971225849587,0.150569968896535,0.9227889912332996,0.2214982527372427,0.9172342604349996,0.7992007992007991
0.411723476205837,0.038165490433023,0.818516569700611,0.6572931704856834,0.2928792661786809,0.4897101435534133,0.418589653149461,0.9864502938266894,0.8691396027605951,0.3076923076923076
0.7983308288644253,0.9991562853549872,0.9432141936990012,0.7603850970059868,0.677702687181577,0.9968307312613118,0.1039515075053862,0.9340679168756914,0.5566788498860405,0.3619909502262444
0.8561465237543978,0.392125544860707,0.2444175355987696,0.2736979356960374,0.6939644344324707,0.8368379777346814,0.3838211043219154,0.9945821279358048,0.3512605212135319,0.0
0.6098232598274796,0.9689978122385012,0.600255449569336,0.1436209889382598,0.1774302557484268,0.4331849480870959,0.3768846156023198,0.3721097859780049,0.1221109333883074,0.4807692307692307
0.7373474534190033,0.5083497046742241,0.2160619797557966,0.7361154723787399,0.4397692613337445,0.5132895161617642,0.0464087260190598,0.8808474800956554,0.9325622217219504,0.0
0.521798789243593,0.8885138405003461,0.3208478511175004,0.6701913258403248,0.0395102004636508,0.7063642671517851,0.6403109868391231,0.9408604645854616,0.8197076342838172,0.713489409141583
0.8839816704044462,0.7931810060860603,0.14020643845327,0.6317433671953876,0.1800426732007123,0.4006998910271486,0.0204496856689055,0.8961473884698263,0.4915874947154955,0.3418803418803418
0.2087147403197378,0.0598321411752075,0.6655268942908563,0.5579111360975603,0.5085226705419287,0.076228795547812,0.7956211488164089,0.5275536801189469,0.6081012124548725,0.2006688963210702
0.8119080915561866,0.1781310633147823,0.0855658611919337,0.1216681505079527,0.2973229854620477,0.2897143387405559,0.5753460356298098,0.5082322807334133,0.2920352177313262,0.7513416815742396
0.4523402227663404,0.2209503606018855,0.9458672078900242,0.5788000280411482,0.7741893825603179,0.4910386050719192,0.0555287651178533,0.0601845463135874,0.686911579859842,0.9615384615384616
0.3364974024577888,0.1320945794243474,0.3051869555366174,0.5453519167268638,0.8622516738850587,0.1414386957025246,0.405903230334783,0.2854360208434203,0.9674643965474184,0.0
0.8593202366726298,0.9959577611810598,0.4804213339091002,0.3393228843799758,0.0597209642293451,0.5242872353289016,0.7941855258476042,0.258555046200664,0.7525315884701067,0.8630393996247655
0.380175723775255,0.8540417353730568,0.9018892236101028,0.1021889111647531,0.6186576506695426,0.6086214351081414,0.3255812437781777,0.7778326134262801,0.1595966592823482,0.7692307692307692
0.5448050628907132,0.9418584771492098,0.6167847975024646,0.1906667067681666,0.2274822234207936,0.5752920042986278,0.0359085938411539,0.4131233480667532,0.3069596558795096,0.3418803418803418
0.0392763353749991,0.3267026118759749,0.1488932491641171,0.0186707352039591,0.2650960637948816,0.6619567667607731,0.5742750114320633,0.6624011409437717,0.5067223692990207,0.673076923076923
0.8169048217914598,0.5473187922855147,0.7480696720528301,0.6055867935815521,0.2914289629502957,0.902797482478623,0.727251655921304,0.4563699674462959,0.7249544747306047,0.1889338731443995
0.6949255578420326,0.7249315419993949,0.0845504196045775,0.4588814739590751,0.0524588228870638,0.1727232558977079,0.6304647507254825,0.4004429340689612,0.674820228136336,0.6020066889632106
0.6009539723195206,0.3922871370033887,0.9724532420445212,0.9373190535034928,0.3157465395614218,0.3859646763661254,0.3397598692987366,0.5791560696117884,0.556905110484259,0.0
0.7498014017799588,0.8472108027781502,0.2987968535114251,0.6999942645247937,0.9342481160960532,0.5232075909851117,0.4190946739175574,0.3597973465805699,0.3584599159014221,0.3296703296703296
0.8190359794364,0.782974928578075,0.4025738113955999,0.4829286156799919,0.9854265616722137,0.1708030187888805,0.8467989074363846,0.6250528721609594,0.3645557036796943,0.2637362637362636
0.0921035697527342,0.4769974593745839,0.6706441300242532,0.443348106315744,0.0782599020701797,0.4994145344604138,0.4222220797496206,0.6769798288375459,0.0495455412900762,0.9049773755656108
0.8811071731348122,0.957204949501926,0.8547530253179775,0.0182738216073871,0.0360998231401646,0.1527696813768648,0.6629115199393182,0.0269652578300245,0.0237458824646018,0.1672240802675585
0.7505942479225629,0.5995719432316963,0.4412951479726924,0.9350806930384382,0.8048738910799714,0.3021719900535837,0.0822677730902559,0.1403683525362363,0.6438426578858378,0.0
0.970554101482042,0.7122084502216188,0.7723689079184112,0.1795982148893258,0.4293898123958483,0.1604097388342291,0.2544347325978324,0.2427199202118128,0.0989137258579924,0.7100591715976331
0.5328065666565199,0.7307770037614946,0.4886098244510749,0.3213215962269887,0.2593044073239471,0.4834409733623589,0.5392626362701871,0.5495565720304335,0.6064657684793395,0.3377110694183864
0.7508224973629819,0.249155834358753,0.1997539867805081,0.4401620378749322,0.295139327032986,0.5830931825898878,0.6822541891772238,0.5305462512246626,0.6618832551205586,0.7150595882990249
0.7519276865500785,0.8098699598347248,0.0565138911095329,0.0856733809919029,0.086653280556124,0.1103640696867358,6.34265641163978e-05,0.1532866656273293,0.3508178310184069,0.6153846153846154
0.5006255439497282,0.5907886740125468,0.2077872231278812,0.8132575447598694,0.7373187580217415,0.483989216782929,0.6880360972254802,0.7885101131898834,0.6126628411448624,0.6666666666666666
0.588870623457461,0.8822523115548683,0.3588390477267493,0.0072044982826029,0.1732062195440824,0.8381787588247842,0.5515703215240939,0.1016308983872139,0.1380623891218267,0.7692307692307692
0.4018955829637246,0.1480199287979774,0.7205211641708461,0.2813858462017309,0.9755539402180478,0.6898467919864285,0.9784202196320972,0.4722403852312763,0.4083541421899548,0.0260756192959582
0.6379158370967979,0.7494187124261613,0.4478474595457532,0.8026479558117369,0.7129242498914097,0.7517130411137123,0.914823829494698,0.6171328256153945,0.9424180474379216,0.3377110694183864
0.6636617607980756,0.6648644255175961,0.2989854988397972,0.1316075504511081,0.7059142566323069,0.2660885103172099,0.2346131849122075,0.4011255915849344,0.4759498548624092,0.0
0.7607829735149102,0.9924918262181466,0.3289058417587895,0.2467462305657457,0.1568749969706968,0.6204584075180488,0.4475630019477713,0.7479868613985765,0.1418362608419272,0.811965811965812
0.8986323347665371,0.6652720308326069,0.9986760280569612,0.0819242017985321,0.5077926994320016,0.7677243135595488,0.989706575309891,0.1667407456290107,0.1617529563922655,0.4615384615384615
0.341051858278153,0.1720518820878492,0.7764715830959225,0.3109752977036483,0.3927683430603211,0.0258242737566058,0.5417734164858299,0.9925587417313568,0.4385713682140547,0.1508295625942684
0.2078744493883567,0.2818206927040244,0.5632403758820466,0.5593496984714305,0.1822889200602492,0.1407805954128862,0.6920715250422949,0.9524804317886776,0.5205483654436599,0.071556350626118
0.4884411245488089,0.7623928300079978,0.360815562628585,0.1555585432700007,0.6197144364280802,0.5429903697513541,0.7868428630158742,0.4777463378658979,0.391597595464155,0.1118881118881119
0.1645226789766601,0.8263978839939977,0.9967055543637048,0.5541371986695738,0.2745910756576194,0.6847497301614021,0.4073516743214407,0.2259757854035466,0.2275574100478326,0.717948717948718
0.7226139819144619,0.433345804140129,0.1301611028575463,0.4237273165874831,0.5390228106556761,0.1435202361786174,0.1343848880605286,0.5956461878489837,0.3546305931606404,0.3846153846153846
0.4568347383160221,0.7952070883981154,0.41046982788033,0.4850967374246961,0.4553632371039815,0.2304610018268077,0.3184265757373401,0.4422898663241971,0.508794675455552,0.7100591715976331
0.9220986283368192,0.6493558702732446,0.3099162980073834,0.0064753275266757,0.2527873182352614,0.4394791585627146,0.2377314457223287,0.7995340850391778,0.0734321227090503,0.4807692307692307
0.2219585866546661,0.905557165018315,0.4876866511243877,0.2388674738038524,0.7848821938348604,0.0741200519293973,0.4126705717024975,0.8868320808697758,0.2999161846455699,0.0
0.8930200907278989,0.3944575125076154,0.1978693004155491,0.2149209973695838,0.2002765071729731,0.7986736077556134,0.0632854049994718,0.5033876175908438,0.1284954614136426,0.5128205128205129
0.0545578944919964,0.5776595059622306,0.8203013928578684,0.0998769234324437,0.6431222515469669,0.911583588109902,0.8037059792514758,0.1904549399999749,0.012847339061683,0.8568646543330088
0.5161288769756126,0.2538290779834629,0.837808319165712,0.668799373062864,0.3542171792936953,0.8960318798207898,0.5461940414079655,0.5018019545747192,0.768323802112114,0.2107481559536353
0.014696515802966,0.531091853308725,0.2104863901932523,0.3360923900958793,0.1200349637418991,0.1673707847369181,0.6236812394414732,0.8678284273226732,0.9766608810395508,0.2341137123745819
0.720896626786426,0.0894908926974974,0.8779579314981635,0.3178270758199241,0.5143696600897099,0.9914796581836642,0.4583690536484033,0.1902284840027545,0.2070896651269871,0.2564102564102563
0.2056729769542168,0.301069380677483,0.2561886918345893,0.0744723194129801,0.6074027574648535,0.6738304789498581,0.1298039629136398,0.33761057103917,0.5797684683419495,0.7692307692307692
0.133793785070947,0.7264590367335233,0.1472400466137211,0.898850682365619,0.4766567231466853,0.368601675860687,0.0108622696834795,0.6141701974180388,0.600670320558876,0.0
0.7794482640250602,0.811893566397953,0.0501945357856793,0.6998921871610033,0.4336267770531301,0.1278419445812877,0.0050859859752461,0.4205293451283451,0.3963362515740156,1.0
0.7208389295904358,0.303077599736728,0.9242548668192028,0.6941222654272577,0.1474362431757518,0.6627621793235801,0.3387818225045634,0.1528286973833199,0.3699228384605416,0.1619433198380566
0.3311948998180385,0.0401548493175192,0.0941842901165812,0.5235140750722473,0.7190112461574723,0.3296091021549032,0.4634496107197465,0.1558106544848119,0.3020034252590382,0.5128205128205129
0.023324830253295,0.972134008372086,0.1371796516119842,0.8821190255021496,0.6109510422934473,0.5750693946273518,0.1562482702828281,0.8959450261279638,0.034355159693974,0.3418803418803418
0.9374706478621494,0.1649408085806197,0.6651680483032084,0.888669177260623,0.8269371886415409,0.6135601414393345,0.3221564019774778,0.5289386007301307,0.417078293401335,0.9615384615384616
0.826007001743722,0.2640981951954626,0.8185662755764771,0.4038173283260386,0.8675386184452176,0.0982245801645919,0.5108219001877062,0.7914529740354213,0.4305941776814619,0.0
0.57403902608223,0.7497534652017327,0.2466303167784613,0.2808564910900273,0.2371451759684598,0.6228742318979283,0.751305383662201,0.9063707733796064,0.2876745897542777,0.7357859531772575
0.7449992581019326,0.7186472060741462,0.0963828970814194,0.5818415713946551,0.9386229948867862,0.5728956539162735,0.2364168244511064,0.4207885195078958,0.1395389874584637,0.586080586080586
0.390292176709047,0.2083279407185111,0.5058801695502996,0.3691527330569648,0.6655465922856296,0.2118925921511882,0.8881502096004147,0.3097888942483188,0.325466697234825,0.6231742940603701
0.847796925370006,0.6447772870806874,0.1124276648855168,0.31258513135563,0.9037397864247698,0.7575117114403443,0.7311768255253596,0.18524791496116,0.823831711124711,0.2307692307692307
0.6343634559322963,0.3474428124218471,0.8608734792530749,0.0437476443885765,0.0527059046788594,0.8296303413570245,0.7151447670426272,0.112480993047669,0.2496956445612588,0.4662004662004661
0.3691558747003768,0.1589766165276951,0.4972740973325785,0.0156538070541016,0.3804681075378778,0.4065600469212894,0.2063610721113926,0.3369219433820049,0.675333864821521,0.5594405594405595
0.2961860788186052,0.1736869087847784,0.451280067616282,0.1903254483117145,0.2273018182652059,0.5109832490592787,0.908478141996604,0.5245502790665273,0.6509477017660427,0.7977207977207978
0.765148077754807,0.4211599436052463,0.9465132505167908,0.5303616231741946,0.0955459849587525,0.720597173817088,0.4084095351022359,0.0646510299691491,0.8232390401899572,0.2366863905325444
0.4113848856844786,0.1181876048203808,0.0356715033745214,0.3879794435841104,0.2010714979226471,0.0510567870408418,0.4946706941805583,0.6633505578283186,0.0051949650576883,0.9954751131221716
0.1878754355619762,0.7087103656243205,0.1568811147749114,0.6419233485842043,0.1943357112365501,0.2818809626680393,0.2564993667920285,0.5296558453308424,0.0922516302233726,0.6020066889632106
0.3004787351071432,0.1654097175256087,0.7976336168069349,0.3521181084985105,0.6514109210253031,0.341589660781471,0.2385879084623643,0.8546706794075513,0.3016033949209135,0.5594405594405595
0.7252999567730279,0.6090233065398545,0.9714138675041636,0.1343630162696827,0.3958233700254239,0.8626262295867918,0.5205914962607441,0.1167940286035776,0.1658870526975225,0.6954689146469969
0.6433084717167785,0.7138524772993963,0.3546188953147057,0.6029217479725263,0.3877131461930725,0.399394899443412,0.5534255882433837,0.9940127694712806,0.3733480295579271,0.5281285878300803
0.6391718969816137,0.5484544699374087,0.9847788061821056,0.6725401638296543,0.61396563329173,0.6198989258861081,0.9564471146286132,0.1398531923471622,0.2544294069516899,0.4843304843304842
0.1701916667426164,0.5497857911053179,0.736175241866302,0.285701477163647,0.4641285826907497,0.8322360777049618,0.14302902537364,0.506107218856681,0.0696010698082589,0.0
0.930148443229358,0.7585399500710575,0.2078117539275924,0.6086537934854821,0.2846373136880457,0.9189688107014036,0.6919597584364146,0.9342501113919812,0.3035665721651749,0.0
0.7822324372446303,0.8448860951210495,0.9178058132637666,0.438230173699363,0.8227070365094744,0.0389045010279167,0.3881816965439902,0.2146034750730502,0.7959406151543269,0.5128205128205129
0.862600020476268,0.8006366671470878,0.7926682527747151,0.0194805004148012,0.704266651506288,0.0591034489916895,0.8776026322715074,0.123774842590159,0.1397984749599066,0.4755244755244755
0.2977609203129308,0.9769512134520648,0.2446209615569166,0.1845331520756757,0.0742321712055875,0.392135150594555,0.8764350328420107,0.3784477711125262,0.923567978118124,0.6652806652806653
0.5693309967444031,0.3442306293870567,0.1302024402221725,0.588281234534211,0.1187424911772115,0.8958178828130722,0.7647443331063974,0.3682657583689211,0.3250408266844682,0.7376185458377239
0.509628995493361,0.8080201645877279,0.1842027796387185,0.660844502250516,0.1380356821412576,0.5026104143415735,0.0284143302753787,0.7132876130657139,0.3346806552407869,0.0
0.3521798782027094,0.3247265302490395,0.2478745157615519,0.6664751130545734,0.8154559878378782,0.8987984522499664,0.2054823887331118,0.8453306934553853,0.478510092163407,0.641025641025641
0.425503117172667,0.3457849888309565,0.822266023409009,0.9411009788572746,0.489653070389009,0.2514239362381004,0.2099883706754358,0.7047484207315953,0.0019914902810511,0.7692307692307692
0.424312423987276,0.659043488936686,0.1820857548217436,0.7854134546903595,0.5134028684867366,0.0457790836407663,0.0882162521990603,0.5310056918791355,0.9366502318839508,0.4326923076923076
0.4450473920186343,0.0793336809656588,0.6703224709325138,0.874442348051152,0.4917836886463126,0.9059520765408812,0.5791632916670154,0.4043136695098874,0.0671819084828978,0.6652806652806653
0.753562155631518,0.7098414711869512,0.564353633817118,0.2275339937276765,0.8652824374897288,0.1068893041085423,0.9783444201122816,0.4868942509101216,0.7347303933612087,0.0
0.0497910908038484,0.0525689146867727,0.0786940533917219,0.96390564779298,0.9009099955128768,0.2387252758209008,0.164536409500008,0.8050725208898207,0.7650074190935623,0.4273504273504273
0.6929026903808184,0.3238133465811732,0.206691331075372,0.0573992633668064,0.6785842401426257,0.6893284027890347,0.8528554519794576,0.6548805969955154,0.1570959376811782,0.6111696522655428
0.6424185108394946,0.4158839699113594,0.9693811205961036,0.927531792672206,0.5997991447767065,0.3234068652046991,0.8997956965851459,0.3007018653909218,0.5574489645248148,0.8664898320070733
0.3322456863932838,0.2434624604832415,0.056130636209306,0.5937384603941284,0.7889254578013309,0.4716732420924922,0.1283323876205667,0.2883643880104981,0.2687905383173504,0.7692307692307692
0.6548235132170801,0.2438005060829939,0.3558330574445988,0.7583730677568434,0.0913308026456276,0.7623679266049848,0.0339014424915716,0.8088216906158789,0.9461826560822536,0.0
0.6708654628431835,0.7422659951801329,0.8847051367898542,0.7011609156885036,0.6527676928083244,0.6407660170925856,0.9346699945868728,0.3377695961969742,0.5300392581621504,0.6526806526806526
0.6936038559254785,0.948869332814322,0.6371763276249414,0.5599878352315056,0.6361449088322576,0.4148658079279659,0.2590603732766111,0.3009330584342268,0.1667453819478567,0.0
0.1893365861865477,0.1592847792388991,0.593227703632298,0.9561031700327998,0.0124595768033048,0.9784055250093296,0.0460117555376047,0.9842595414246372,0.6059414742921093,0.0
0.9413558468880072,0.0475443004587576,0.9720729569477355,0.3605030198778167,0.4004188578155886,0.623707062147033,0.2477133090286928,0.161214299937524,0.4639771872076843,0.3076923076923076
0.2803851153266012,0.2110727596502455,0.1768325260053403,0.3833934159155938,0.7385362151042184,0.0794680017852691,0.5733549916678171,0.2801750607306871,0.7771345819253614,0.7957559681697611
0.6810554223724808,0.4740349623225345,0.3895579632726429,0.3384093058024093,0.1511085907323998,0.5185291119786568,0.1882773857653362,0.8667686726593024,0.8465929753258392,0.6366047745358091
0.3680260069871498,0.4629885837769459,0.7693043188521191,0.5298099636229251,0.7823252701931978,0.7313412289366191,0.3573261783125677,0.6808491207673246,0.5529752163209064,0.8653846153846153
0.0117496902474992,0.8654836310625557,0.3391357319778981,0.9994772215156388,0.6659676532337467,0.9985645959369128,0.3149251393430251,0.6737521791415401,0.0996851921105945,0.0
0.7798120195282402,0.473024168321104,0.6290497447972195,0.6974050472991041,0.8122375568783154,0.7193198614577256,0.6488795269477368,0.5881662804114466,0.8382776451196979,0.0
0.7790903476022298,0.5258754892441713,0.5768401347151906,0.3974157613427838,0.4451217223518925,0.145639826262123,0.3870559466791756,0.7744630041928329,0.297640492218126,0.728744939271255
0.9765382208352306,0.1074440767535835,0.7311991905716175,0.2960406933366473,0.8675791867743485,0.2923961655035031,0.5689690581190471,0.0275992487635093,0.4152702628531527,0.5736636245110821
0.8683650601283495,0.076799033936091,0.3103446927163134,0.1606702098667,0.0917097256619382,0.6005433355573172,0.3902243921749619,0.5993847269108754,0.6932508126172887,0.0
0.7803559381304181,0.2354696772742255,0.7149168155332558,0.0777634621391668,0.4047952947927264,0.2283029356011244,0.7441966630586444,0.3496723580538368,0.952916100160944,0.7221350078492935
0.3125885953453436,0.8602333870632404,0.3578054124763389,0.4393665733185715,0.5923286764330824,0.3100171177019646,0.9022055451655008,0.127600887685737,0.0964963432370011,0.3653846153846154
0.896759822463205,0.935088417377664,0.949613854764518,0.6060787363510908,0.4558272662805513,0.1606820779765813,0.448088987075987,0.8445027232777255,0.2212822066437612,0.0
0.506559512674312,0.2538870903956375,0.6195187119972656,0.6086848004261296,0.630782885781542,0.599363689044796,0.5277245857053087,0.3503120596447165,0.792807686388755,0.1876172607879924
0.1903820706392988,0.4953628955333879,0.0110119687040257,0.1747979942917086,0.2767805744684016,0.2779469262294054,0.447274992146056,0.5481255457164291,0.8658102032485057,0.5351170568561873
0.6894623350727247,0.4539333509593528,0.7468368769679894,0.7872798196771755,0.5837194490246795,0.5956495626466272,0.757881891811533,0.4962567958085021,0.9368065861389068,0.0
0.1404473833136137,0.4236788078747122,0.8995369909960005,0.8842037091282338,0.5527957457282399,0.8860211890806984,0.0628663487037631,0.4654962654355131,0.2397467660888784,0.3418803418803418
0.0073944167646139,0.3050712366572267,0.6250203025488333,0.7702809914347618,0.6909722587116491,0.2110720723823687,0.9004055767067425,0.0783655990706438,0.619873691560309,0.1972386587771203
0.0706193656750807,0.4001747844037756,0.4632749769178627,0.9418168561715516,0.4803029822233657,0.5877629211157775,0.0890391155741985,0.3635819956347973,0.1444320117116347,0.4615384615384615
0.706266099221091,0.1777734242992124,0.8835542064707874,0.6417362768600983,0.2345583620458849,0.6639970876509377,0.5056212165358043,0.5218983937558521,0.9242815348527568,0.7692307692307692
0.9128417136944774,0.2100131445924622,0.6886049310724724,0.0434522088166738,0.71716021891313,0.0514147861540668,0.493231893917108,0.366047124787809,0.7022283006182858,0.4395604395604395
0.1328546355553583,0.2795732140048546,0.3043544464519017,0.5502046908809837,0.1922631465335358,0.6440928315641355,0.860574189921709,0.4426028197549057,0.8715964060284004,0.0
0.125198574154521,0.4968027256410461,0.8433870488557121,0.249959425499411,0.948950153638102,0.7797287790908202,0.1860959685612782,0.6422336499943133,0.4447397483012022,0.909090909090909
0.2810234954458107,0.3625330704023425,0.5551441205564601,0.7180216653021635,0.7529573563728154,0.5998376796855268,0.2491350127625434,0.2849925724621084,0.2505154577871155,0.6293706293706293
0.5917318986449883,0.4005317361148509,0.1891381270877157,0.162214774128656,0.3152735253908634,0.0059308856267992,0.8649623398958112,0.6099075405893695,0.591089743634163,0.7396449704142011
0.3395145589148854,0.1477789495036372,0.995604721532011,0.1304163034844362,0.8609404239486323,0.9845088565631792,0.7811150875313063,0.4103161624554801,0.5796188230045475,0.3155818540433925
0.9889059434453328,0.0272919261845824,0.5265182046770004,0.3389035721930673,0.056565791707092,0.5815804406033485,0.5633975971621606,0.4906419919133656,0.6147353588025063,0.2472527472527472
0.0014506632002633,0.3346480677458399,0.4716970687310388,0.5508381733410688,0.254434256899308,0.8999746131448287,0.9405353040041584,0.2316840376021984,0.8105695267727456,0.879120879120879
0.6520059815370026,0.8888297008451723,0.753471187035263,0.7425924344841618,0.8207407559129479,0.6348231677224265,0.3542010666664986,0.1145780979483929,0.6399387015332317,0.0
0.5205489842568137,0.4833706291825688,0.6776148694929638,0.1404341547438203,0.0731398966266461,0.1253510233094006,0.7701017473302771,0.5378768920256681,0.6824865476047081,0.6941838649155722
0.5036214851199238,0.891230241986786,0.4197603726093183,0.2368395968163399,0.2053320277750056,0.8994480770005576,0.5053920520707577,0.9935836476506456,0.4568900414417219,0.0
0.722101210716433,0.7846082013987177,0.1591075231387875,0.7007472006099541,0.2219556156622304,0.935401915206241,0.7222167499091976,0.2468892915516914,0.0236337224852871,0.2564102564102563
0.718382615201167,0.9773574053512653,0.0680420880679886,0.644603433645744,0.5763359191514664,0.1856143661077345,0.2877443754474972,0.4054527931435985,0.3803287026675653,0.0
0.8887383577212089,0.2167355729788219,0.8467186474705632,0.1587669009351883,0.0130418286796454,0.2299850455950454,0.6117426470500694,0.9472104273774702,0.43841248561126,0.5982905982905982
0.5304429626928016,0.9650934586277892,0.404393432721334,0.8602542862132285,0.3489131374803538,0.1118375449979715,0.1165026269165633,0.6223970592756952,0.3960756730885969,0.5128205128205129
0.5661134638272514,0.1712557773324977,0.8381927834713812,0.4280089980717055,0.1939710383730863,0.9644783565868958,0.7741371357922516,0.3217366706957426,0.9226287468040671,0.0
0.5568956305854839,0.8550131140141942,0.8202704579591823,0.1500424358293598,0.3710676072029467,0.2666084691318958,0.3477563725406049,0.8487571750050427,0.5422067558640808,0.5594405594405595
0.267230904739012,0.919870175008542,0.9625636182458264,0.2727057652618055,0.0186884353401226,0.2515176396353402,0.1580236647907316,0.3623142779102852,0.9492919410517928,0.7692307692307692
0.7103017165300074,0.9619442796188596,0.8971510513445065,0.3713371733300556,0.5197416381198618,0.1343075157826488,0.612546569588165,0.8026304571146138,0.2572411685096906,0.2031930333817125
0.9090387922834672,0.923725165211536,0.9978496360749144,0.0746688505904805,0.2576768042571227,0.6760333625768933,0.1707517635701865,0.5192867131663997,0.6519910229591184,0.5128205128205129
0.4284161351419691,0.7905366885613394,0.9747955540721216,0.1328804579977155,0.2923736786830664,0.8984255437575145,0.1516275780523475,0.9527552757880078,0.642861489433673,0.5128205128205129
0.5899743100480109,0.3602648310812898,0.4670570426268142,0.6663474057630588,0.8372929528712295,0.0998277801193399,0.5964089065316049,0.8678609952203675,0.9399199577685118,0.5698005698005697
0.5970903171634233,0.3889708963507882,0.6113110102539113,0.3939005301787708,0.8969492849597573,0.3380705652226128,0.9319345843150006,0.5256717486158292,0.9150077121651308,0.0732600732600733
0.1858814097393708,0.8717958905566404,0.0039872548392707,0.6776382623329366,0.8005143431648146,0.9750320231410612,0.3456583917550749,0.545245933391451,0.9260988678829308,0.2747252747252747
0.5092300284271872,0.6597847141768437,0.6417796149142642,0.834473819062189,0.1329141211473371,0.6419549721002102,0.6404463786278459,0.2856524873818064,0.5776990593054298,0.6956521739130436
0.6775120217799262,0.4749007756541535,0.3800030067318204,0.6189404108011591,0.926547028615982,0.4996471668486728,0.6688945406297201,0.3079562215394568,0.7248486651977916,0.651890482398957
0.3956320581379829,0.5795672673625539,0.9202511919650704,0.8761402640209137,0.3476307998100912,0.1992818547152177,0.3020169398374481,0.2515405636361932,0.8826211667694999,0.6334841628959276
0.2492228262473886,0.0221674196285852,0.1199318047408604,0.5964068060383264,0.8792503287440505,0.5759802179770523,0.4326904441847132,0.1270995226278269,0.9605084292603838,0.8097165991902835
0.335669819452994,0.4675373213260405,0.2203829509558167,0.4043093736867079,0.2155146643204947,0.385016654419642,0.0483649587289836,0.3356612141702151,0.0137946236208946,0.6334841628959276
0.8218738724601837,0.8087385423916778,0.0403521315088646,0.8673771224419511,0.1451869281002077,0.6399594496072846,0.6363235454579917,0.4270761095783034,0.5620445575917068,0.3978779840848805
0.7807032725188023,0.9258619539104213,0.651213013692457,0.9869489215298224,0.908571564977388,0.0865400974777796,0.3630313918145154,0.140119323237931,0.3521898364377021,0.0
0.861025328150205,0.8852581567358825,0.3893203745867643,0.292741863740045,0.7882967110904399,0.5664562950564783,0.2947821747386232,0.4629678479748795,0.5720286878484141,0.5769230769230769
0.6644800777465488,0.947953266724923,0.5944907474703576,0.3801723138872693,0.705370377812568,0.3646638592824894,0.0732608729746918,0.6531021940199508,0.1364142489459713,0.0
0.5665861262340347,0.5666927166719031,0.2299808205193714,0.1040289433137685,0.8790891446938193,0.756591701210691,0.9499598625400568,0.9343998881637228,0.4360655609229837,0.0504413619167718
0.2560566099255792,0.5715598898698067,0.1358412286547178,0.7186760283525068,0.7966063373597846,0.2788436264601037,0.111592639802962,0.5343214736580107,0.1471593103061461,0.4195804195804195
0.529398205139294,0.3004781543026797,0.2765249636450877,0.8238599051142886,0.1045543005847994,0.5539115418109088,0.108280536118406,0.688406694829308,0.5631834968086161,0.0
0.6538626955138324,0.4922236399973348,0.0007367356696418,0.4676351031423564,0.3119903223331488,0.1476409558778947,0.995077877811358,0.6804993240719552,0.3092043533501298,0.0
0.6316799092202885,0.049299846848192,0.5531453097835357,0.6715953242332804,0.1527255678107117,0.9563422862834606,0.5722307154285834,0.0070168227232293,0.8759665738601553,0.1451378809869375
0.0578543375634912,0.3297572830789346,0.7603988385241016,0.1805975224706996,0.5605244092037938,0.1892217614598105,0.1379872242891835,0.5314511313400312,0.6440957002818174,0.0
0.3609806108236293,0.8172028841542798,0.945083203607991,0.4591036163032613,0.1723607668750739,0.495248716739636,0.1912152769987389,0.6817550315692263,0.0767485575998693,0.3496503496503497
0.3706860663596899,0.0901928189332917,0.1480007567359054,0.9511355233620904,0.2135746854801919,0.7918727607288115,0.808593357786631,0.9833336566536808,0.8887018928561566,0.6490384615384616
0.8690702335462573,0.33734253011139,0.6041077157673457,0.7980004190054478,0.9466979181091556,0.2196377728424228,0.8542752638248059,0.0428571600742542,0.1132955570201166,0.7326007326007326
0.5458426892420745,0.4534669761319915,0.6595806783148402,0.717551212292348,0.2564467618223003,0.9642526772638892,0.2373325918432539,0.4792670945949093,0.7603458645949571,0.0
0.3018959627888528,0.256455007222706,0.9738032935055676,0.7945899613471931,0.2583327565981245,0.2622594091631998,0.2278417591398784,0.6201520562909746,0.0493673380849299,0.0
0.7778549891623099,0.9870890828451676,0.2470146696957736,0.333401292004935,0.8837057981746581,0.4620528237693769,0.3544378249108575,0.2167547853857646,0.2930418044081474,0.4102564102564103
0.2868298485379646,0.3232336947562899,0.0778958247171783,0.3727595836023475,0.4924477128918574,0.3165481137669317,0.1458983651114302,0.4745116827965209,0.0287611542922583,0.8391608391608391
0.7164544667730314,0.2999180331667261,0.0375540661948129,0.9314776762514932,0.3932686937828555,0.7870478629661962,0.4244322327772892,0.1919967276199449,0.25336858540708,0.7444168734491315
0.0762777257033868,0.6420228376008484,0.2351580898369779,0.2749153896831514,0.5536656250458906,0.960976400398372,0.2720772255935694,0.2658457689262997,0.0743555144107004,0.0
0.6068195020977638,0.0598353610283972,0.3527737153951973,0.9196956315515684,0.0150351405826911,0.462763674607147,0.8804288344041087,0.4963781808674432,0.5825818178913512,0.6189213085764809
0.8996051725681177,0.0588717722257516,0.3357422113730213,0.252437839697351,0.3958593211200445,0.6560442492722534,0.7777145468789602,0.7420240433676706,0.0932777746585532,0.0992555831265509
0.169464929737013,0.511611656874341,0.4358863063246079,0.9511014599661016,0.113064865285985,0.5759151474690151,0.9607320774180378,0.2489219798632509,0.9325428984653464,0.0
0.8668176720194927,0.0305513950667437,0.8228266563342583,0.8522896285561761,0.8773471135610844,0.0605348454911398,0.8542956205394545,0.4886313472071922,0.922839006238516,0.663129973474801
0.5921107891318902,0.9245679652049988,0.4577483527313249,0.0229180709554568,0.8858596063812278,0.8034497162541334,0.9428037401275704,0.1470061044429316,0.7331239433945245,0.0
0.2947070925453902,0.8189889427537559,0.5060446274843211,0.1802872153826433,0.0863752247654171,0.7534072536906566,0.0181080391265915,0.0023918439119142,0.4571015172927313,0.0
0.8729776195859018,0.1150069829277408,0.2678653243111681,0.5130945724850283,0.3120798945603678,0.1762757840038126,0.2341844352826754,0.1809710123624378,0.9548507347844783,0.0
0.3999085437946914,0.9446334131283816,0.2794230527064559,0.7372169369869107,0.6854859009318703,0.6546301534162681,0.7835242042253294,0.436904170367161,0.5797710137205501,0.4843304843304842
0.9082518672715372,0.615268211972578,0.7023345717881387,0.3525665001712524,0.0239932251087237,0.7994253775112345,0.4516091930764836,0.978277920043165,0.0398716357427352,0.0
0.9105800769087724,0.1563736225825246,0.7076522158173548,0.933393293212707,0.7724908781456447,0.6859925119841247,0.4212156902240012,0.5465707603220173,0.4371327990838323,0.8906882591093117
0.5620320006524715,0.10575601449156,0.0726776139629614,0.7175392937498013,0.993014466740341,0.3787095507248819,0.2136059221705828,0.7669710395672957,0.591007593715229,1.0
0.0281870085850124,0.874757576317848,0.1677760387550252,0.3758359094021534,0.4478564592269518,0.3685831197938617,0.5026494703920719,0.5240589550265586,0.4144756890556929,0.2006688963210702
0.2892107258698666,0.6425183028558709,0.4046731809779412,0.5343702964425895,0.9138896072270968,0.0087482908228812,0.5282691838379664,0.2200080258188395,0.7439430116601425,0.3783102143757882
0.1594702284520484,0.6158489889078907,0.7346824114035544,0.0975578098946245,0.3783758469383146,0.211689401762913,0.1522223235941003,0.5957984919252793,0.6302612737456655,0.879120879120879
0.1255704434416973,0.889426691627126,0.0511858557539668,0.5507077487011436,0.7148283088529136,0.9854338447121566,0.3323119522890639,0.1529078330424377,0.0278564982612732,0.2564102564102563
0.5804011453601163,0.8079015141205086,0.6326654425869808,0.4270838655555272,0.6383939251192268,0.0377727021612857,0.704162007131596,0.0645449301776008,0.1906318242379808,0.0
0.6425779484031803,0.9923708748655254,0.4745050660048454,0.4579551166812793,0.2638026036029364,0.8056843321574038,0.0517247593199321,0.5303821902955148,0.5486693449443657,0.6334841628959276
0.1118321687443221,0.6381400767543668,0.4241066670081013,0.9207861745380768,0.49522689855374,0.6535347392714446,0.1061710967947081,0.9802550767067356,0.4382299309271112,0.0
0.6264829987746509,0.7112922969994047,0.8885378091361592,0.9384433810410854,0.1831188396992039,0.4535634765086834,0.610665725045499,0.9926168015351235,0.8415379073827076,0.5769230769230769
0.3889644472338921,0.4109825792697659,0.94772269899496,0.6760246904727422,0.240175361785615,0.4466454355844103,0.4686318930642703,0.3685510322522316,0.2809116002196352,0.3076923076923076
0.7087660009553169,0.747851494319909,0.5868833795601702,0.8043454983094971,0.8564158052611558,0.2696288346681355,0.1596985750105615,0.8852660670626189,0.616612352526008,0.0
0.93418874034279,0.223679140846168,0.9786036289752608,0.0104696538728689,0.5212184739777492,0.7416370778951864,0.2717077927713082,0.748096978598424,0.4229823368856884,0.6993006993006994
0.421519052110904,0.0206119001171806,0.9292386778489956,0.9723118723380102,0.1924183004285193,0.5923950209025999,0.9156240209406268,0.4700587483726774,0.053440295948383,0.0
0.6004885003526808,0.0257559206570306,0.4653029839631495,0.6948004923486159,0.7070301901067675,0.9577245455452348,0.6702435277531397,0.3648867640130006,0.0620036434722544,0.5769230769230769
0.5741842415374482,0.2574467976178939,0.5793202571496455,0.603260835660051,0.9125503819165908,0.5400571856331587,0.8789119489752731,0.8003054082369926,0.1773736020368533,0.6809583858764187
0.4021512055434719,0.8385364134113237,0.6484412710902151,0.8086405144866851,0.8987797901913696,0.6116547710192312,0.174886616653601,0.2864292500319472,0.8210851305843726,0.2307692307692307
0.1666200968811519,0.0500441345927478,0.4024741303564557,0.892308131796588,0.5077792136764143,0.9194285631683514,0.4299841775832991,0.122269445362608,0.9622650361796726,0.5982905982905982
0.903349630479982,0.6274077961700613,0.5414480944944118,0.2236980715843521,0.8514297322246925,0.8168136667336776,0.2672381563472564,0.2013663592712575,0.6957330482559025,0.0
0.2478875169719558,0.95154188502941,0.693364139659327,0.7182176426959823,0.7012250733343975,0.3786096968446542,0.7855461114247995,0.9151714360736328,0.7794118689656317,0.4220558202859087
0.7809903189100844,0.9203846804963668,0.499309627262708,0.8185076965901197,0.7762006079353266,0.0409828185573016,0.6858066228383223,0.7430096088390074,0.0194095137472273,0.3793466807165437
0.3982108274786562,0.1706131195376687,0.3245184711218002,0.521424416719171,0.9745558954182398,0.9357316563771062,0.2820450963529334,0.8709075697255116,0.9090355363722502,0.6267806267806268
0.7287363714505928,0.4136323754871162,0.7391252665273589,0.5055815315820107,0.8209364373030988,0.6180993343873624,0.8827903496365567,0.7130081860027168,0.9946090313055228,0.8371040723981901
0.3983315142089932,0.7392454255225812,0.2773425594904278,0.6116528291061788,0.6382395204809823,0.0275325954252856,0.069501017246234,0.3682437541023143,0.4833261720342849,0.0
0.413874375180421,0.7396161601733522,0.8311553021328305,0.3464314298643079,0.960113777175414,0.967704202722554,0.1126069872952675,0.3353457178918715,0.3762512161457769,0.0
0.066368931645685,0.0639041074585656,0.4407273798532366,0.7105927964080052,0.6945706170457068,0.9745429062256684,0.3831040501289263,0.115177355407569,0.4750904624764756,0.170940170940171
0.429799361311806,0.5427055343555515,0.0430159893181292,0.6928288070443845,0.7426772761088436,0.7474259452488835,0.1850777468895056,0.0928559073785612,0.6907501338661435,0.5917159763313609
0.4628285741935756,0.6207797198778447,0.0195961531126872,0.1091511104241357,0.8789023103266066,0.1274070559900493,0.2531294619072484,0.3114828976190031,0.254915208470164,0.8097165991902835
0.3289440824693164,0.8119405334031837,0.1507544126024581,0.995499440311556,0.7982249289415535,0.6858569553973658,0.178350522036545,0.2965304797942719,0.4585532368101894,0.1923076923076923
0.8407715376532311,0.3987351344020778,0.5065273681624796,0.056279422478586,0.9861008706547808,0.6019098407709247,0.2894977272804329,0.178768828972804,0.8784247137321618,0.2197802197802198
0.0398012359055667,0.8910119176795716,0.2345204976175983,0.1415892893241221,0.4141701066922924,0.5629612801678324,0.2285275670842613,0.3220176538624332,0.1144545850173291,0.4733727810650888
0.2870664438254381,0.969195035856175,0.2723519765662555,0.2804496537361899,0.6921696974112631,0.2349119914168792,0.6448471722695805,0.9938820956348452,0.7620593732669417,0.596153846153846
0.1031202100113662,0.0628891442820521,0.9381702473298822,0.7330205532756978,0.9723437187584856,0.0823042710556494,0.6443246715670892,0.5176630005670738,0.2424221383541578,0.4662004662004661
0.7048010733822214,0.9106937032583272,0.0537372957972988,0.4812434391494518,0.4036350634366756,0.9956511673606028,0.5129175310924441,0.3020705464351928,0.1778729585470592,0.0
0.7957174341697651,0.5584733380248357,0.0174666259921201,0.0735527454463912,0.8354505628344469,0.4749235517423136,0.7198738427034106,0.6157452815368893,0.3431082185743089,0.0439560439560439
0.2906000090719373,0.5346165266189001,0.915304079850341,0.6506370519706459,0.9020239510864666,0.4813464816376896,0.3700541625549486,0.0731100477774999,0.9972280097126246,0.8284023668639052
0.8118297632086703,0.5510752736048948,0.6472867472226944,0.5677038901229532,0.0528118584601674,0.6692583031881454,0.4245891387066911,0.94245909572094,0.6784417975416873,0.3846153846153846
0.9595011446222492,0.3061233290701709,0.2806865436232709,0.8093319734044693,0.3489379084735667,0.1953403096696679,0.57180996648348,0.3270588668976529,0.5681633012717744,0.8373904576436222
0.8073803958504687,0.5432250013107857,0.3135699389435985,0.250067173402792,0.5055174706426326,0.1460323729728297,0.7570829355594566,0.9744819633203904,0.3132643992023837,0.0
0.6737947597944149,0.289728649312436,0.9833985143659864,0.9856532871099092,0.4073146235052031,0.78019322585595,0.8127129086401191,0.2837208612812134,0.0839848178037619,0.4195804195804195
0.0924224526525585,0.8216964606129596,0.9086964279865604,0.8611223386450473,0.4102796238701048,0.9931034357267297,0.9007739480905642,0.5278285931981057,0.8846605362892369,0.0
0.5798608357087488,0.2953240106142537,0.8779270291741069,0.3079500494098288,0.834056481593264,0.8732848968041913,0.0514325271070017,0.623893810956102,0.6123313389536891,0.3619909502262444
0.1986195494116448,0.0429555325683177,0.8354979132810194,0.5142195353711773,0.6061760622477006,0.3340618766868,0.5448694521209245,0.1354925234368682,0.1604182832435804,0.4331590739357729
0.7546021786195447,0.5943354815237819,0.5782093932800101,0.8102087084467103,0.6922777349154106,0.8260551367554838,0.9418344309799755,0.0958474297863856,0.6845438063925545,0.2884615384615384
0.268178621263914,0.3760936769482618,0.0118419015358011,0.5847430847887942,0.3742510599087286,0.4545715580509677,0.4741353981356963,0.5201004565680835,0.4934199091179696,0.0
0.1025223920348423,0.4199276793741703,0.3539329002379591,0.5226228823439955,0.1572864424359789,0.0101514525865291,0.9510252098373718,0.5347060648522549,0.7958958258227784,0.2692307692307693
0.0836312886831188,0.4606748481524175,0.6037569714796553,0.965500612287451,0.0082657058309301,0.4020977922612266,0.6954064911357545,0.4326252374349213,0.6142438699208606,0.0
0.2943383398485563,0.9056596823731214,0.6717631674518428,0.7830248263145357,0.8240226795166932,0.7220806912347152,0.6222695165107064,0.6762764075628028,0.988581983089687,0.6072874493927125
0.6410920720101738,0.5399511251246079,0.1508995598909113,0.9684587476918456,0.0655522995681033,0.6972827625720975,0.2470223336763404,0.1454629553591081,0.3616394467469912,0.5128205128205129
0.3062254925414308,0.6134953947167449,0.9758900394769064,0.0428333007806172,0.1115282604132721,0.0123367805677812,0.6741859277892299,0.3494433528172799,0.7468962017715663,0.8531468531468531
0.3014194169007411,0.6828456609536264,0.0162291388729811,0.7471360159421936,0.2762406265651567,0.9133325533329442,0.2885661991026393,0.5441391001974946,0.0379039884437354,0.4195804195804195
0.5085519333539852,0.8248562587781272,0.8918987895079943,0.0818557380164339,0.6271449172211458,0.9797366088802358,0.5650695898994961,0.7889250774928692,0.7852254774717126,0.1153846153846153
0.4286562448472037,0.8182188626441111,0.5947172933505308,0.7794959808287951,0.2505834124246591,0.1091351452090312,0.7737522346623426,0.7737595502031304,0.5347127973692795,0.6366047745358091
0.6943388717534907,0.4681529808449691,0.093072935363575,0.7992440975697406,0.2225507172308756,0.3135068905923438,0.998200731013447,0.9710038965253942,0.5673247384839218,0.7692307692307692
0.6126961753692762,0.0406434933677193,0.9499713307344346,0.9547209660093052,0.4384760539891736,0.7536321940403312,0.3687416745723553,0.5270909644538323,0.5348772137190893,0.1398601398601399
0.5565025595561285,0.9051428302737378,0.9165880750486414,0.9103362089507532,0.9066367638819666,0.1855650045422499,0.7346775493457772,0.942171885905168,0.3944935660374212,0.3076923076923076
0.0933711741450935,0.8420362801401786,0.8661041339261238,0.4493180458890722,0.6949671083832029,0.2807899285541585,0.4129896207124954,0.2762876640593229,0.0114885310729252,0.3846153846153846
0.0101456801499451,0.5123498998083414,0.3348576586496682,0.4758466786241389,0.4956185254105664,0.343321734626803,0.5005834254245457,0.8251690246807213,0.0268835521618189,0.2031930333817125
0.6327332754036774,0.7952504289610041,0.8949435575359773,0.5586155926982324,0.0318734832836647,0.1802569915892459,0.2452171057775342,0.1740575020992318,0.4831050090888464,0.5128205128205129
0.6796949866043572,0.3827828724610136,0.9617658233303592,0.2194343587595441,0.6077006978189086,0.1257264511080105,0.2833160398737128,0.4680346242378,0.3059648822052334,0.3076923076923076
0.3311288457532418,0.0207262436433325,0.1116095034338539,0.7222079446406832,0.4797895828599697,0.7683827213702045,0.2230183133170989,0.5548043646961476,0.2562034648602531,0.0
0.8179889791883624,0.2551985966658641,0.646239182891928,0.2767483790491638,0.0370507003913005,0.6560821025250984,0.0116532391266024,0.5084829435065508,0.1638522941142589,0.6153846153846154
0.0885600949408166,0.6212204560785637,0.9274697113703788,0.6610035513654844,0.7483473884150457,0.2907134509605018,0.0858427164046453,0.316503729111605,0.8641043173188666,0.0
0.0331968972666202,0.2657813585822501,0.2909996830987521,0.7263964128898139,0.4924675472193486,0.4870320999878696,0.3917988406305498,0.3208669927933256,0.0352627888157851,0.5128205128205129
0.1347908717576198,0.8757008277223978,0.8675108011236847,0.3416732908830796,0.7026090461838582,0.3429307067607571,0.4024093413441389,0.3391140262349121,0.1624490935136625,0.5128205128205129
0.9306678656620234,0.8438693233489855,0.7338375112314085,0.6534052271959032,0.0009772746143527,0.6204078750079595,0.2574156168334746,0.1156276064546949,0.9939973726942256,0.1923076923076923
0.746364364111467,0.205940349369498,0.3028925648881005,0.3617591721194794,0.4641777133201454,0.7727427723438219,0.7841296644747954,0.9180315909481004,0.2086151300461262,0.0
0.2647753749414163,0.7227787752748972,0.0583387477094349,0.5404647630237511,0.0314554796467387,0.6374946060067301,0.1705726056882194,0.2363633903466424,0.9116743114106528,0.5594405594405595
0.9117510206491316,0.3507472013959605,0.831904991977517,0.6572160297364789,0.4025880153268322,0.865696792865081,0.1936643537303393,0.415591018363793,0.9833284198182352,0.2197802197802198
0.8953140915039735,0.9383614129665366,0.2530463572351308,0.240608394841265,0.7744024084067308,0.1060168069904946,0.0426402782098506,0.4244487298076606,0.474842306024949,0.170940170940171
0.4494108893237635,0.5829799852974167,0.1927272297112976,0.5447498845414884,0.4022081614868414,0.9188950140240394,0.4096786460084229,0.5822073180822321,0.6956636850303999,0.3418803418803418
0.5507305623771694,0.5903897568407993,0.1740267247720336,0.0237129187267428,0.3457030940615314,0.920050896978384,0.9930141727042048,0.7745142564626446,0.6308919161428661,0.6508875739644971
0.7373026235401089,0.8932467567698258,0.4788668101823219,0.8238769179018559,0.9155659056970996,0.939209647697099,0.6650074257936028,0.0811386613415615,0.4073607503288096,0.3016591251885369
0.163939071840075,0.1861277128374591,0.7145679493611982,0.1572093746624455,0.4952617596977784,0.2605242114679257,0.1085064850367429,0.7244619398332321,0.7089185279991204,0.1538461538461538
0.211037169655319,0.4366100550192027,0.0842071731383615,0.0688461977752291,0.6878905116233983,0.9359815768143211,0.3176856178318401,0.5281155968374581,0.6517367235813994,0.3619909502262444
0.5640753469291793,0.0275879602154381,0.9064822054554792,0.3698221030847597,0.8450349881439038,0.3386077000966155,0.5331704786607585,0.7512508222733287,0.9822488170742024,0.6627218934911243
0.8111306212852488,0.6109610225317526,0.1806060709813863,0.6610600047809072,0.4710733396797175,0.6039555239978275,0.0861467269539487,0.2495677728328806,0.6631949278267398,0.0
0.8152348068488631,0.904614764324175,0.867390658914438,0.0660884550342973,0.8812148374248651,0.0718953907708747,0.7982178196358096,0.3806742392623168,0.6997805183314145,0.8678500986193294
0.0640553484422861,0.7631100137956606,0.0680202106217769,0.8258014694752727,0.8697173058232083,0.3874370606810124,0.5813975566359617,0.6602997094282094,0.0634908899063015,0.4733727810650888
0.6956207269380528,0.7978715975927867,0.6824309552952772,0.3396536188629753,0.3195463599325289,0.027786034456341,0.4317816191144438,0.8063573735512441,0.8854348123434639,0.48582995951417
0.1590338284357968,0.8507988817344158,0.5826416814893547,0.3082796889509552,0.5247435399416763,0.6189698089998223,0.7930930482164292,0.2390580527683681,0.9876160024958864,0.0
0.2333435209432268,0.6991515183220421,0.3697673631942415,0.1723153391881178,0.8760290530745141,0.5779349704284349,0.2375310386096349,0.7107337365012193,0.7661738612064496,0.8144796380090498
0.6455138642584944,0.6658058197408574,0.0988634124693655,0.8560196174441517,0.9596288997580532,0.8246385830366392,0.4130511899853664,0.6275018107092674,0.8497494948701826,0.5459057071960298
0.9990844361683612,0.7057409277588593,0.5946377805559488,0.7011700335578338,0.3295822299449706,0.4490992459082757,0.2886171618007793,0.4847519660613563,0.4198231702807519,0.4395604395604395
0.7772365057225328,0.5690340907372373,0.7991979301628407,0.2841624061150642,0.9564934398209944,0.8477160455208457,0.44471403868635,0.6707882598742808,0.1009196698764729,0.7692307692307692
0.1655501770007852,0.4747358794966509,0.2270050077197281,0.1256126596390243,0.4286456186955968,0.1710513077459516,0.3982141453069595,0.0007746918516795,0.4208870862974884,0.4807692307692307
0.1896230943402147,0.7584158169541887,0.6706292800272184,0.3362573296676535,0.8801565168122452,0.6769890275766908,0.0010282684224828,0.5277097578765488,0.3719033597810919,0.717948717948718
0.1614690117542535,0.1094090667579764,0.6409878257095404,0.5982905007643455,0.5390599083483626,0.7172618585898697,0.8236949712349757,0.7493839552904489,0.8135277010532151,0.7013574660633485
0.7470929880164642,0.2261733894572907,0.0489975039895433,0.1550974244602356,0.6471629613809629,0.59831270239976,0.3025262039408003,0.2008717197956309,0.9378225569416334,0.7239819004524887
0.3542319341526404,0.1508222434241515,0.6759489340865918,0.2453135079624443,0.7342137268164451,0.0372960345348789,0.1623163611423511,0.6724270281823329,0.5661898971578556,0.6477732793522266
0.4359510355966736,0.6399811056969719,0.7377921352117778,0.917334134535702,0.0485529096955343,0.4992664538370001,0.9547489383886896,0.0773252053899029,0.5232090278243582,0.0
0.421014147586532,0.4785973661112062,0.683132266845963,0.0183246882510483,0.1676014794748704,0.241151611631896,0.3579481318057388,0.8934370753021454,0.4735318212603135,0.0
0.2754241096007384,0.6500552372235477,0.5129507880077502,0.2610730369900352,0.1450954514953788,0.7790776553806703,0.0258841405307949,0.672749899155004,0.0487249545335946,0.6378986866791745
0.8501354625920381,0.3912917308512816,0.7377725813221874,0.411679820694327,0.034125620028517,0.5012713540987305,0.3648844442116928,0.6251460031952395,0.7931842852664805,0.0
0.5031602342814531,0.1155725357164473,0.6422388702281517,0.7140709643551761,0.4849964632796961,0.1330994087696723,0.0922605714792631,0.3441008283025855,0.2791858237607918,0.2849002849002849
0.3629049996202234,0.6336401576873198,0.587455779958812,0.0032956974819147,0.703877703630056,0.9780073668453204,0.7975395849439142,0.397655944099632,0.4510136999165288,0.99009900990099
0.859123513268122,0.3333384008468669,0.288823076298214,0.3356935481646178,0.6693128481178576,0.7836377946123045,0.3335508765598528,0.1624213849329778,0.5971773443163394,0.0
0.9713173864627204,0.4474548264903697,0.4491446608726106,0.3127254154279415,0.948415902019028,0.7780831586047439,0.0272119771211488,0.2277019319005088,0.7457126718274821,0.7692307692307692
0.0220845582284751,0.9446608392620331,0.1977946327805357,0.4412536284792612,0.0012813941106242,0.2868694212622004,0.2752751483966822,0.8828561041539386,0.4610347775794196,0.8097165991902835
0.90845159777625,0.2123752212166648,0.5271656226371015,0.7116165680808438,0.9549458154054292,0.2296782936413646,0.4834152565983536,0.4445012884965528,0.5081995433906322,0.6153846153846154
0.7991892857435378,0.0259879939289349,0.6465767639277553,0.1523867205016752,0.3345979640959526,0.3872141146407775,0.2575804504513104,0.8565459386368475,0.4735431916311422,0.3418803418803418
0.1589800541950458,0.3771235028963566,0.1120874411556736,0.470396719376415,0.90957036663608,0.3021715157459644,0.5614250955208251,0.4953794674009469,0.2106103860936263,0.1663201663201663
0.2077103956893874,0.7136938129695597,0.5269496325805059,0.7695358067417766,0.3806223719992619,0.1934505491810326,0.0217766235832139,0.7409046178923595,0.2663501731731089,0.4615384615384615
0.035294989819477,0.9205348571583604,0.5494827200726117,0.6815228986130946,0.1663175542751763,0.3005294025379833,0.5748666382962966,0.7371330917909751,0.3628888268185755,0.0
0.8805742530843024,0.8246101600569866,0.1630128726902399,0.4722898371269647,0.1780044507266287,0.2772740649161324,0.8723293548253075,0.5932389872897462,0.4647282894988586,0.1048951048951049
0.8185511446462308,0.5440539361415863,0.9398121952089152,0.6688258134437318,0.894496947493448,0.0395124557161792,0.1932643912617009,0.7941823655883036,0.8075562178884156,0.0
0.5644473393653552,0.7550250832181021,0.3799449998692822,0.5092739172051243,0.1119363766592993,0.3433298762736485,0.0494848450389646,0.0038570754069318,0.342132136155554,0.5494505494505494
0.6624405194889702,0.8221281185635193,0.2612041499049349,0.0873205216055482,0.7317454081695243,0.3597748118970085,0.3150709020021499,0.4863878165330193,0.1187080000574579,0.2429149797570851
0.3790778070346006,0.0407866846933454,0.1486474138489025,0.765442444233213,0.8515648554731621,0.2307484475444225,0.9414565392653428,0.6237180276111102,0.8378876522050875,0.1972386587771203
0.9785173334431024,0.9162088482646076,0.5091463254283081,0.7337187876222522,0.7061472172464552,0.1729096757418295,0.0728962827712994,0.1096326797072515,0.6053127009191385,0.0
0.8884461259804209,0.2451470289284331,0.0140624587752266,0.3854307145011885,0.4260335423889625,0.4569032271041122,0.4639809038050868,0.6251665763443387,0.8474192123889244,0.2884615384615384
0.9702308484026926,0.8670624630319875,0.346867582788952,0.4546278467615647,0.1645745394521941,0.4600900918841321,0.8241350492890458,0.6257559112965774,0.4125956347892666,0.0
0.2291731940247516,0.9768922325371532,0.0585168347497097,0.5240000244195919,0.0794781926045123,0.297792642128036,0.5580968346955025,0.9716451033271388,0.6973658303544382,0.3139717425431711
0.8300253469357624,0.8417618023908594,0.7427801807871954,0.7269357087219082,0.2188125545564365,0.3897194633674338,0.822781371012136,0.7519422637921407,0.8636027926846416,0.4786324786324786
0.4019368653329007,0.9612014234671684,0.2479512364100283,0.8973182392933708,0.8169941795467817,0.2638913812997904,0.9506692068369116,0.2932202074748342,0.0032333508308654,0.1451378809869375
0.6317405699012969,0.7388108097193093,0.7496134121780799,0.121778819976545,0.9499974308564216,0.7414334842041681,0.2922694706612563,0.6725511807018414,0.924281266936712,0.0
0.28877538801928,0.999062331411094,0.4670799319636716,0.922146662405246,0.5476905223798032,0.7190722187157956,0.6419283872027913,0.5110801786081803,0.6584755728658801,0.5934065934065933
0.3685261500457771,0.3552577147496498,0.9602101819407226,0.3513651139233045,0.4295872488640566,0.5349644447035955,0.3081870311577462,0.2787679574340407,0.4902248961153401,0.3550295857988165
0.6089406678000864,0.0994464538094508,0.3409521642086522,0.5286654197629889,0.4721616076891277,0.7987849777952394,0.0135141847734163,0.408354302170629,0.7369518607213521,0.7239819004524887
0.7538237597016839,0.893218087060815,0.909782116658652,0.1654807269038878,0.6509203811061267,0.4460980330235452,0.3773696985227482,0.845219310756534,0.411966830524013,0.6993006993006994
0.4477827026597439,0.5288597570406451,0.0952640157748245,0.98844802687634,0.9679715636152156,0.9893440346250332,0.6121028634278668,0.1185603435501652,0.1920182659555339,0.3418803418803418
0.2887245744375013,0.5308260797970449,0.9996223471375976,0.4468902448369619,0.7310815453074263,0.2591579082479517,0.9680000474291356,0.0502989332740035,0.5140575699695634,0.2153846153846154
0.6462276259283453,0.5926740711963296,0.1992282971255827,0.7524862870416269,0.1328181849597673,0.108957409083802,0.8595020912561498,0.6088356267673892,0.0772157796028172,0.0
0.6338671744395932,0.6309476318289402,0.4637449657826458,0.2264696415611189,0.69195022205178,0.0441405893032719,0.3400858154673696,0.4047183687617596,0.0380024512507527,0.0
0.9422506666646888,0.7305114406757441,0.0374959719180205,0.6533947171112399,0.0895919169072112,0.213677341377721,0.9693822711586376,0.2794043920926099,0.253913859303118,0.1758241758241758
0.2711147198592841,0.2148370746196654,0.1215472563330579,0.5122663157657126,0.7919235065114296,0.3691489351867782,0.677076038740774,0.0061114165349308,0.1980904041478542,0.7137192704203014
0.9014222688917,0.3100498597806782,0.357155486248771,0.1646453983412501,0.8886040029222575,0.6387319958280423,0.5641546661344419,0.3852452236712423,0.1181707525749993,0.2825745682888539
0.8333950332418428,0.3647199152921145,0.1179677403613065,0.0752040264811096,0.0169777054101994,0.4861779893843542,0.5917792649219942,0.5194889284850845,0.4752964477758268,0.0
0.5723655373729856,0.603005737902802,0.0786699527356075,0.388145861050542,0.4466142513190474,0.7692756613936347,0.0082984742063141,0.6729603111687085,0.0040938383312122,0.6837606837606837
0.0974504032818417,0.0249143186879108,0.6221035103069406,0.6057343661799153,0.8662254918322042,0.5995047382719956,0.3052173820506473,0.654430327022726,0.1276967109534971,0.0
0.0826992923572988,0.3564400778434757,0.7475568066609994,0.1121456584898,0.5485257894474722,0.9937997437548248,0.1584844488098864,0.6313089347053457,0.7605874339453298,0.0
0.2013940042207485,0.245841855955661,0.7585020435833076,0.0762694188849147,0.5923424120297966,0.4655895102489344,0.6582372208189413,0.7759487225399363,0.0729415039844365,0.4905239687848383
0.3336284934394645,0.6421968648059133,0.5128215716812933,0.629872824175528,0.8585056379161718,0.3682058803288994,0.0014280691210014,0.9625497862280769,0.5209951984142347,0.0
0.6681473702715955,0.5259700107489229,0.0242937792468389,0.416735851191456,0.4412518353615926,0.7035687308739126,0.2497519295914939,0.929965413272826,0.663919463635048,0.0
0.7449312545317338,0.5812138469927502,0.2521087805478087,0.7554955052186066,0.4777051898887349,0.1847511071216419,0.5790616597050761,0.6572959308345797,0.4324740925299999,0.6354515050167223
0.8552298437059186,0.3791165427076431,0.5951713932009763,0.4098205558655309,0.1035124132887922,0.6806638705622047,0.6135897252941245,0.1585278478394126,0.2011872825420058,0.7692307692307692
0.4645615623167276,0.5772723536468202,0.3211241882694972,0.7670554333483576,0.2543339940747277,0.0995338749916905,0.7331984642461828,0.7596981030773751,0.1617009123208881,0.7118254879448909
0.5536572473848083,0.8862268694458465,0.8362991572016916,0.3157852154804642,0.372030146410371,0.3830643714069975,0.4679891236086758,0.5225928794908444,0.1727626994974205,0.293040293040293
0.6644424475851014,0.3398572755545096,0.3736060273669652,0.9405073662603474,0.5851340049513873,0.6968421311213352,0.13115622682802,0.5185428730686233,0.1521532756188873,0.0
0.5947828977378785,0.7941180502216574,0.2079036447742881,0.5042989412744153,0.7416286232324628,0.4223658705449784,0.8596643525866943,0.284930742225373,0.664443209176884,0.6231742940603701
0.0109591522300748,0.5185515634368967,0.1863631832726583,0.2331436367379039,0.3685536448823537,0.7049236929718798,0.3462015048405167,0.2826742856151051,0.1683181733353828,0.2564102564102563
0.6674202594190493,0.379732290274022,0.2549731121177998,0.3928311745881088,0.6499013868982284,0.0732008755064206,0.1318269467666575,0.9533565953146916,0.51519023402461,0.4615384615384615
0.1595553928793075,0.0462021803316751,0.1207383149181957,0.9494555531134148,0.7954995947748281,0.7012884217647889,0.3479339936190051,0.0258540177860538,0.1028812757629035,0.5128205128205129
0.6164894875072356,0.4448313984083107,0.8446702441723873,0.6279481301007523,0.1284946183423195,0.6908881243279962,0.7262401575711254,0.4198556098531296,0.2311648445479331,0.2024291497975708
0.2150156687708903,0.3321753663232627,0.0612027177222228,0.6447027400143511,0.1182445403065678,0.7329770629429475,0.8647795026069723,0.1704504235502232,0.3474388004189483,0.6237006237006236
0.1114202656277775,0.2490884100605361,0.8985674082152857,0.656782450509184,0.1625187278495532,0.6102834689652767,0.6338604214156257,0.779259173116462,0.859268339622562,0.6009615384615384
0.6094546402362033,0.6769980274462905,0.629594849193436,0.592205946622663,0.9840333141935343,0.0697179403742873,0.6534957397171139,0.7148822744224108,0.726590523393216,0.3692307692307692
0.075740105186805,0.4017374676185545,0.8690886759709319,0.6935558417521993,0.5729107758642203,0.0608092122731256,0.6513608710450105,0.5184131454000134,0.6922503259081981,0.0
0.7339825127556061,0.6052187791924107,0.737569525139611,0.6259883547805641,0.0977767621927572,0.8594626854977716,0.6278364693843266,0.6901114379000598,0.7307694411309663,0.0
0.9526242740173376,0.6510700828595793,0.0145737916882695,0.0882438045659267,0.756010254494794,0.0651949100920088,0.6183348365487891,0.9899628009844044,0.4483450238163624,0.5448717948717948
0.1825342606471547,0.6759667149250914,0.831812434121345,0.3205659423460117,0.5519655497094706,0.6755632627173068,0.1392693482970932,0.6516205227439414,0.1641608353105581,0.3846153846153846
0.0757182066461493,0.4099440999744755,0.6031950751037453,0.6434336013434685,0.4872402537605622,0.0367296003757904,0.807532985226409,0.8972567287701968,0.835246216309781,0.0
0.3730555666529416,0.9368081070242102,0.7976002941889898,0.1068182222355932,0.003482167139114,0.9814580150650748,0.7380527741481059,0.7972553256836823,0.5476079096884754,0.1025641025641025
0.2818078030421072,0.6273162199901813,0.9270326898882904,0.6159938667280906,0.7294310795059015,0.906828354108421,0.9515516471352724,0.1113521359808147,0.5513234707424416,0.5314685314685315
0.6326599153821134,0.969340953258556,0.8056303440063646,0.335233193317625,0.4158762990298108,0.3915597415614184,0.8988960945452213,0.7084418153251372,0.5062410932071748,0.5281285878300803
0.8363865054922138,0.4778371483490129,0.0474292106998238,0.582833268115492,0.156489798813626,0.2546942375432911,0.9832616055023792,0.9182718917645022,0.4294554423940206,0.0
0.3305780065865005,0.8330769844004325,0.941608971000868,0.5717133134656612,0.4268542438306325,0.9190438134958407,0.4015456046960795,0.3697255445241274,0.7071424136202334,0.7692307692307692
0.8533110576756598,0.2063302754326402,0.4461783720593552,0.9564001157166204,0.9635791079357632,0.0201731688431852,0.1270161363651735,0.1762181966420191,0.1275777584301226,0.4733727810650888
0.6507590153359467,0.5615763389373015,0.8880470381456927,0.8569160645453664,0.1527552571289199,0.5587197892544924,0.7417536356524372,0.4681372242129705,0.7901609208660663,0.728744939271255
0.2737352698772818,0.8199569782615671,0.672788923597834,0.5877111419998171,0.4880539865801925,0.5413924533103398,0.6253183864045264,0.2430635932919498,0.0957634891805008,0.7920792079207921
0.7402198053664139,0.2714116274136389,0.6376299214277941,0.9073248057184914,0.6289999760888187,0.8154558082043188,0.3790053514946735,0.3145228748812875,0.8019494744848978,0.6153846153846154
0.5951995628006749,0.7182161397631377,0.0738082872439367,0.9020123877308724,0.1611877392397184,0.9446136309224826,0.5344261398987589,0.9360628628474728,0.7829003230260948,0.0
0.7576930989666429,0.4046541459291068,0.9344934742967396,0.6102069619775368,0.4680080876620981,0.9078532010869294,0.9266786872940982,0.1576798044703369,0.7844985640512493,0.0
0.0475319051291183,0.184103352018357,0.2165678604019665,0.635442544239961,0.6074926281314527,0.41010721131359,0.7634484136380218,0.1723777059224475,0.7409387066733377,0.2729528535980148
0.1018020019811859,0.5872909294310045,0.8467474547866137,0.98271415616047,0.909381505332764,0.2514169678801758,0.861889874074807,0.0540330199965281,0.7483331965073151,0.4615384615384615
0.4995635306233487,0.2807871965579243,0.3405866548934382,0.0595939668931022,0.7556947746057451,0.291599236613971,0.6624616113289323,0.0687620546425187,0.5201617063124461,0.7303807303807303
0.3458341038561422,0.0856487558663766,0.9160317455395736,0.3655223956195987,0.8845730825428042,0.4873975325123346,0.260434962154646,0.5990962367332824,0.950591854123736,0.293040293040293
0.5997629751924938,0.332062401255907,0.1329936646299722,0.1167036112376038,0.2595755483890476,0.3615705694406026,0.8801055095785079,0.9359725477551516,0.3856785498473556,0.7040417209908735
