compressed_script,encryption,crypt_aes,crypt_blowfish,transaction_control,txc_mvlocks,txc_mvcc,txc_locks,table_type,memory_tables,cached_tables,small_cache,large_cache,logging,detailed_logging,no_write_delay,small_log,Benchmark-energy-
0,0,0,0,1,0,0,1,1,1,0,0,0,0,0,0,0,6.6386
0,1,1,0,1,0,0,1,1,1,0,0,0,0,0,0,0,6.6458
0,1,1,0,1,0,0,1,1,1,0,0,0,1,0,0,0,6.6662
0,1,1,0,1,0,0,1,1,1,0,0,0,1,0,1,0,6.7028
0,1,1,0,1,0,0,1,1,1,0,0,0,1,0,1,1,6.6742
0,1,1,0,1,0,0,1,1,1,0,0,0,1,0,0,1,6.7226
0,1,1,0,1,0,0,1,1,1,0,0,0,1,1,0,0,6.6576
0,1,1,0,1,0,0,1,1,1,0,0,0,1,1,1,0,6.6166
0,1,1,0,1,0,0,1,1,1,0,0,0,1,1,1,1,6.6998
0,1,1,0,1,0,0,1,1,1,0,0,0,1,1,0,1,6.749
0,1,1,0,1,0,1,0,1,1,0,0,0,0,0,0,0,6.6902
0,1,1,0,1,0,1,0,1,1,0,0,0,1,0,0,0,6.6706
0,1,1,0,1,0,1,0,1,1,0,0,0,1,0,1,0,6.6872
0,1,1,0,1,0,1,0,1,1,0,0,0,1,0,1,1,6.6996
0,1,1,0,1,0,1,0,1,1,0,0,0,1,0,0,1,6.7306
0,1,1,0,1,0,1,0,1,1,0,0,0,1,1,0,0,6.6764
0,1,1,0,1,0,1,0,1,1,0,0,0,1,1,1,0,6.6312
0,1,1,0,1,0,1,0,1,1,0,0,0,1,1,1,1,6.7456
0,1,1,0,1,0,1,0,1,1,0,0,0,1,1,0,1,6.7104
0,1,1,0,1,0,1,0,1,1,0,0,0,0,0,1,0,6.652
0,1,1,0,1,0,1,0,1,1,0,0,0,0,0,1,1,6.7294
0,1,1,0,1,0,1,0,1,1,0,0,0,0,0,0,1,6.7208
0,1,1,0,1,1,0,0,1,1,0,0,0,0,0,0,0,6.6674
0,1,1,0,1,1,0,0,1,1,0,0,0,1,0,0,0,6.6332
0,1,1,0,1,1,0,0,1,1,0,0,0,1,0,1,0,6.6766
0,1,1,0,1,1,0,0,1,1,0,0,0,1,0,1,1,6.6918
0,1,1,0,1,1,0,0,1,1,0,0,0,1,0,0,1,6.7098
0,1,1,0,1,1,0,0,1,1,0,0,0,1,1,0,0,6.651
0,1,1,0,1,1,0,0,1,1,0,0,0,1,1,1,0,6.6392
0,1,1,0,1,1,0,0,1,1,0,0,0,1,1,1,1,6.7428
0,1,1,0,1,1,0,0,1,1,0,0,0,1,1,0,1,6.7088
0,1,1,0,1,1,0,0,1,1,0,0,0,0,0,1,0,6.6628
0,1,1,0,1,1,0,0,1,1,0,0,0,0,0,1,1,6.7286
0,1,1,0,1,1,0,0,1,1,0,0,0,0,0,0,1,6.7186
0,1,1,0,1,0,0,1,1,1,0,0,0,0,0,1,0,6.6504
0,1,1,0,1,0,0,1,1,1,0,0,0,0,0,1,1,6.7418
0,1,1,0,1,0,0,1,1,1,0,0,0,0,0,0,1,6.708
0,1,0,1,1,0,0,1,1,1,0,0,0,0,0,0,0,9.7376
0,1,0,1,1,0,0,1,1,1,0,0,0,1,0,0,0,8.7084
0,1,0,1,1,0,0,1,1,1,0,0,0,1,0,1,0,8.9072
0,1,0,1,1,0,0,1,1,1,0,0,0,1,0,1,1,8.795
0,1,0,1,1,0,0,1,1,1,0,0,0,1,0,0,1,9.8146
0,1,0,1,1,0,0,1,1,1,0,0,0,1,1,0,0,8.6934
0,1,0,1,1,0,0,1,1,1,0,0,0,1,1,1,0,8.8766
0,1,0,1,1,0,0,1,1,1,0,0,0,1,1,1,1,8.836
0,1,0,1,1,0,0,1,1,1,0,0,0,1,1,0,1,9.785
0,1,0,1,1,0,1,0,1,1,0,0,0,0,0,0,0,8.7994
0,1,0,1,1,0,1,0,1,1,0,0,0,1,0,0,0,8.8484
0,1,0,1,1,0,1,0,1,1,0,0,0,1,0,1,0,9.1014
0,1,0,1,1,0,1,0,1,1,0,0,0,1,0,1,1,9.8
0,1,0,1,1,0,1,0,1,1,0,0,0,1,0,0,1,9.1618
0,1,0,1,1,0,1,0,1,1,0,0,0,1,1,0,0,8.8638
0,1,0,1,1,0,1,0,1,1,0,0,0,1,1,1,0,9.1286
0,1,0,1,1,0,1,0,1,1,0,0,0,1,1,1,1,9.1458
0,1,0,1,1,0,1,0,1,1,0,0,0,1,1,0,1,9.7276
0,1,0,1,1,0,1,0,1,1,0,0,0,0,0,1,0,9.764
0,1,0,1,1,0,1,0,1,1,0,0,0,0,0,1,1,8.856
0,1,0,1,1,0,1,0,1,1,0,0,0,0,0,0,1,8.7108
0,1,0,1,1,1,0,0,1,1,0,0,0,0,0,0,0,8.7026
0,1,0,1,1,1,0,0,1,1,0,0,0,1,0,0,0,8.708
0,1,0,1,1,1,0,0,1,1,0,0,0,1,0,1,0,8.8804
0,1,0,1,1,1,0,0,1,1,0,0,0,1,0,1,1,8.8088
0,1,0,1,1,1,0,0,1,1,0,0,0,1,0,0,1,9.7812
0,1,0,1,1,1,0,0,1,1,0,0,0,1,1,0,0,8.6818
0,1,0,1,1,1,0,0,1,1,0,0,0,1,1,1,0,9.7584
0,1,0,1,1,1,0,0,1,1,0,0,0,1,1,1,1,8.832
0,1,0,1,1,1,0,0,1,1,0,0,0,1,1,0,1,6.653
0,1,0,1,1,1,0,0,1,1,0,0,0,0,0,1,0,8.8826
0,1,0,1,1,1,0,0,1,1,0,0,0,0,0,1,1,8.843
0,1,0,1,1,1,0,0,1,1,0,0,0,0,0,0,1,9.8466
0,1,0,1,1,0,0,1,1,1,0,0,0,0,0,1,0,8.7934
0,1,0,1,1,0,0,1,1,1,0,0,0,0,0,1,1,6.67
0,1,0,1,1,0,0,1,1,1,0,0,0,0,0,0,1,8.9362
0,0,0,0,1,0,0,1,1,0,1,0,0,0,0,0,0,7.0884
0,1,1,0,1,0,0,1,1,0,1,0,0,0,0,0,0,7.1218
0,1,1,0,1,0,0,1,1,0,1,0,0,1,0,0,0,7.0936
0,1,1,0,1,0,0,1,1,0,1,0,0,1,0,1,0,7.1018
0,1,1,0,1,0,0,1,1,0,1,0,0,1,0,1,1,7.1834
0,1,1,0,1,0,0,1,1,0,1,0,0,1,0,0,1,7.1602
0,1,1,0,1,0,0,1,1,0,1,0,0,1,1,0,0,7.1122
0,1,1,0,1,0,0,1,1,0,1,0,0,1,1,1,0,7.0908
0,1,1,0,1,0,0,1,1,0,1,0,0,1,1,1,1,7.4208
0,1,1,0,1,0,0,1,1,0,1,0,0,1,1,0,1,7.1306
0,1,1,0,1,0,1,0,1,0,1,0,0,0,0,0,0,7.1386
0,1,1,0,1,0,1,0,1,0,1,0,0,1,0,0,0,7.1516
0,1,1,0,1,0,1,0,1,0,1,0,0,1,0,1,0,7.1376
0,1,1,0,1,0,1,0,1,0,1,0,0,1,0,1,1,7.178
0,1,1,0,1,0,1,0,1,0,1,0,0,1,0,0,1,7.1478
0,1,1,0,1,0,1,0,1,0,1,0,0,1,1,0,0,7.1302
0,1,1,0,1,0,1,0,1,0,1,0,0,1,1,1,0,7.1338
0,1,1,0,1,0,1,0,1,0,1,0,0,1,1,1,1,7.1446
0,1,1,0,1,0,1,0,1,0,1,0,0,1,1,0,1,7.158
0,1,1,0,1,0,1,0,1,0,1,0,0,0,0,1,0,7.114
0,1,1,0,1,0,1,0,1,0,1,0,0,0,0,1,1,7.1488
0,1,1,0,1,0,1,0,1,0,1,0,0,0,0,0,1,7.159
0,1,1,0,1,1,0,0,1,0,1,0,0,0,0,0,0,7.114
0,1,1,0,1,1,0,0,1,0,1,0,0,1,0,0,0,7.186
0,1,1,0,1,1,0,0,1,0,1,0,0,1,0,1,0,7.1508
0,1,1,0,1,1,0,0,1,0,1,0,0,1,0,1,1,7.1716
0,1,1,0,1,1,0,0,1,0,1,0,0,1,0,0,1,7.476
0,1,1,0,1,1,0,0,1,0,1,0,0,1,1,0,0,7.1768
0,1,1,0,1,1,0,0,1,0,1,0,0,1,1,1,0,7.1522
0,1,1,0,1,1,0,0,1,0,1,0,0,1,1,1,1,7.194
0,1,1,0,1,1,0,0,1,0,1,0,0,1,1,0,1,7.1846
0,1,1,0,1,1,0,0,1,0,1,0,0,0,0,1,0,7.1528
0,1,1,0,1,1,0,0,1,0,1,0,0,0,0,1,1,7.4602
0,1,1,0,1,1,0,0,1,0,1,0,0,0,0,0,1,7.4304
0,1,1,0,1,0,0,1,1,0,1,0,0,0,0,1,0,7.151
0,1,1,0,1,0,0,1,1,0,1,0,0,0,0,1,1,7.1618
0,1,1,0,1,0,0,1,1,0,1,0,0,0,0,0,1,7.111
0,1,0,1,1,0,0,1,1,0,1,0,0,0,0,0,0,13.5528
0,1,0,1,1,0,0,1,1,0,1,0,0,1,0,0,0,13.6274
0,1,0,1,1,0,0,1,1,0,1,0,0,1,0,1,0,13.5848
0,1,0,1,1,0,0,1,1,0,1,0,0,1,0,1,1,14.2742
0,1,0,1,1,0,0,1,1,0,1,0,0,1,0,0,1,14.2846
0,1,0,1,1,0,0,1,1,0,1,0,0,1,1,0,0,13.5836
0,1,0,1,1,0,0,1,1,0,1,0,0,1,1,1,0,13.5766
0,1,0,1,1,0,0,1,1,0,1,0,0,1,1,1,1,14.304
0,1,0,1,1,0,0,1,1,0,1,0,0,1,1,0,1,14.28
0,1,0,1,1,0,1,0,1,0,1,0,0,0,0,0,0,15.254
0,1,0,1,1,0,1,0,1,0,1,0,0,1,0,0,0,14.5582
0,1,0,1,1,0,1,0,1,0,1,0,0,1,0,1,0,14.601
0,1,0,1,1,0,1,0,1,0,1,0,0,1,0,1,1,15.342
0,1,0,1,1,0,1,0,1,0,1,0,0,1,0,0,1,15.286
0,1,0,1,1,0,1,0,1,0,1,0,0,1,1,0,0,14.563
0,1,0,1,1,0,1,0,1,0,1,0,0,1,1,1,0,14.577
0,1,0,1,1,0,1,0,1,0,1,0,0,1,1,1,1,15.2954
0,1,0,1,1,0,1,0,1,0,1,0,0,1,1,0,1,15.3022
0,1,0,1,1,0,1,0,1,0,1,0,0,0,0,1,0,14.5612
0,1,0,1,1,0,1,0,1,0,1,0,0,0,0,1,1,15.3294
0,1,0,1,1,0,1,0,1,0,1,0,0,0,0,0,1,14.5658
0,1,0,1,1,1,0,0,1,0,1,0,0,0,0,0,0,14.7006
0,1,0,1,1,1,0,0,1,0,1,0,0,1,0,0,0,14.583
0,1,0,1,1,1,0,0,1,0,1,0,0,1,0,1,0,14.5428
0,1,0,1,1,1,0,0,1,0,1,0,0,1,0,1,1,15.315
0,1,0,1,1,1,0,0,1,0,1,0,0,1,0,0,1,15.3178
0,1,0,1,1,1,0,0,1,0,1,0,0,1,1,0,0,14.5602
0,1,0,1,1,1,0,0,1,0,1,0,0,1,1,1,0,14.5476
0,1,0,1,1,1,0,0,1,0,1,0,0,1,1,1,1,15.362
0,1,0,1,1,1,0,0,1,0,1,0,0,1,1,0,1,15.339
0,1,0,1,1,1,0,0,1,0,1,0,0,0,0,1,0,14.5808
0,1,0,1,1,1,0,0,1,0,1,0,0,0,0,1,1,15.3504
0,1,0,1,1,1,0,0,1,0,1,0,0,0,0,0,1,14.5652
0,1,0,1,1,0,0,1,1,0,1,0,0,0,0,1,0,13.5748
0,1,0,1,1,0,0,1,1,0,1,0,0,0,0,1,1,14.2922
0,1,0,1,1,0,0,1,1,0,1,0,0,0,0,0,1,13.7548
1,0,0,0,1,0,0,1,1,0,1,0,0,0,0,0,0,7.3532
1,1,1,0,1,0,0,1,1,0,1,0,0,0,0,0,0,7.0972
1,1,1,0,1,0,0,1,1,0,1,0,0,1,0,0,0,7.0716
1,1,1,0,1,0,0,1,1,0,1,0,0,1,0,1,0,7.1094
1,1,1,0,1,0,0,1,1,0,1,0,0,1,0,1,1,7.4422
1,1,1,0,1,0,0,1,1,0,1,0,0,1,0,0,1,7.4068
1,1,1,0,1,0,0,1,1,0,1,0,0,1,1,0,0,7.1338
1,1,1,0,1,0,0,1,1,0,1,0,0,1,1,1,0,7.1494
1,1,1,0,1,0,0,1,1,0,1,0,0,1,1,1,1,7.4936
1,1,1,0,1,0,0,1,1,0,1,0,0,1,1,0,1,7.4654
1,1,1,0,1,0,1,0,1,0,1,0,0,0,0,0,0,7.4552
1,1,1,0,1,0,1,0,1,0,1,0,0,1,0,0,0,7.4502
1,1,1,0,1,0,1,0,1,0,1,0,0,1,0,1,0,7.4012
1,1,1,0,1,0,1,0,1,0,1,0,0,1,0,1,1,7.4806
1,1,1,0,1,0,1,0,1,0,1,0,0,1,0,0,1,7.484
1,1,1,0,1,0,1,0,1,0,1,0,0,1,1,0,0,7.4324
1,1,1,0,1,0,1,0,1,0,1,0,0,1,1,1,0,7.4542
1,1,1,0,1,0,1,0,1,0,1,0,0,1,1,1,1,7.5052
1,1,1,0,1,0,1,0,1,0,1,0,0,1,1,0,1,7.492
1,1,1,0,1,0,1,0,1,0,1,0,0,0,0,1,0,7.4778
1,1,1,0,1,0,1,0,1,0,1,0,0,0,0,1,1,7.515
1,1,1,0,1,0,1,0,1,0,1,0,0,0,0,0,1,7.48
1,1,1,0,1,1,0,0,1,0,1,0,0,0,0,0,0,7.1528
1,1,1,0,1,1,0,0,1,0,1,0,0,1,0,0,0,7.129
1,1,1,0,1,1,0,0,1,0,1,0,0,1,0,1,0,7.1782
1,1,1,0,1,1,0,0,1,0,1,0,0,1,0,1,1,7.5114
1,1,1,0,1,1,0,0,1,0,1,0,0,1,0,0,1,7.5026
1,1,1,0,1,1,0,0,1,0,1,0,0,1,1,0,0,7.124
1,1,1,0,1,1,0,0,1,0,1,0,0,1,1,1,0,7.1228
1,1,1,0,1,1,0,0,1,0,1,0,0,1,1,1,1,7.4858
1,1,1,0,1,1,0,0,1,0,1,0,0,1,1,0,1,7.5284
1,1,1,0,1,1,0,0,1,0,1,0,0,0,0,1,0,7.1358
1,1,1,0,1,1,0,0,1,0,1,0,0,0,0,1,1,7.5106
1,1,1,0,1,1,0,0,1,0,1,0,0,0,0,0,1,7.4836
1,1,1,0,1,0,0,1,1,0,1,0,0,0,0,1,0,7.1458
1,1,1,0,1,0,0,1,1,0,1,0,0,0,0,1,1,7.4594
1,1,1,0,1,0,0,1,1,0,1,0,0,0,0,0,1,7.4646
1,1,0,1,1,0,0,1,1,0,1,0,0,0,0,0,0,14.262
1,1,0,1,1,0,0,1,1,0,1,0,0,1,0,0,0,14.2926
1,1,0,1,1,0,0,1,1,0,1,0,0,1,0,1,0,13.8838
1,1,0,1,1,0,0,1,1,0,1,0,0,1,0,1,1,14.5936
1,1,0,1,1,0,0,1,1,0,1,0,0,1,0,0,1,14.2924
1,1,0,1,1,0,0,1,1,0,1,0,0,1,1,0,0,14.3356
1,1,0,1,1,0,0,1,1,0,1,0,0,1,1,1,0,13.9186
1,1,0,1,1,0,0,1,1,0,1,0,0,1,1,1,1,14.589
1,1,0,1,1,0,0,1,1,0,1,0,0,1,1,0,1,14.2684
1,1,0,1,1,0,1,0,1,0,1,0,0,0,0,0,0,15.2852
1,1,0,1,1,0,1,0,1,0,1,0,0,1,0,0,0,14.747
1,1,0,1,1,0,1,0,1,0,1,0,0,1,0,1,0,14.8168
1,1,0,1,1,0,1,0,1,0,1,0,0,1,0,1,1,14.7788
1,1,0,1,1,0,1,0,1,0,1,0,0,1,0,0,1,14.9652
1,1,0,1,1,0,1,0,1,0,1,0,0,1,1,0,0,14.8496
1,1,0,1,1,0,1,0,1,0,1,0,0,1,1,1,0,14.7948
1,1,0,1,1,0,1,0,1,0,1,0,0,1,1,1,1,14.984
1,1,0,1,1,0,1,0,1,0,1,0,0,1,1,0,1,14.9566
1,1,0,1,1,0,1,0,1,0,1,0,0,0,0,1,0,14.9046
1,1,0,1,1,0,1,0,1,0,1,0,0,0,0,1,1,14.9012
1,1,0,1,1,0,1,0,1,0,1,0,0,0,0,0,1,15.3886
1,1,0,1,1,1,0,0,1,0,1,0,0,0,0,0,0,15.3244
1,1,0,1,1,1,0,0,1,0,1,0,0,1,0,0,0,15.393
1,1,0,1,1,1,0,0,1,0,1,0,0,1,0,1,0,14.8734
1,1,0,1,1,1,0,0,1,0,1,0,0,1,0,1,1,15.7306
1,1,0,1,1,1,0,0,1,0,1,0,0,1,0,0,1,15.3334
1,1,0,1,1,1,0,0,1,0,1,0,0,1,1,0,0,15.3466
1,1,0,1,1,1,0,0,1,0,1,0,0,1,1,1,0,15.348
1,1,0,1,1,1,0,0,1,0,1,0,0,1,1,1,1,15.368
1,1,0,1,1,1,0,0,1,0,1,0,0,1,1,0,1,15.3746
1,1,0,1,1,1,0,0,1,0,1,0,0,0,0,1,0,14.8656
1,1,0,1,1,1,0,0,1,0,1,0,0,0,0,1,1,15.698
1,1,0,1,1,1,0,0,1,0,1,0,0,0,0,0,1,15.3514
1,1,0,1,1,0,0,1,1,0,1,0,0,0,0,1,0,13.846
1,1,0,1,1,0,0,1,1,0,1,0,0,0,0,1,1,14.5986
1,1,0,1,1,0,0,1,1,0,1,0,0,0,0,0,1,14.2686
1,0,0,0,1,0,0,1,1,0,1,0,0,1,0,0,0,7.0768
1,0,0,0,1,0,0,1,1,0,1,0,0,1,0,1,0,7.1036
1,0,0,0,1,0,0,1,1,0,1,0,0,1,0,1,1,7.4522
1,0,0,0,1,0,0,1,1,0,1,0,0,1,0,0,1,7.409
1,0,0,0,1,0,0,1,1,0,1,0,0,1,1,0,0,7.0582
1,0,0,0,1,0,0,1,1,0,1,0,0,1,1,1,0,7.319
1,0,0,0,1,0,0,1,1,0,1,0,0,1,1,1,1,7.1056
1,0,0,0,1,0,0,1,1,0,1,0,0,1,1,0,1,7.4022
1,0,0,0,1,0,1,0,1,0,1,0,0,0,0,0,0,7.0594
1,0,0,0,1,0,1,0,1,0,1,0,0,1,0,0,0,7.0498
1,0,0,0,1,0,1,0,1,0,1,0,0,1,0,1,0,7.0702
1,0,0,0,1,0,1,0,1,0,1,0,0,1,0,1,1,7.3828
1,0,0,0,1,0,1,0,1,0,1,0,0,1,0,0,1,7.3726
1,0,0,0,1,0,1,0,1,0,1,0,0,1,1,0,0,7.0354
1,0,0,0,1,0,1,0,1,0,1,0,0,1,1,1,0,7.0422
1,0,0,0,1,0,1,0,1,0,1,0,0,1,1,1,1,7.4022
1,0,0,0,1,0,1,0,1,0,1,0,0,1,1,0,1,7.3944
1,0,0,0,1,0,1,0,1,0,1,0,0,0,0,1,0,7.0582
1,0,0,0,1,0,1,0,1,0,1,0,0,0,0,1,1,7.0892
1,0,0,0,1,0,1,0,1,0,1,0,0,0,0,0,1,7.0646
1,0,0,0,1,1,0,0,1,0,1,0,0,0,0,0,0,7.3478
1,0,0,0,1,1,0,0,1,0,1,0,0,1,0,0,0,7.0882
1,0,0,0,1,1,0,0,1,0,1,0,0,1,0,1,0,7.0472
1,0,0,0,1,1,0,0,1,0,1,0,0,1,0,1,1,7.1222
1,0,0,0,1,1,0,0,1,0,1,0,0,1,0,0,1,7.1162
1,0,0,0,1,1,0,0,1,0,1,0,0,1,1,0,0,7.068
1,0,0,0,1,1,0,0,1,0,1,0,0,1,1,1,0,7.064
1,0,0,0,1,1,0,0,1,0,1,0,0,1,1,1,1,7.1042
1,0,0,0,1,1,0,0,1,0,1,0,0,1,1,0,1,7.069
1,0,0,0,1,1,0,0,1,0,1,0,0,0,0,1,0,7.0722
1,0,0,0,1,1,0,0,1,0,1,0,0,0,0,1,1,7.1048
1,0,0,0,1,1,0,0,1,0,1,0,0,0,0,0,1,7.1302
1,0,0,0,1,0,0,1,1,0,1,0,0,0,0,1,0,7.4064
1,0,0,0,1,0,0,1,1,0,1,0,0,0,0,1,1,7.0978
1,0,0,0,1,0,0,1,1,0,1,0,0,0,0,0,1,7.12
0,0,0,0,1,0,0,1,1,0,1,0,0,1,0,0,0,7.1026
0,0,0,0,1,0,0,1,1,0,1,0,0,1,0,1,0,7.0746
0,0,0,0,1,0,0,1,1,0,1,0,0,1,0,1,1,7.3976
0,0,0,0,1,0,0,1,1,0,1,0,0,1,0,0,1,7.4364
0,0,0,0,1,0,0,1,1,0,1,0,0,1,1,0,0,7.0476
0,0,0,0,1,0,0,1,1,0,1,0,0,1,1,1,0,7.4576
0,0,0,0,1,0,0,1,1,0,1,0,0,1,1,1,1,7.4574
0,0,0,0,1,0,0,1,1,0,1,0,0,1,1,0,1,7.4454
0,0,0,0,1,0,1,0,1,0,1,0,0,0,0,0,0,7.3112
0,0,0,0,1,0,1,0,1,0,1,0,0,1,0,0,0,7.175
0,0,0,0,1,0,1,0,1,0,1,0,0,1,0,1,0,7.0498
0,0,0,0,1,0,1,0,1,0,1,0,0,1,0,1,1,7.1016
0,0,0,0,1,0,1,0,1,0,1,0,0,1,0,0,1,7.1494
0,0,0,0,1,0,1,0,1,0,1,0,0,1,1,0,0,6.6764
0,0,0,0,1,0,1,0,1,0,1,0,0,1,1,1,0,7.0924
0,0,0,0,1,0,1,0,1,0,1,0,0,1,1,1,1,7.115
0,0,0,0,1,0,1,0,1,0,1,0,0,1,1,0,1,7.093
0,0,0,0,1,0,1,0,1,0,1,0,0,0,0,1,0,7.0952
0,0,0,0,1,0,1,0,1,0,1,0,0,0,0,1,1,7.202
0,0,0,0,1,0,1,0,1,0,1,0,0,0,0,0,1,7.0684
0,0,0,0,1,1,0,0,1,0,1,0,0,0,0,0,0,7.4644
0,0,0,0,1,1,0,0,1,0,1,0,0,1,0,0,0,7.189
0,0,0,0,1,1,0,0,1,0,1,0,0,1,0,1,0,7.4542
0,0,0,0,1,1,0,0,1,0,1,0,0,1,0,1,1,7.4652
0,0,0,0,1,1,0,0,1,0,1,0,0,1,0,0,1,7.5394
0,0,0,0,1,1,0,0,1,0,1,0,0,1,1,0,0,7.0644
0,0,0,0,1,1,0,0,1,0,1,0,0,1,1,1,0,7.1382
0,0,0,0,1,1,0,0,1,0,1,0,0,1,1,1,1,7.0978
0,0,0,0,1,1,0,0,1,0,1,0,0,1,1,0,1,7.2308
0,0,0,0,1,1,0,0,1,0,1,0,0,0,0,1,0,7.4688
0,0,0,0,1,1,0,0,1,0,1,0,0,0,0,1,1,7.155
0,0,0,0,1,1,0,0,1,0,1,0,0,0,0,0,1,7.4102
0,0,0,0,1,0,0,1,1,0,1,0,0,0,0,1,0,7.0528
0,0,0,0,1,0,0,1,1,0,1,0,0,0,0,1,1,7.4012
0,0,0,0,1,0,0,1,1,0,1,0,0,0,0,0,1,7.3864
1,0,0,0,1,0,0,1,1,1,0,0,0,0,0,0,0,7.4052
1,1,1,0,1,0,0,1,1,1,0,0,0,0,0,0,0,7.4076
1,1,1,0,1,0,0,1,1,1,0,0,0,1,0,0,0,7.4018
1,1,1,0,1,0,0,1,1,1,0,0,0,1,0,1,0,6.6322
1,1,1,0,1,0,0,1,1,1,0,0,0,1,0,1,1,6.6734
1,1,1,0,1,0,0,1,1,1,0,0,0,1,0,0,1,6.7952
1,1,1,0,1,0,0,1,1,1,0,0,0,1,1,0,0,6.7586
1,1,1,0,1,0,0,1,1,1,0,0,0,1,1,1,0,6.6516
1,1,1,0,1,0,0,1,1,1,0,0,0,1,1,1,1,6.67
1,1,1,0,1,0,0,1,1,1,0,0,0,1,1,0,1,7.4236
1,1,1,0,1,0,1,0,1,1,0,0,0,0,0,0,0,7.4006
1,1,1,0,1,0,1,0,1,1,0,0,0,1,0,0,0,6.6868
1,1,1,0,1,0,1,0,1,1,0,0,0,1,0,1,0,6.6266
1,1,1,0,1,0,1,0,1,1,0,0,0,1,0,1,1,6.6724
1,1,1,0,1,0,1,0,1,1,0,0,0,1,0,0,1,7.476
1,1,1,0,1,0,1,0,1,1,0,0,0,1,1,0,0,7.3856
1,1,1,0,1,0,1,0,1,1,0,0,0,1,1,1,0,6.6558
1,1,1,0,1,0,1,0,1,1,0,0,0,1,1,1,1,6.6506
1,1,1,0,1,0,1,0,1,1,0,0,0,1,1,0,1,6.7804
1,1,1,0,1,0,1,0,1,1,0,0,0,0,0,1,0,6.6376
1,1,1,0,1,0,1,0,1,1,0,0,0,0,0,1,1,6.6398
1,1,1,0,1,0,1,0,1,1,0,0,0,0,0,0,1,6.7792
1,1,1,0,1,1,0,0,1,1,0,0,0,0,0,0,0,6.721
1,1,1,0,1,1,0,0,1,1,0,0,0,1,0,0,0,6.7504
1,1,1,0,1,1,0,0,1,1,0,0,0,1,0,1,0,6.6426
1,1,1,0,1,1,0,0,1,1,0,0,0,1,0,1,1,6.6902
1,1,1,0,1,1,0,0,1,1,0,0,0,1,0,0,1,7.4696
1,1,1,0,1,1,0,0,1,1,0,0,0,1,1,0,0,7.354
1,1,1,0,1,1,0,0,1,1,0,0,0,1,1,1,0,6.6588
1,1,1,0,1,1,0,0,1,1,0,0,0,1,1,1,1,6.6936
1,1,1,0,1,1,0,0,1,1,0,0,0,1,1,0,1,6.835
1,1,1,0,1,1,0,0,1,1,0,0,0,0,0,1,0,6.6424
1,1,1,0,1,1,0,0,1,1,0,0,0,0,0,1,1,6.7188
1,1,1,0,1,1,0,0,1,1,0,0,0,0,0,0,1,7.4486
1,1,1,0,1,0,0,1,1,1,0,0,0,0,0,1,0,6.6464
1,1,1,0,1,0,0,1,1,1,0,0,0,0,0,1,1,6.6718
1,1,1,0,1,0,0,1,1,1,0,0,0,0,0,0,1,6.776
1,1,0,1,1,0,0,1,1,1,0,0,0,0,0,0,0,8.9416
1,1,0,1,1,0,0,1,1,1,0,0,0,1,0,0,0,8.9822
1,1,0,1,1,0,0,1,1,1,0,0,0,1,0,1,0,8.8114
1,1,0,1,1,0,0,1,1,1,0,0,0,1,0,1,1,8.7994
1,1,0,1,1,0,0,1,1,1,0,0,0,1,0,0,1,9.8394
1,1,0,1,1,0,0,1,1,1,0,0,0,1,1,0,0,8.9308
1,1,0,1,1,0,0,1,1,1,0,0,0,1,1,1,0,8.802
1,1,0,1,1,0,0,1,1,1,0,0,0,1,1,1,1,8.7678
1,1,0,1,1,0,0,1,1,1,0,0,0,1,1,0,1,9.813
1,1,0,1,1,0,1,0,1,1,0,0,0,0,0,0,0,8.8834
1,1,0,1,1,0,1,0,1,1,0,0,0,1,0,0,0,8.8754
1,1,0,1,1,0,1,0,1,1,0,0,0,1,0,1,0,8.8222
1,1,0,1,1,0,1,0,1,1,0,0,0,1,0,1,1,8.7376
1,1,0,1,1,0,1,0,1,1,0,0,0,1,0,0,1,9.7744
1,1,0,1,1,0,1,0,1,1,0,0,0,1,1,0,0,8.9162
1,1,0,1,1,0,1,0,1,1,0,0,0,1,1,1,0,8.8028
1,1,0,1,1,0,1,0,1,1,0,0,0,1,1,1,1,8.7486
1,1,0,1,1,0,1,0,1,1,0,0,0,1,1,0,1,9.7516
1,1,0,1,1,0,1,0,1,1,0,0,0,0,0,1,0,8.7624
1,1,0,1,1,0,1,0,1,1,0,0,0,0,0,1,1,8.7042
1,1,0,1,1,0,1,0,1,1,0,0,0,0,0,0,1,9.7576
1,1,0,1,1,1,0,0,1,1,0,0,0,0,0,0,0,8.946
1,1,0,1,1,1,0,0,1,1,0,0,0,1,0,0,0,8.8996
1,1,0,1,1,1,0,0,1,1,0,0,0,1,0,1,0,8.79
1,1,0,1,1,1,0,0,1,1,0,0,0,1,0,1,1,8.7128
1,1,0,1,1,1,0,0,1,1,0,0,0,1,0,0,1,9.7604
1,1,0,1,1,1,0,0,1,1,0,0,0,1,1,0,0,8.9092
1,1,0,1,1,1,0,0,1,1,0,0,0,1,1,1,0,8.804
1,1,0,1,1,1,0,0,1,1,0,0,0,1,1,1,1,8.7322
1,1,0,1,1,1,0,0,1,1,0,0,0,1,1,0,1,9.7516
1,1,0,1,1,1,0,0,1,1,0,0,0,0,0,1,0,8.827
1,1,0,1,1,1,0,0,1,1,0,0,0,0,0,1,1,8.7396
1,1,0,1,1,1,0,0,1,1,0,0,0,0,0,0,1,9.76
1,1,0,1,1,0,0,1,1,1,0,0,0,0,0,1,0,8.8064
1,1,0,1,1,0,0,1,1,1,0,0,0,0,0,1,1,8.7326
1,1,0,1,1,0,0,1,1,1,0,0,0,0,0,0,1,9.7884
1,0,0,0,1,0,0,1,1,1,0,0,0,1,0,0,0,6.9012
1,0,0,0,1,0,0,1,1,1,0,0,0,1,0,1,0,6.6764
1,0,0,0,1,0,0,1,1,1,0,0,0,1,0,1,1,7.4588
1,0,0,0,1,0,0,1,1,1,0,0,0,1,0,0,1,6.9694
1,0,0,0,1,0,0,1,1,1,0,0,0,1,1,0,0,6.7272
1,0,0,0,1,0,0,1,1,1,0,0,0,1,1,1,0,6.6464
1,0,0,0,1,0,0,1,1,1,0,0,0,1,1,1,1,7.0072
1,0,0,0,1,0,0,1,1,1,0,0,0,1,1,0,1,6.7338
1,0,0,0,1,0,1,0,1,1,0,0,0,0,0,0,0,6.9144
1,0,0,0,1,0,1,0,1,1,0,0,0,1,0,0,0,6.687
1,0,0,0,1,0,1,0,1,1,0,0,0,1,0,1,0,6.7478
1,0,0,0,1,0,1,0,1,1,0,0,0,1,0,1,1,6.724
1,0,0,0,1,0,1,0,1,1,0,0,0,1,0,0,1,7.4416
1,0,0,0,1,0,1,0,1,1,0,0,0,1,1,0,0,7.417
1,0,0,0,1,0,1,0,1,1,0,0,0,1,1,1,0,6.6456
1,0,0,0,1,0,1,0,1,1,0,0,0,1,1,1,1,6.6778
1,0,0,0,1,0,1,0,1,1,0,0,0,1,1,0,1,6.8294
1,0,0,0,1,0,1,0,1,1,0,0,0,0,0,1,0,7.3944
1,0,0,0,1,0,1,0,1,1,0,0,0,0,0,1,1,6.83
1,0,0,0,1,0,1,0,1,1,0,0,0,0,0,0,1,7.1742
1,0,0,0,1,1,0,0,1,1,0,0,0,0,0,0,0,6.7722
1,0,0,0,1,1,0,0,1,1,0,0,0,1,0,0,0,7.428
1,0,0,0,1,1,0,0,1,1,0,0,0,1,0,1,0,6.6796
1,0,0,0,1,1,0,0,1,1,0,0,0,1,0,1,1,7.1364
1,0,0,0,1,1,0,0,1,1,0,0,0,1,0,0,1,6.7732
1,0,0,0,1,1,0,0,1,1,0,0,0,1,1,0,0,6.6764
1,0,0,0,1,1,0,0,1,1,0,0,0,1,1,1,0,6.9098
1,0,0,0,1,1,0,0,1,1,0,0,0,1,1,1,1,6.7862
1,0,0,0,1,1,0,0,1,1,0,0,0,1,1,0,1,7.534
1,0,0,0,1,1,0,0,1,1,0,0,0,0,0,1,0,6.9328
1,0,0,0,1,1,0,0,1,1,0,0,0,0,0,1,1,6.801
1,0,0,0,1,1,0,0,1,1,0,0,0,0,0,0,1,7.4692
1,0,0,0,1,0,0,1,1,1,0,0,0,0,0,1,0,6.9256
1,0,0,0,1,0,0,1,1,1,0,0,0,0,0,1,1,6.7188
1,0,0,0,1,0,0,1,1,1,0,0,0,0,0,0,1,7.0326
0,0,0,0,1,0,0,1,1,0,1,0,1,0,0,0,0,7.3384
0,1,1,0,1,0,0,1,1,0,1,0,1,0,0,0,0,8.1042
0,1,1,0,1,0,0,1,1,0,1,0,1,1,0,0,0,8.0998
0,1,1,0,1,0,0,1,1,0,1,0,1,1,0,1,0,8.1428
0,1,1,0,1,0,0,1,1,0,1,0,1,1,0,1,1,7.4094
0,1,1,0,1,0,0,1,1,0,1,0,1,1,0,0,1,7.3856
0,1,1,0,1,0,0,1,1,0,1,0,1,1,1,0,0,8.1544
0,1,1,0,1,0,0,1,1,0,1,0,1,1,1,1,0,8.1792
0,1,1,0,1,0,0,1,1,0,1,0,1,1,1,1,1,7.4256
0,1,1,0,1,0,0,1,1,0,1,0,1,1,1,0,1,7.3822
0,1,1,0,1,0,1,0,1,0,1,0,1,0,0,0,0,8.157
0,1,1,0,1,0,1,0,1,0,1,0,1,1,0,0,0,8.1466
0,1,1,0,1,0,1,0,1,0,1,0,1,1,0,1,0,8.1
0,1,1,0,1,0,1,0,1,0,1,0,1,1,0,1,1,7.403
0,1,1,0,1,0,1,0,1,0,1,0,1,1,0,0,1,7.4184
0,1,1,0,1,0,1,0,1,0,1,0,1,1,1,0,0,8.002
0,1,1,0,1,0,1,0,1,0,1,0,1,1,1,1,0,8.0068
0,1,1,0,1,0,1,0,1,0,1,0,1,1,1,1,1,7.3934
0,1,1,0,1,0,1,0,1,0,1,0,1,1,1,0,1,7.449
0,1,1,0,1,0,1,0,1,0,1,0,1,0,0,1,0,8.0916
0,1,1,0,1,0,1,0,1,0,1,0,1,0,0,1,1,7.3698
0,1,1,0,1,0,1,0,1,0,1,0,1,0,0,0,1,7.3882
0,1,1,0,1,1,0,0,1,0,1,0,1,0,0,0,0,8.1308
0,1,1,0,1,1,0,0,1,0,1,0,1,1,0,0,0,8.206
0,1,1,0,1,1,0,0,1,0,1,0,1,1,0,1,0,8.164
0,1,1,0,1,1,0,0,1,0,1,0,1,1,0,1,1,7.4072
0,1,1,0,1,1,0,0,1,0,1,0,1,1,0,0,1,7.3994
0,1,1,0,1,1,0,0,1,0,1,0,1,1,1,0,0,8.0854
0,1,1,0,1,1,0,0,1,0,1,0,1,1,1,1,0,8.1034
0,1,1,0,1,1,0,0,1,0,1,0,1,1,1,1,1,7.3794
0,1,1,0,1,1,0,0,1,0,1,0,1,1,1,0,1,7.416
0,1,1,0,1,1,0,0,1,0,1,0,1,0,0,1,0,8.1692
0,1,1,0,1,1,0,0,1,0,1,0,1,0,0,1,1,7.4046
0,1,1,0,1,1,0,0,1,0,1,0,1,0,0,0,1,7.4552
0,1,1,0,1,0,0,1,1,0,1,0,1,0,0,1,0,8.1918
0,1,1,0,1,0,0,1,1,0,1,0,1,0,0,1,1,7.372
0,1,1,0,1,0,0,1,1,0,1,0,1,0,0,0,1,7.3938
0,1,0,1,1,0,0,1,1,0,1,0,1,0,0,0,0,15.3564
0,1,0,1,1,0,0,1,1,0,1,0,1,1,0,0,0,15.3522
0,1,0,1,1,0,0,1,1,0,1,0,1,1,0,1,0,15.331
0,1,0,1,1,0,0,1,1,0,1,0,1,1,0,1,1,14.0734
0,1,0,1,1,0,0,1,1,0,1,0,1,1,0,0,1,14.062
0,1,0,1,1,0,0,1,1,0,1,0,1,1,1,0,0,15.3372
0,1,0,1,1,0,0,1,1,0,1,0,1,1,1,1,0,15.3628
0,1,0,1,1,0,0,1,1,0,1,0,1,1,1,1,1,14.0724
0,1,0,1,1,0,0,1,1,0,1,0,1,1,1,0,1,14.087
0,1,0,1,1,0,1,0,1,0,1,0,1,0,0,0,0,15.441
0,1,0,1,1,0,1,0,1,0,1,0,1,1,0,0,0,14.6412
0,1,0,1,1,0,1,0,1,0,1,0,1,1,0,1,0,14.6608
0,1,0,1,1,0,1,0,1,0,1,0,1,1,0,1,1,15.36
0,1,0,1,1,0,1,0,1,0,1,0,1,1,0,0,1,15.2582
0,1,0,1,1,0,1,0,1,0,1,0,1,1,1,0,0,15.4168
0,1,0,1,1,0,1,0,1,0,1,0,1,1,1,1,0,14.5908
0,1,0,1,1,0,1,0,1,0,1,0,1,1,1,1,1,14.6482
0,1,0,1,1,0,1,0,1,0,1,0,1,1,1,0,1,15.2812
0,1,0,1,1,0,1,0,1,0,1,0,1,0,0,1,0,14.632
0,1,0,1,1,0,1,0,1,0,1,0,1,0,0,1,1,6.6816
0,1,0,1,1,0,1,0,1,0,1,0,1,0,0,0,1,14.6362
0,1,0,1,1,1,0,0,1,0,1,0,1,0,0,0,0,16.3352
0,1,0,1,1,1,0,0,1,0,1,0,1,1,0,0,0,16.3918
0,1,0,1,1,1,0,0,1,0,1,0,1,1,0,1,0,16.405
0,1,0,1,1,1,0,0,1,0,1,0,1,1,0,1,1,15.0934
0,1,0,1,1,1,0,0,1,0,1,0,1,1,0,0,1,15.0984
0,1,0,1,1,1,0,0,1,0,1,0,1,1,1,0,0,16.4504
0,1,0,1,1,1,0,0,1,0,1,0,1,1,1,1,0,15.383
0,1,0,1,1,1,0,0,1,0,1,0,1,1,1,1,1,16.4212
0,1,0,1,1,1,0,0,1,0,1,0,1,1,1,0,1,15.3404
0,1,0,1,1,1,0,0,1,0,1,0,1,0,0,1,0,16.4282
0,1,0,1,1,1,0,0,1,0,1,0,1,0,0,1,1,15.1264
0,1,0,1,1,1,0,0,1,0,1,0,1,0,0,0,1,15.0656
0,1,0,1,1,0,0,1,1,0,1,0,1,0,0,1,0,15.3106
0,1,0,1,1,0,0,1,1,0,1,0,1,0,0,1,1,14.0616
0,1,0,1,1,0,0,1,1,0,1,0,1,0,0,0,1,14.0446
1,0,0,0,1,0,0,1,1,0,1,0,1,0,0,0,0,7.3946
1,1,1,0,1,0,0,1,1,0,1,0,1,0,0,0,0,7.63
1,1,1,0,1,0,0,1,1,0,1,0,1,1,0,0,0,7.6666
1,1,1,0,1,0,0,1,1,0,1,0,1,1,0,1,0,7.4218
1,1,1,0,1,0,0,1,1,0,1,0,1,1,0,1,1,7.7252
1,1,1,0,1,0,0,1,1,0,1,0,1,1,0,0,1,7.4134
1,1,1,0,1,0,0,1,1,0,1,0,1,1,1,0,0,7.1592
1,1,1,0,1,0,0,1,1,0,1,0,1,1,1,1,0,7.3904
1,1,1,0,1,0,0,1,1,0,1,0,1,1,1,1,1,7.7232
1,1,1,0,1,0,0,1,1,0,1,0,1,1,1,0,1,7.4262
1,1,1,0,1,0,1,0,1,0,1,0,1,0,0,0,0,7.156
1,1,1,0,1,0,1,0,1,0,1,0,1,1,0,0,0,7.1622
1,1,1,0,1,0,1,0,1,0,1,0,1,1,0,1,0,7.4262
1,1,1,0,1,0,1,0,1,0,1,0,1,1,0,1,1,7.7476
1,1,1,0,1,0,1,0,1,0,1,0,1,1,0,0,1,7.3938
1,1,1,0,1,0,1,0,1,0,1,0,1,1,1,0,0,7.2024
1,1,1,0,1,0,1,0,1,0,1,0,1,1,1,1,0,7.444
1,1,1,0,1,0,1,0,1,0,1,0,1,1,1,1,1,7.7242
1,1,1,0,1,0,1,0,1,0,1,0,1,1,1,0,1,7.4536
1,1,1,0,1,0,1,0,1,0,1,0,1,0,0,1,0,7.4892
1,1,1,0,1,0,1,0,1,0,1,0,1,0,0,1,1,7.731
1,1,1,0,1,0,1,0,1,0,1,0,1,0,0,0,1,7.42
1,1,1,0,1,1,0,0,1,0,1,0,1,0,0,0,0,6.6574
1,1,1,0,1,1,0,0,1,0,1,0,1,1,0,0,0,7.1898
1,1,1,0,1,1,0,0,1,0,1,0,1,1,0,1,0,7.4448
1,1,1,0,1,1,0,0,1,0,1,0,1,1,0,1,1,6.6566
1,1,1,0,1,1,0,0,1,0,1,0,1,1,0,0,1,7.4282
1,1,1,0,1,1,0,0,1,0,1,0,1,1,1,0,0,7.1644
1,1,1,0,1,1,0,0,1,0,1,0,1,1,1,1,0,7.4436
1,1,1,0,1,1,0,0,1,0,1,0,1,1,1,1,1,7.7122
1,1,1,0,1,1,0,0,1,0,1,0,1,1,1,0,1,7.447
1,1,1,0,1,1,0,0,1,0,1,0,1,0,0,1,0,7.4322
1,1,1,0,1,1,0,0,1,0,1,0,1,0,0,1,1,7.744
1,1,1,0,1,1,0,0,1,0,1,0,1,0,0,0,1,7.437
1,1,1,0,1,0,0,1,1,0,1,0,1,0,0,1,0,7.366
1,1,1,0,1,0,0,1,1,0,1,0,1,0,0,1,1,7.2076
1,1,1,0,1,0,0,1,1,0,1,0,1,0,0,0,1,7.4482
1,1,0,1,1,0,0,1,1,0,1,0,1,0,0,0,0,13.869
1,1,0,1,1,0,0,1,1,0,1,0,1,1,0,0,0,13.9122
1,1,0,1,1,0,0,1,1,0,1,0,1,1,0,1,0,14.159
1,1,0,1,1,0,0,1,1,0,1,0,1,1,0,1,1,14.6108
1,1,0,1,1,0,0,1,1,0,1,0,1,1,0,0,1,14.3798
1,1,0,1,1,0,0,1,1,0,1,0,1,1,1,0,0,14.281
1,1,0,1,1,0,0,1,1,0,1,0,1,1,1,1,0,14.3236
1,1,0,1,1,0,0,1,1,0,1,0,1,1,1,1,1,13.7132
1,1,0,1,1,0,0,1,1,0,1,0,1,1,1,0,1,14.4744
1,1,0,1,1,0,1,0,1,0,1,0,1,0,0,0,0,15.708
1,1,0,1,1,0,1,0,1,0,1,0,1,1,0,0,0,15.6844
1,1,0,1,1,0,1,0,1,0,1,0,1,1,0,1,0,15.3766
1,1,0,1,1,0,1,0,1,0,1,0,1,1,0,1,1,14.9588
1,1,0,1,1,0,1,0,1,0,1,0,1,1,0,0,1,15.356
1,1,0,1,1,0,1,0,1,0,1,0,1,1,1,0,0,15.6998
1,1,0,1,1,0,1,0,1,0,1,0,1,1,1,1,0,15.3806
1,1,0,1,1,0,1,0,1,0,1,0,1,1,1,1,1,14.947
1,1,0,1,1,0,1,0,1,0,1,0,1,1,1,0,1,15.3978
1,1,0,1,1,0,1,0,1,0,1,0,1,0,0,1,0,15.3412
1,1,0,1,1,0,1,0,1,0,1,0,1,0,0,1,1,14.901
1,1,0,1,1,0,1,0,1,0,1,0,1,0,0,0,1,15.3432
1,1,0,1,1,1,0,0,1,0,1,0,1,0,0,0,0,14.672
1,1,0,1,1,1,0,0,1,0,1,0,1,1,0,0,0,15.0156
1,1,0,1,1,1,0,0,1,0,1,0,1,1,0,1,0,14.8104
1,1,0,1,1,1,0,0,1,0,1,0,1,1,0,1,1,14.913
1,1,0,1,1,1,0,0,1,0,1,0,1,1,0,0,1,15.3402
1,1,0,1,1,1,0,0,1,0,1,0,1,1,1,0,0,15.7234
1,1,0,1,1,1,0,0,1,0,1,0,1,1,1,1,0,15.3982
1,1,0,1,1,1,0,0,1,0,1,0,1,1,1,1,1,14.9296
1,1,0,1,1,1,0,0,1,0,1,0,1,1,1,0,1,15.3148
1,1,0,1,1,1,0,0,1,0,1,0,1,0,0,1,0,15.3684
1,1,0,1,1,1,0,0,1,0,1,0,1,0,0,1,1,14.8992
1,1,0,1,1,1,0,0,1,0,1,0,1,0,0,0,1,15.1604
1,1,0,1,1,0,0,1,1,0,1,0,1,0,0,1,0,14.1134
1,1,0,1,1,0,0,1,1,0,1,0,1,0,0,1,1,13.9932
1,1,0,1,1,0,0,1,1,0,1,0,1,0,0,0,1,14.3578
1,0,0,0,1,0,0,1,1,0,1,0,1,1,0,0,0,7.0848
1,0,0,0,1,0,0,1,1,0,1,0,1,1,0,1,0,7.3566
1,0,0,0,1,0,0,1,1,0,1,0,1,1,0,1,1,7.127
1,0,0,0,1,0,0,1,1,0,1,0,1,1,0,0,1,7.4402
1,0,0,0,1,0,0,1,1,0,1,0,1,1,1,0,0,7.646
1,0,0,0,1,0,0,1,1,0,1,0,1,1,1,1,0,7.3226
1,0,0,0,1,0,0,1,1,0,1,0,1,1,1,1,1,7.1802
1,0,0,0,1,0,0,1,1,0,1,0,1,1,1,0,1,7.4858
1,0,0,0,1,0,1,0,1,0,1,0,1,0,0,0,0,7.5936
1,0,0,0,1,0,1,0,1,0,1,0,1,1,0,0,0,7.593
1,0,0,0,1,0,1,0,1,0,1,0,1,1,0,1,0,7.3404
1,0,0,0,1,0,1,0,1,0,1,0,1,1,0,1,1,7.1178
1,0,0,0,1,0,1,0,1,0,1,0,1,1,0,0,1,7.3556
1,0,0,0,1,0,1,0,1,0,1,0,1,1,1,0,0,7.5796
1,0,0,0,1,0,1,0,1,0,1,0,1,1,1,1,0,7.3496
1,0,0,0,1,0,1,0,1,0,1,0,1,1,1,1,1,7.1254
1,0,0,0,1,0,1,0,1,0,1,0,1,1,1,0,1,7.357
1,0,0,0,1,0,1,0,1,0,1,0,1,0,0,1,0,7.3424
1,0,0,0,1,0,1,0,1,0,1,0,1,0,0,1,1,7.1038
1,0,0,0,1,0,1,0,1,0,1,0,1,0,0,0,1,7.3378
1,0,0,0,1,1,0,0,1,0,1,0,1,0,0,0,0,7.5972
1,0,0,0,1,1,0,0,1,0,1,0,1,1,0,0,0,7.3704
1,0,0,0,1,1,0,0,1,0,1,0,1,1,0,1,0,7.3622
1,0,0,0,1,1,0,0,1,0,1,0,1,1,0,1,1,7.1724
1,0,0,0,1,1,0,0,1,0,1,0,1,1,0,0,1,7.165
1,0,0,0,1,1,0,0,1,0,1,0,1,1,1,0,0,6.9042
1,0,0,0,1,1,0,0,1,0,1,0,1,1,1,1,0,7.4084
1,0,0,0,1,1,0,0,1,0,1,0,1,1,1,1,1,7.154
1,0,0,0,1,1,0,0,1,0,1,0,1,1,1,0,1,7.6652
1,0,0,0,1,1,0,0,1,0,1,0,1,0,0,1,0,7.3694
1,0,0,0,1,1,0,0,1,0,1,0,1,0,0,1,1,7.6726
1,0,0,0,1,1,0,0,1,0,1,0,1,0,0,0,1,7.4016
1,0,0,0,1,0,0,1,1,0,1,0,1,0,0,1,0,7.115
1,0,0,0,1,0,0,1,1,0,1,0,1,0,0,1,1,7.6574
1,0,0,0,1,0,0,1,1,0,1,0,1,0,0,0,1,7.4156
0,0,0,0,1,0,0,1,1,0,1,0,1,1,0,0,0,7.2886
0,0,0,0,1,0,0,1,1,0,1,0,1,1,0,1,0,7.0862
0,0,0,0,1,0,0,1,1,0,1,0,1,1,0,1,1,7.1994
0,0,0,0,1,0,0,1,1,0,1,0,1,1,0,0,1,7.985
0,0,0,0,1,0,0,1,1,0,1,0,1,1,1,0,0,7.3808
0,0,0,0,1,0,0,1,1,0,1,0,1,1,1,1,0,7.6442
0,0,0,0,1,0,0,1,1,0,1,0,1,1,1,1,1,7.4812
0,0,0,0,1,0,0,1,1,0,1,0,1,1,1,0,1,7.1848
0,0,0,0,1,0,1,0,1,0,1,0,1,0,0,0,0,7.349
0,0,0,0,1,0,1,0,1,0,1,0,1,1,0,0,0,7.0926
0,0,0,0,1,0,1,0,1,0,1,0,1,1,0,1,0,7.083
0,0,0,0,1,0,1,0,1,0,1,0,1,1,0,1,1,7.4212
0,0,0,0,1,0,1,0,1,0,1,0,1,1,0,0,1,7.3924
0,0,0,0,1,0,1,0,1,0,1,0,1,1,1,0,0,7.316
0,0,0,0,1,0,1,0,1,0,1,0,1,1,1,1,0,8.1002
0,0,0,0,1,0,1,0,1,0,1,0,1,1,1,1,1,7.3468
0,0,0,0,1,0,1,0,1,0,1,0,1,1,1,0,1,7.4944
0,0,0,0,1,0,1,0,1,0,1,0,1,0,0,1,0,7.3942
0,0,0,0,1,0,1,0,1,0,1,0,1,0,0,1,1,7.1012
0,0,0,0,1,0,1,0,1,0,1,0,1,0,0,0,1,7.0922
0,0,0,0,1,1,0,0,1,0,1,0,1,0,0,0,0,7.4692
0,0,0,0,1,1,0,0,1,0,1,0,1,1,0,0,0,7.328
0,0,0,0,1,1,0,0,1,0,1,0,1,1,0,1,0,7.3398
0,0,0,0,1,1,0,0,1,0,1,0,1,1,0,1,1,7.3782
0,0,0,0,1,1,0,0,1,0,1,0,1,1,0,0,1,7.3596
0,0,0,0,1,1,0,0,1,0,1,0,1,1,1,0,0,7.3514
0,0,0,0,1,1,0,0,1,0,1,0,1,1,1,1,0,7.0738
0,0,0,0,1,1,0,0,1,0,1,0,1,1,1,1,1,7.0916
0,0,0,0,1,1,0,0,1,0,1,0,1,1,1,0,1,7.1314
0,0,0,0,1,1,0,0,1,0,1,0,1,0,0,1,0,7.34
0,0,0,0,1,1,0,0,1,0,1,0,1,0,0,1,1,7.3806
0,0,0,0,1,1,0,0,1,0,1,0,1,0,0,0,1,7.3904
0,0,0,0,1,0,0,1,1,0,1,0,1,0,0,1,0,7.111
0,0,0,0,1,0,0,1,1,0,1,0,1,0,0,1,1,7.1184
0,0,0,0,1,0,0,1,1,0,1,0,1,0,0,0,1,8.0062
0,0,0,0,1,0,0,1,1,1,0,0,0,1,0,0,0,6.6326
0,0,0,0,1,0,0,1,1,1,0,0,0,1,0,1,0,6.6932
0,0,0,0,1,0,0,1,1,1,0,0,0,1,0,1,1,6.6656
0,0,0,0,1,0,0,1,1,1,0,0,0,1,0,0,1,6.6652
0,0,0,0,1,0,0,1,1,1,0,0,0,1,1,0,0,6.6436
0,0,0,0,1,0,0,1,1,1,0,0,0,1,1,1,0,6.6594
0,0,0,0,1,0,0,1,1,1,0,0,0,1,1,1,1,6.6776
0,0,0,0,1,0,0,1,1,1,0,0,0,1,1,0,1,6.7722
0,0,0,0,1,0,1,0,1,1,0,0,0,0,0,0,0,6.6646
0,0,0,0,1,0,1,0,1,1,0,0,0,1,0,0,0,6.6594
0,0,0,0,1,0,1,0,1,1,0,0,0,1,0,1,0,6.6372
0,0,0,0,1,0,1,0,1,1,0,0,0,1,0,1,1,6.6676
0,0,0,0,1,0,1,0,1,1,0,0,0,1,0,0,1,6.6522
0,0,0,0,1,0,1,0,1,1,0,0,0,1,1,0,0,6.6452
0,0,0,0,1,0,1,0,1,1,0,0,0,1,1,1,0,6.6232
0,0,0,0,1,0,1,0,1,1,0,0,0,1,1,1,1,6.6522
0,0,0,0,1,0,1,0,1,1,0,0,0,1,1,0,1,6.7152
0,0,0,0,1,0,1,0,1,1,0,0,0,0,0,1,0,6.649
0,0,0,0,1,0,1,0,1,1,0,0,0,0,0,1,1,6.6698
0,0,0,0,1,0,1,0,1,1,0,0,0,0,0,0,1,6.6658
0,0,0,0,1,1,0,0,1,1,0,0,0,0,0,0,0,6.6548
0,0,0,0,1,1,0,0,1,1,0,0,0,1,0,0,0,6.6268
0,0,0,0,1,1,0,0,1,1,0,0,0,1,0,1,0,6.6166
0,0,0,0,1,1,0,0,1,1,0,0,0,1,0,1,1,6.6476
0,0,0,0,1,1,0,0,1,1,0,0,0,1,0,0,1,6.6772
0,0,0,0,1,1,0,0,1,1,0,0,0,1,1,0,0,6.6564
0,0,0,0,1,1,0,0,1,1,0,0,0,1,1,1,0,6.6276
0,0,0,0,1,1,0,0,1,1,0,0,0,1,1,1,1,6.6506
0,0,0,0,1,1,0,0,1,1,0,0,0,1,1,0,1,6.7152
0,0,0,0,1,1,0,0,1,1,0,0,0,0,0,1,0,6.6648
0,0,0,0,1,1,0,0,1,1,0,0,0,0,0,1,1,6.672
0,0,0,0,1,1,0,0,1,1,0,0,0,0,0,0,1,6.6824
0,0,0,0,1,0,0,1,1,1,0,0,0,0,0,1,0,6.6608
0,0,0,0,1,0,0,1,1,1,0,0,0,0,0,1,1,6.692
0,0,0,0,1,0,0,1,1,0,1,1,0,0,0,0,0,7.2812
0,1,1,0,1,0,0,1,1,0,1,1,0,0,0,0,0,7.2958
0,1,1,0,1,0,0,1,1,0,1,1,0,1,0,0,0,7.3082
0,1,1,0,1,0,0,1,1,0,1,1,0,1,0,1,0,7.1288
0,1,1,0,1,0,0,1,1,0,1,1,0,1,0,1,1,7.2184
0,1,1,0,1,0,0,1,1,0,1,1,0,1,0,0,1,8.0104
0,1,1,0,1,0,0,1,1,0,1,1,0,1,1,0,0,7.9458
0,1,1,0,1,0,0,1,1,0,1,1,0,1,1,1,0,7.1308
0,1,1,0,1,0,0,1,1,0,1,1,0,1,1,1,1,7.181
0,1,1,0,1,0,0,1,1,0,1,1,0,1,1,0,1,7.4216
0,1,1,0,1,0,1,0,1,0,1,1,0,0,0,0,0,7.9328
0,1,1,0,1,0,1,0,1,0,1,1,0,1,0,0,0,7.3526
0,1,1,0,1,0,1,0,1,0,1,1,0,1,0,1,0,7.1468
0,1,1,0,1,0,1,0,1,0,1,1,0,1,0,1,1,7.1418
0,1,1,0,1,0,1,0,1,0,1,1,0,1,0,0,1,7.991
0,1,1,0,1,0,1,0,1,0,1,1,0,1,1,0,0,7.3404
0,1,1,0,1,0,1,0,1,0,1,1,0,1,1,1,0,7.1514
0,1,1,0,1,0,1,0,1,0,1,1,0,1,1,1,1,7.1814
0,1,1,0,1,0,1,0,1,0,1,1,0,1,1,0,1,8.0102
0,1,1,0,1,0,1,0,1,0,1,1,0,0,0,1,0,7.1282
0,1,1,0,1,0,1,0,1,0,1,1,0,0,0,1,1,7.1674
0,1,1,0,1,0,1,0,1,0,1,1,0,0,0,0,1,7.3658
0,1,1,0,1,1,0,0,1,0,1,1,0,0,0,0,0,7.3468
0,1,1,0,1,1,0,0,1,0,1,1,0,1,0,0,0,7.972
0,1,1,0,1,1,0,0,1,0,1,1,0,1,0,1,0,7.116
0,1,1,0,1,1,0,0,1,0,1,1,0,1,0,1,1,7.1724
0,1,1,0,1,1,0,0,1,0,1,1,0,1,0,0,1,7.3932
0,1,1,0,1,1,0,0,1,0,1,1,0,1,1,0,0,7.286
0,1,1,0,1,1,0,0,1,0,1,1,0,1,1,1,0,7.1796
0,1,1,0,1,1,0,0,1,0,1,1,0,1,1,1,1,7.2056
0,1,1,0,1,1,0,0,1,0,1,1,0,1,1,0,1,8.0322
0,1,1,0,1,1,0,0,1,0,1,1,0,0,0,1,0,7.1978
0,1,1,0,1,1,0,0,1,0,1,1,0,0,0,1,1,7.1896
0,1,1,0,1,1,0,0,1,0,1,1,0,0,0,0,1,8.0274
0,1,1,0,1,0,0,1,1,0,1,1,0,0,0,1,0,7.1328
0,1,1,0,1,0,0,1,1,0,1,1,0,0,0,1,1,7.1482
0,1,1,0,1,0,0,1,1,0,1,1,0,0,0,0,1,8.0446
0,1,0,1,1,0,0,1,1,0,1,1,0,0,0,0,0,14.1212
0,1,0,1,1,0,0,1,1,0,1,1,0,1,0,0,0,14.1288
0,1,0,1,1,0,0,1,1,0,1,1,0,1,0,1,0,13.9802
0,1,0,1,1,0,0,1,1,0,1,1,0,1,0,1,1,13.7864
0,1,0,1,1,0,0,1,1,0,1,1,0,1,0,0,1,15.479
0,1,0,1,1,0,0,1,1,0,1,1,0,1,1,0,0,14.1594
0,1,0,1,1,0,0,1,1,0,1,1,0,1,1,1,0,13.9532
0,1,0,1,1,0,0,1,1,0,1,1,0,1,1,1,1,13.76
0,1,0,1,1,0,0,1,1,0,1,1,0,1,1,0,1,15.4904
0,1,0,1,1,0,1,0,1,0,1,1,0,0,0,0,0,15.267
0,1,0,1,1,0,1,0,1,0,1,1,0,1,0,0,0,16.5246
0,1,0,1,1,0,1,0,1,0,1,1,0,1,0,1,0,15.001
0,1,0,1,1,0,1,0,1,0,1,1,0,1,0,1,1,14.837
0,1,0,1,1,0,1,0,1,0,1,1,0,1,0,0,1,15.3056
0,1,0,1,1,0,1,0,1,0,1,1,0,1,1,0,0,15.2554
0,1,0,1,1,0,1,0,1,0,1,1,0,1,1,1,0,14.7892
0,1,0,1,1,0,1,0,1,0,1,1,0,1,1,1,1,15.1122
0,1,0,1,1,0,1,0,1,0,1,1,0,1,1,0,1,16.6586
0,1,0,1,1,0,1,0,1,0,1,1,0,0,0,1,0,15.0508
0,1,0,1,1,0,1,0,1,0,1,1,0,0,0,1,1,14.8266
0,1,0,1,1,0,1,0,1,0,1,1,0,0,0,0,1,16.6334
0,1,0,1,1,1,0,0,1,0,1,1,0,0,0,0,0,15.286
0,1,0,1,1,1,0,0,1,0,1,1,0,1,0,0,0,15.2518
0,1,0,1,1,1,0,0,1,0,1,1,0,1,0,1,0,14.731
0,1,0,1,1,1,0,0,1,0,1,1,0,1,0,1,1,15.0954
0,1,0,1,1,1,0,0,1,0,1,1,0,1,0,0,1,16.6186
0,1,0,1,1,1,0,0,1,0,1,1,0,1,1,0,0,15.2634
0,1,0,1,1,1,0,0,1,0,1,1,0,1,1,1,0,14.768
0,1,0,1,1,1,0,0,1,0,1,1,0,1,1,1,1,15.0886
0,1,0,1,1,1,0,0,1,0,1,1,0,1,1,0,1,16.6518
0,1,0,1,1,1,0,0,1,0,1,1,0,0,0,1,0,14.747
0,1,0,1,1,1,0,0,1,0,1,1,0,0,0,1,1,15.1188
0,1,0,1,1,1,0,0,1,0,1,1,0,0,0,0,1,16.6626
0,1,0,1,1,0,0,1,1,0,1,1,0,0,0,1,0,13.9358
0,1,0,1,1,0,0,1,1,0,1,1,0,0,0,1,1,13.7768
0,1,0,1,1,0,0,1,1,0,1,1,0,0,0,0,1,15.4644
1,0,0,0,1,0,0,1,1,0,1,1,0,0,0,0,0,7.2806
1,1,1,0,1,0,0,1,1,0,1,1,0,0,0,0,0,7.304
1,1,1,0,1,0,0,1,1,0,1,1,0,1,0,0,0,7.313
1,1,1,0,1,0,0,1,1,0,1,1,0,1,0,1,0,7.1342
1,1,1,0,1,0,0,1,1,0,1,1,0,1,0,1,1,7.231
1,1,1,0,1,0,0,1,1,0,1,1,0,1,0,0,1,8.0338
1,1,1,0,1,0,0,1,1,0,1,1,0,1,1,0,0,7.3558
1,1,1,0,1,0,0,1,1,0,1,1,0,1,1,1,0,7.1798
1,1,1,0,1,0,0,1,1,0,1,1,0,1,1,1,1,7.1912
1,1,1,0,1,0,0,1,1,0,1,1,0,1,1,0,1,8.0132
1,1,1,0,1,0,1,0,1,0,1,1,0,0,0,0,0,7.3162
1,1,1,0,1,0,1,0,1,0,1,1,0,1,0,0,0,8.0128
1,1,1,0,1,0,1,0,1,0,1,1,0,1,0,1,0,7.1876
1,1,1,0,1,0,1,0,1,0,1,1,0,1,0,1,1,7.205
1,1,1,0,1,0,1,0,1,0,1,1,0,1,0,0,1,7.4056
1,1,1,0,1,0,1,0,1,0,1,1,0,1,1,0,0,8.035
1,1,1,0,1,0,1,0,1,0,1,1,0,1,1,1,0,7.1896
1,1,1,0,1,0,1,0,1,0,1,1,0,1,1,1,1,7.2304
1,1,1,0,1,0,1,0,1,0,1,1,0,1,1,0,1,7.4154
1,1,1,0,1,0,1,0,1,0,1,1,0,0,0,1,0,7.1488
1,1,1,0,1,0,1,0,1,0,1,1,0,0,0,1,1,7.2028
1,1,1,0,1,0,1,0,1,0,1,1,0,0,0,0,1,8.0006
1,1,1,0,1,1,0,0,1,0,1,1,0,0,0,0,0,7.316
1,1,1,0,1,1,0,0,1,0,1,1,0,1,0,0,0,7.363
1,1,1,0,1,1,0,0,1,0,1,1,0,1,0,1,0,7.188
1,1,1,0,1,1,0,0,1,0,1,1,0,1,0,1,1,7.1614
1,1,1,0,1,1,0,0,1,0,1,1,0,1,0,0,1,8.0308
1,1,1,0,1,1,0,0,1,0,1,1,0,1,1,0,0,7.3376
1,1,1,0,1,1,0,0,1,0,1,1,0,1,1,1,0,7.0838
1,1,1,0,1,1,0,0,1,0,1,1,0,1,1,1,1,7.2286
1,1,1,0,1,1,0,0,1,0,1,1,0,1,1,0,1,7.994
1,1,1,0,1,1,0,0,1,0,1,1,0,0,0,1,0,7.2076
1,1,1,0,1,1,0,0,1,0,1,1,0,0,0,1,1,7.1694
1,1,1,0,1,1,0,0,1,0,1,1,0,0,0,0,1,8.02
1,1,1,0,1,0,0,1,1,0,1,1,0,0,0,1,0,7.1232
1,1,1,0,1,0,0,1,1,0,1,1,0,0,0,1,1,7.1756
1,1,1,0,1,0,0,1,1,0,1,1,0,0,0,0,1,8.0016
1,1,0,1,1,0,0,1,1,0,1,1,0,0,0,0,0,14.1604
1,1,0,1,1,0,0,1,1,0,1,1,0,1,0,0,0,15.5094
1,1,0,1,1,0,0,1,1,0,1,1,0,1,0,1,0,13.7484
1,1,0,1,1,0,0,1,1,0,1,1,0,1,0,1,1,14.0938
1,1,0,1,1,0,0,1,1,0,1,1,0,1,0,0,1,14.3478
1,1,0,1,1,0,0,1,1,0,1,1,0,1,1,0,0,15.6022
1,1,0,1,1,0,0,1,1,0,1,1,0,1,1,1,0,14.0526
1,1,0,1,1,0,0,1,1,0,1,1,0,1,1,1,1,13.8754
1,1,0,1,1,0,0,1,1,0,1,1,0,1,1,0,1,14.3946
1,1,0,1,1,0,1,0,1,0,1,1,0,0,0,0,0,16.7556
1,1,0,1,1,0,1,0,1,0,1,1,0,1,0,0,0,15.2886
1,1,0,1,1,0,1,0,1,0,1,1,0,1,0,1,0,14.842
1,1,0,1,1,0,1,0,1,0,1,1,0,1,0,1,1,15.0814
1,1,0,1,1,0,1,0,1,0,1,1,0,1,0,0,1,16.8008
1,1,0,1,1,0,1,0,1,0,1,1,0,1,1,0,0,16.6532
1,1,0,1,1,0,1,0,1,0,1,1,0,1,1,1,0,14.851
1,1,0,1,1,0,1,0,1,0,1,1,0,1,1,1,1,15.1204
1,1,0,1,1,0,1,0,1,0,1,1,0,1,1,0,1,15.3512
1,1,0,1,1,0,1,0,1,0,1,1,0,0,0,1,0,15.1586
1,1,0,1,1,0,1,0,1,0,1,1,0,0,0,1,1,14.9918
1,1,0,1,1,0,1,0,1,0,1,1,0,0,0,0,1,15.4184
1,1,0,1,1,1,0,0,1,0,1,1,0,0,0,0,0,15.2846
1,1,0,1,1,1,0,0,1,0,1,1,0,1,0,0,0,16.6038
1,1,0,1,1,1,0,0,1,0,1,1,0,1,0,1,0,15.1042
1,1,0,1,1,1,0,0,1,0,1,1,0,1,0,1,1,14.892
1,1,0,1,1,1,0,0,1,0,1,1,0,1,0,0,1,15.3896
1,1,0,1,1,1,0,0,1,0,1,1,0,1,1,0,0,15.381
1,1,0,1,1,1,0,0,1,0,1,1,0,1,1,1,0,15.1314
1,1,0,1,1,1,0,0,1,0,1,1,0,1,1,1,1,14.95
1,1,0,1,1,1,0,0,1,0,1,1,0,1,1,0,1,16.783
1,1,0,1,1,1,0,0,1,0,1,1,0,0,0,1,0,14.8394
1,1,0,1,1,1,0,0,1,0,1,1,0,0,0,1,1,15.1334
1,1,0,1,1,1,0,0,1,0,1,1,0,0,0,0,1,16.743
1,1,0,1,1,0,0,1,1,0,1,1,0,0,0,1,0,13.732
1,1,0,1,1,0,0,1,1,0,1,1,0,0,0,1,1,14.0728
1,1,0,1,1,0,0,1,1,0,1,1,0,0,0,0,1,15.5712
1,0,0,0,1,0,0,1,1,0,1,1,0,1,0,0,0,7.267
1,0,0,0,1,0,0,1,1,0,1,1,0,1,0,1,0,7.0514
1,0,0,0,1,0,0,1,1,0,1,1,0,1,0,1,1,7.1576
1,0,0,0,1,0,0,1,1,0,1,1,0,1,0,0,1,7.9802
1,0,0,0,1,0,0,1,1,0,1,1,0,1,1,0,0,7.293
1,0,0,0,1,0,0,1,1,0,1,1,0,1,1,1,0,7.037
1,0,0,0,1,0,0,1,1,0,1,1,0,1,1,1,1,7.196
1,0,0,0,1,0,0,1,1,0,1,1,0,1,1,0,1,7.9718
1,0,0,0,1,0,1,0,1,0,1,1,0,0,0,0,0,7.9066
1,0,0,0,1,0,1,0,1,0,1,1,0,1,0,0,0,7.909
1,0,0,0,1,0,1,0,1,0,1,1,0,1,0,1,0,7.1142
1,0,0,0,1,0,1,0,1,0,1,1,0,1,0,1,1,7.1242
1,0,0,0,1,0,1,0,1,0,1,1,0,1,0,0,1,7.3244
1,0,0,0,1,0,1,0,1,0,1,1,0,1,1,0,0,7.2802
1,0,0,0,1,0,1,0,1,0,1,1,0,1,1,1,0,7.126
1,0,0,0,1,0,1,0,1,0,1,1,0,1,1,1,1,7.1316
1,0,0,0,1,0,1,0,1,0,1,1,0,1,1,0,1,7.9398
1,0,0,0,1,0,1,0,1,0,1,1,0,0,0,1,0,7.1462
1,0,0,0,1,0,1,0,1,0,1,1,0,0,0,1,1,7.1564
1,0,0,0,1,0,1,0,1,0,1,1,0,0,0,0,1,7.304
1,0,0,0,1,1,0,0,1,0,1,1,0,0,0,0,0,7.2782
1,0,0,0,1,1,0,0,1,0,1,1,0,1,0,0,0,7.2772
1,0,0,0,1,1,0,0,1,0,1,1,0,1,0,1,0,7.0988
1,0,0,0,1,1,0,0,1,0,1,1,0,1,0,1,1,7.1238
1,0,0,0,1,1,0,0,1,0,1,1,0,1,0,0,1,7.954
1,0,0,0,1,1,0,0,1,0,1,1,0,1,1,0,0,7.262
1,0,0,0,1,1,0,0,1,0,1,1,0,1,1,1,0,7.0544
1,0,0,0,1,1,0,0,1,0,1,1,0,1,1,1,1,7.1818
1,0,0,0,1,1,0,0,1,0,1,1,0,1,1,0,1,7.9658
1,0,0,0,1,1,0,0,1,0,1,1,0,0,0,1,0,7.0862
1,0,0,0,1,1,0,0,1,0,1,1,0,0,0,1,1,7.1384
1,0,0,0,1,1,0,0,1,0,1,1,0,0,0,0,1,7.9546
1,0,0,0,1,0,0,1,1,0,1,1,0,0,0,1,0,7.0408
1,0,0,0,1,0,0,1,1,0,1,1,0,0,0,1,1,7.1662
1,0,0,0,1,0,0,1,1,0,1,1,0,0,0,0,1,8.0282
0,0,0,0,1,0,0,1,1,0,1,1,0,1,0,0,0,7.2578
0,0,0,0,1,0,0,1,1,0,1,1,0,1,0,1,0,7.0766
0,0,0,0,1,0,0,1,1,0,1,1,0,1,0,1,1,7.1722
0,0,0,0,1,0,0,1,1,0,1,1,0,1,0,0,1,7.9726
0,0,0,0,1,0,0,1,1,0,1,1,0,1,1,0,0,7.2864
0,0,0,0,1,0,0,1,1,0,1,1,0,1,1,1,0,7.1164
0,0,0,0,1,0,0,1,1,0,1,1,0,1,1,1,1,7.1728
0,0,0,0,1,0,0,1,1,0,1,1,0,1,1,0,1,7.9848
0,0,0,0,1,0,1,0,1,0,1,1,0,0,0,0,0,7.2564
0,0,0,0,1,0,1,0,1,0,1,1,0,1,0,0,0,7.8756
0,0,0,0,1,0,1,0,1,0,1,1,0,1,0,1,0,7.095
0,0,0,0,1,0,1,0,1,0,1,1,0,1,0,1,1,7.1068
0,0,0,0,1,0,1,0,1,0,1,1,0,1,0,0,1,7.3252
0,0,0,0,1,0,1,0,1,0,1,1,0,1,1,0,0,7.2924
0,0,0,0,1,0,1,0,1,0,1,1,0,1,1,1,0,7.145
0,0,0,0,1,0,1,0,1,0,1,1,0,1,1,1,1,7.1342
0,0,0,0,1,0,1,0,1,0,1,1,0,1,1,0,1,7.9306
0,0,0,0,1,0,1,0,1,0,1,1,0,0,0,1,0,7.0864
0,0,0,0,1,0,1,0,1,0,1,1,0,0,0,1,1,7.1338
0,0,0,0,1,0,1,0,1,0,1,1,0,0,0,0,1,7.9504
0,0,0,0,1,1,0,0,1,0,1,1,0,0,0,0,0,7.2876
0,0,0,0,1,1,0,0,1,0,1,1,0,1,0,0,0,7.8742
0,0,0,0,1,1,0,0,1,0,1,1,0,1,0,1,0,7.0854
0,0,0,0,1,1,0,0,1,0,1,1,0,1,0,1,1,7.106
0,0,0,0,1,1,0,0,1,0,1,1,0,1,0,0,1,7.3242
0,0,0,0,1,1,0,0,1,0,1,1,0,1,1,0,0,7.2992
0,0,0,0,1,1,0,0,1,0,1,1,0,1,1,1,0,7.1132
0,0,0,0,1,1,0,0,1,0,1,1,0,1,1,1,1,7.1446
0,0,0,0,1,1,0,0,1,0,1,1,0,1,1,0,1,7.942
0,0,0,0,1,1,0,0,1,0,1,1,0,0,0,1,0,7.088
0,0,0,0,1,1,0,0,1,0,1,1,0,0,0,1,1,7.0942
0,0,0,0,1,1,0,0,1,0,1,1,0,0,0,0,1,7.9944
0,0,0,0,1,0,0,1,1,0,1,1,0,0,0,1,0,7.1068
0,0,0,0,1,0,0,1,1,0,1,1,0,0,0,1,1,7.147
0,0,0,0,1,0,0,1,1,0,1,1,0,0,0,0,1,7.9676
0,0,0,0,1,0,0,1,1,1,0,0,0,0,0,0,1,6.6884
