compressed_script,encryption,crypt_aes,crypt_blowfish,transaction_control,txc_mvlocks,txc_mvcc,txc_locks,table_type,memory_tables,cached_tables,small_cache,large_cache,logging,detailed_logging,no_write_delay,small_log,Benchmark-cpu-
0,0,0,0,1,0,0,1,1,1,0,0,0,0,0,0,0,2.042798
0,1,1,0,1,0,0,1,1,1,0,0,0,0,0,0,0,2.044651
0,1,1,0,1,0,0,1,1,1,0,0,0,1,0,0,0,2.037751
0,1,1,0,1,0,0,1,1,1,0,0,0,1,0,1,0,2.078869
0,1,1,0,1,0,0,1,1,1,0,0,0,1,0,1,1,2.244545
0,1,1,0,1,0,0,1,1,1,0,0,0,1,0,0,1,2.250598
0,1,1,0,1,0,0,1,1,1,0,0,0,1,1,0,0,2.055159
0,1,1,0,1,0,0,1,1,1,0,0,0,1,1,1,0,2.044578
0,1,1,0,1,0,0,1,1,1,0,0,0,1,1,1,1,2.266731
0,1,1,0,1,0,0,1,1,1,0,0,0,1,1,0,1,2.256508
0,1,1,0,1,0,1,0,1,1,0,0,0,0,0,0,0,2.105181
0,1,1,0,1,0,1,0,1,1,0,0,0,1,0,0,0,2.101446
0,1,1,0,1,0,1,0,1,1,0,0,0,1,0,1,0,2.12525
0,1,1,0,1,0,1,0,1,1,0,0,0,1,0,1,1,2.338738
0,1,1,0,1,0,1,0,1,1,0,0,0,1,0,0,1,2.278191
0,1,1,0,1,0,1,0,1,1,0,0,0,1,1,0,0,2.12786
0,1,1,0,1,0,1,0,1,1,0,0,0,1,1,1,0,2.087002
0,1,1,0,1,0,1,0,1,1,0,0,0,1,1,1,1,2.309039
0,1,1,0,1,0,1,0,1,1,0,0,0,1,1,0,1,2.336801
0,1,1,0,1,0,1,0,1,1,0,0,0,0,0,1,0,2.137624
0,1,1,0,1,0,1,0,1,1,0,0,0,0,0,1,1,2.334801
0,1,1,0,1,0,1,0,1,1,0,0,0,0,0,0,1,2.312983
0,1,1,0,1,1,0,0,1,1,0,0,0,0,0,0,0,2.154108
0,1,1,0,1,1,0,0,1,1,0,0,0,1,0,0,0,2.124789
0,1,1,0,1,1,0,0,1,1,0,0,0,1,0,1,0,2.176183
0,1,1,0,1,1,0,0,1,1,0,0,0,1,0,1,1,2.338497
0,1,1,0,1,1,0,0,1,1,0,0,0,1,0,0,1,2.354133
0,1,1,0,1,1,0,0,1,1,0,0,0,1,1,0,0,2.119857
0,1,1,0,1,1,0,0,1,1,0,0,0,1,1,1,0,2.147718
0,1,1,0,1,1,0,0,1,1,0,0,0,1,1,1,1,2.441822
0,1,1,0,1,1,0,0,1,1,0,0,0,1,1,0,1,2.369803
0,1,1,0,1,1,0,0,1,1,0,0,0,0,0,1,0,2.137985
0,1,1,0,1,1,0,0,1,1,0,0,0,0,0,1,1,2.334847
0,1,1,0,1,1,0,0,1,1,0,0,0,0,0,0,1,2.359191
0,1,1,0,1,0,0,1,1,1,0,0,0,0,0,1,0,2.06869
0,1,1,0,1,0,0,1,1,1,0,0,0,0,0,1,1,2.271303
0,1,1,0,1,0,0,1,1,1,0,0,0,0,0,0,1,2.235233
0,1,0,1,1,0,0,1,1,1,0,0,0,0,0,0,0,7.144308
0,1,0,1,1,0,0,1,1,1,0,0,0,1,0,0,0,7.125176
0,1,0,1,1,0,0,1,1,1,0,0,0,1,0,1,0,7.294169
0,1,0,1,1,0,0,1,1,1,0,0,0,1,0,1,1,7.291829
0,1,0,1,1,0,0,1,1,1,0,0,0,1,0,0,1,7.260632
0,1,0,1,1,0,0,1,1,1,0,0,0,1,1,0,0,7.1048
0,1,0,1,1,0,0,1,1,1,0,0,0,1,1,1,0,7.272121
0,1,0,1,1,0,0,1,1,1,0,0,0,1,1,1,1,7.273416
0,1,0,1,1,0,0,1,1,1,0,0,0,1,1,0,1,7.26625
0,1,0,1,1,0,1,0,1,1,0,0,0,0,0,0,0,7.207088
0,1,0,1,1,0,1,0,1,1,0,0,0,1,0,0,0,7.215924
0,1,0,1,1,0,1,0,1,1,0,0,0,1,0,1,0,7.226081
0,1,0,1,1,0,1,0,1,1,0,0,0,1,0,1,1,7.338948
0,1,0,1,1,0,1,0,1,1,0,0,0,1,0,0,1,7.286681
0,1,0,1,1,0,1,0,1,1,0,0,0,1,1,0,0,7.184294
0,1,0,1,1,0,1,0,1,1,0,0,0,1,1,1,0,7.293172
0,1,0,1,1,0,1,0,1,1,0,0,0,1,1,1,1,7.296816
0,1,0,1,1,0,1,0,1,1,0,0,0,1,1,0,1,7.29329
0,1,0,1,1,0,1,0,1,1,0,0,0,0,0,1,0,7.254808
0,1,0,1,1,0,1,0,1,1,0,0,0,0,0,1,1,7.359107
0,1,0,1,1,0,1,0,1,1,0,0,0,0,0,0,1,7.27695
0,1,0,1,1,1,0,0,1,1,0,0,0,0,0,0,0,7.312602
0,1,0,1,1,1,0,0,1,1,0,0,0,1,0,0,0,7.218419
0,1,0,1,1,1,0,0,1,1,0,0,0,1,0,1,0,7.288339
0,1,0,1,1,1,0,0,1,1,0,0,0,1,0,1,1,7.304198
0,1,0,1,1,1,0,0,1,1,0,0,0,1,0,0,1,7.328411
0,1,0,1,1,1,0,0,1,1,0,0,0,1,1,0,0,7.183135
0,1,0,1,1,1,0,0,1,1,0,0,0,1,1,1,0,7.210034
0,1,0,1,1,1,0,0,1,1,0,0,0,1,1,1,1,7.341246
0,1,0,1,1,1,0,0,1,1,0,0,0,1,1,0,1,2.144097
0,1,0,1,1,1,0,0,1,1,0,0,0,0,0,1,0,7.28785
0,1,0,1,1,1,0,0,1,1,0,0,0,0,0,1,1,7.324447
0,1,0,1,1,1,0,0,1,1,0,0,0,0,0,0,1,7.353396
0,1,0,1,1,0,0,1,1,1,0,0,0,0,0,1,0,7.135581
0,1,0,1,1,0,0,1,1,1,0,0,0,0,0,1,1,2.090636
0,1,0,1,1,0,0,1,1,1,0,0,0,0,0,0,1,7.349164
0,0,0,0,1,0,0,1,1,0,1,0,0,0,0,0,0,3.998841
0,1,1,0,1,0,0,1,1,0,1,0,0,0,0,0,0,4.088203
0,1,1,0,1,0,0,1,1,0,1,0,0,1,0,0,0,4.075506
0,1,1,0,1,0,0,1,1,0,1,0,0,1,0,1,0,4.087242
0,1,1,0,1,0,0,1,1,0,1,0,0,1,0,1,1,4.231407
0,1,1,0,1,0,0,1,1,0,1,0,0,1,0,0,1,4.264729
0,1,1,0,1,0,0,1,1,0,1,0,0,1,1,0,0,4.070585
0,1,1,0,1,0,0,1,1,0,1,0,0,1,1,1,0,4.069607
0,1,1,0,1,0,0,1,1,0,1,0,0,1,1,1,1,4.15673
0,1,1,0,1,0,0,1,1,0,1,0,0,1,1,0,1,4.219558
0,1,1,0,1,0,1,0,1,0,1,0,0,0,0,0,0,4.145664
0,1,1,0,1,0,1,0,1,0,1,0,0,1,0,0,0,4.174192
0,1,1,0,1,0,1,0,1,0,1,0,0,1,0,1,0,4.153716
0,1,1,0,1,0,1,0,1,0,1,0,0,1,0,1,1,4.255471
0,1,1,0,1,0,1,0,1,0,1,0,0,1,0,0,1,4.246687
0,1,1,0,1,0,1,0,1,0,1,0,0,1,1,0,0,4.11823
0,1,1,0,1,0,1,0,1,0,1,0,0,1,1,1,0,4.132603
0,1,1,0,1,0,1,0,1,0,1,0,0,1,1,1,1,4.259264
0,1,1,0,1,0,1,0,1,0,1,0,0,1,1,0,1,4.225883
0,1,1,0,1,0,1,0,1,0,1,0,0,0,0,1,0,4.116365
0,1,1,0,1,0,1,0,1,0,1,0,0,0,0,1,1,4.231625
0,1,1,0,1,0,1,0,1,0,1,0,0,0,0,0,1,4.221184
0,1,1,0,1,1,0,0,1,0,1,0,0,0,0,0,0,4.217653
0,1,1,0,1,1,0,0,1,0,1,0,0,1,0,0,0,4.199008
0,1,1,0,1,1,0,0,1,0,1,0,0,1,0,1,0,4.167959
0,1,1,0,1,1,0,0,1,0,1,0,0,1,0,1,1,4.292919
0,1,1,0,1,1,0,0,1,0,1,0,0,1,0,0,1,4.230325
0,1,1,0,1,1,0,0,1,0,1,0,0,1,1,0,0,4.127099
0,1,1,0,1,1,0,0,1,0,1,0,0,1,1,1,0,4.166144
0,1,1,0,1,1,0,0,1,0,1,0,0,1,1,1,1,4.278479
0,1,1,0,1,1,0,0,1,0,1,0,0,1,1,0,1,4.289064
0,1,1,0,1,1,0,0,1,0,1,0,0,0,0,1,0,4.153901
0,1,1,0,1,1,0,0,1,0,1,0,0,0,0,1,1,4.200324
0,1,1,0,1,1,0,0,1,0,1,0,0,0,0,0,1,4.198327
0,1,1,0,1,0,0,1,1,0,1,0,0,0,0,1,0,4.189451
0,1,1,0,1,0,0,1,1,0,1,0,0,0,0,1,1,4.29449
0,1,1,0,1,0,0,1,1,0,1,0,0,0,0,0,1,4.221309
0,1,0,1,1,0,0,1,1,0,1,0,0,0,0,0,0,13.126027
0,1,0,1,1,0,0,1,1,0,1,0,0,1,0,0,0,13.12593
0,1,0,1,1,0,0,1,1,0,1,0,0,1,0,1,0,13.134282
0,1,0,1,1,0,0,1,1,0,1,0,0,1,0,1,1,13.189291
0,1,0,1,1,0,0,1,1,0,1,0,0,1,0,0,1,13.192905
0,1,0,1,1,0,0,1,1,0,1,0,0,1,1,0,0,13.144467
0,1,0,1,1,0,0,1,1,0,1,0,0,1,1,1,0,13.145536
0,1,0,1,1,0,0,1,1,0,1,0,0,1,1,1,1,13.198238
0,1,0,1,1,0,0,1,1,0,1,0,0,1,1,0,1,13.160685
0,1,0,1,1,0,1,0,1,0,1,0,0,0,0,0,0,13.92294
0,1,0,1,1,0,1,0,1,0,1,0,0,1,0,0,0,13.93666
0,1,0,1,1,0,1,0,1,0,1,0,0,1,0,1,0,13.918966
0,1,0,1,1,0,1,0,1,0,1,0,0,1,0,1,1,13.976075
0,1,0,1,1,0,1,0,1,0,1,0,0,1,0,0,1,13.959813
0,1,0,1,1,0,1,0,1,0,1,0,0,1,1,0,0,13.922952
0,1,0,1,1,0,1,0,1,0,1,0,0,1,1,1,0,13.931511
0,1,0,1,1,0,1,0,1,0,1,0,0,1,1,1,1,13.985982
0,1,0,1,1,0,1,0,1,0,1,0,0,1,1,0,1,13.954004
0,1,0,1,1,0,1,0,1,0,1,0,0,0,0,1,0,13.917034
0,1,0,1,1,0,1,0,1,0,1,0,0,0,0,1,1,13.987049
0,1,0,1,1,0,1,0,1,0,1,0,0,0,0,0,1,13.949922
0,1,0,1,1,1,0,0,1,0,1,0,0,0,0,0,0,13.930316
0,1,0,1,1,1,0,0,1,0,1,0,0,1,0,0,0,13.932436
0,1,0,1,1,1,0,0,1,0,1,0,0,1,0,1,0,13.984289
0,1,0,1,1,1,0,0,1,0,1,0,0,1,0,1,1,13.961768
0,1,0,1,1,1,0,0,1,0,1,0,0,1,0,0,1,13.968945
0,1,0,1,1,1,0,0,1,0,1,0,0,1,1,0,0,13.995823
0,1,0,1,1,1,0,0,1,0,1,0,0,1,1,1,0,13.962788
0,1,0,1,1,1,0,0,1,0,1,0,0,1,1,1,1,13.970662
0,1,0,1,1,1,0,0,1,0,1,0,0,1,1,0,1,14.104446
0,1,0,1,1,1,0,0,1,0,1,0,0,0,0,1,0,13.941411
0,1,0,1,1,1,0,0,1,0,1,0,0,0,0,1,1,14.032425
0,1,0,1,1,1,0,0,1,0,1,0,0,0,0,0,1,13.962526
0,1,0,1,1,0,0,1,1,0,1,0,0,0,0,1,0,13.165391
0,1,0,1,1,0,0,1,1,0,1,0,0,0,0,1,1,13.207569
0,1,0,1,1,0,0,1,1,0,1,0,0,0,0,0,1,13.198746
1,0,0,0,1,0,0,1,1,0,1,0,0,0,0,0,0,3.890455
1,1,1,0,1,0,0,1,1,0,1,0,0,0,0,0,0,4.089194
1,1,1,0,1,0,0,1,1,0,1,0,0,1,0,0,0,4.061874
1,1,1,0,1,0,0,1,1,0,1,0,0,1,0,1,0,4.038859
1,1,1,0,1,0,0,1,1,0,1,0,0,1,0,1,1,4.188514
1,1,1,0,1,0,0,1,1,0,1,0,0,1,0,0,1,4.162563
1,1,1,0,1,0,0,1,1,0,1,0,0,1,1,0,0,4.082107
1,1,1,0,1,0,0,1,1,0,1,0,0,1,1,1,0,4.103145
1,1,1,0,1,0,0,1,1,0,1,0,0,1,1,1,1,4.174382
1,1,1,0,1,0,0,1,1,0,1,0,0,1,1,0,1,4.159042
1,1,1,0,1,0,1,0,1,0,1,0,0,0,0,0,0,4.112263
1,1,1,0,1,0,1,0,1,0,1,0,0,1,0,0,0,4.137661
1,1,1,0,1,0,1,0,1,0,1,0,0,1,0,1,0,4.113759
1,1,1,0,1,0,1,0,1,0,1,0,0,1,0,1,1,4.171027
1,1,1,0,1,0,1,0,1,0,1,0,0,1,0,0,1,4.193891
1,1,1,0,1,0,1,0,1,0,1,0,0,1,1,0,0,4.105852
1,1,1,0,1,0,1,0,1,0,1,0,0,1,1,1,0,4.065401
1,1,1,0,1,0,1,0,1,0,1,0,0,1,1,1,1,4.255133
1,1,1,0,1,0,1,0,1,0,1,0,0,1,1,0,1,4.14779
1,1,1,0,1,0,1,0,1,0,1,0,0,0,0,1,0,4.135096
1,1,1,0,1,0,1,0,1,0,1,0,0,0,0,1,1,4.290929
1,1,1,0,1,0,1,0,1,0,1,0,0,0,0,0,1,4.190739
1,1,1,0,1,1,0,0,1,0,1,0,0,0,0,0,0,4.187176
1,1,1,0,1,1,0,0,1,0,1,0,0,1,0,0,0,4.170622
1,1,1,0,1,1,0,0,1,0,1,0,0,1,0,1,0,4.192304
1,1,1,0,1,1,0,0,1,0,1,0,0,1,0,1,1,4.215361
1,1,1,0,1,1,0,0,1,0,1,0,0,1,0,0,1,4.237089
1,1,1,0,1,1,0,0,1,0,1,0,0,1,1,0,0,4.139139
1,1,1,0,1,1,0,0,1,0,1,0,0,1,1,1,0,4.162863
1,1,1,0,1,1,0,0,1,0,1,0,0,1,1,1,1,4.244867
1,1,1,0,1,1,0,0,1,0,1,0,0,1,1,0,1,4.219195
1,1,1,0,1,1,0,0,1,0,1,0,0,0,0,1,0,4.191334
1,1,1,0,1,1,0,0,1,0,1,0,0,0,0,1,1,4.304095
1,1,1,0,1,1,0,0,1,0,1,0,0,0,0,0,1,4.219364
1,1,1,0,1,0,0,1,1,0,1,0,0,0,0,1,0,4.058682
1,1,1,0,1,0,0,1,1,0,1,0,0,0,0,1,1,4.20141
1,1,1,0,1,0,0,1,1,0,1,0,0,0,0,0,1,4.164867
1,1,0,1,1,0,0,1,1,0,1,0,0,0,0,0,0,13.173288
1,1,0,1,1,0,0,1,1,0,1,0,0,1,0,0,0,13.166006
1,1,0,1,1,0,0,1,1,0,1,0,0,1,0,1,0,13.191065
1,1,0,1,1,0,0,1,1,0,1,0,0,1,0,1,1,13.164512
1,1,0,1,1,0,0,1,1,0,1,0,0,1,0,0,1,13.213286
1,1,0,1,1,0,0,1,1,0,1,0,0,1,1,0,0,13.182603
1,1,0,1,1,0,0,1,1,0,1,0,0,1,1,1,0,13.148257
1,1,0,1,1,0,0,1,1,0,1,0,0,1,1,1,1,13.137154
1,1,0,1,1,0,0,1,1,0,1,0,0,1,1,0,1,13.183062
1,1,0,1,1,0,1,0,1,0,1,0,0,0,0,0,0,13.942732
1,1,0,1,1,0,1,0,1,0,1,0,0,1,0,0,0,13.937244
1,1,0,1,1,0,1,0,1,0,1,0,0,1,0,1,0,13.931255
1,1,0,1,1,0,1,0,1,0,1,0,0,1,0,1,1,13.945171
1,1,0,1,1,0,1,0,1,0,1,0,0,1,0,0,1,13.965344
1,1,0,1,1,0,1,0,1,0,1,0,0,1,1,0,0,13.960303
1,1,0,1,1,0,1,0,1,0,1,0,0,1,1,1,0,13.913561
1,1,0,1,1,0,1,0,1,0,1,0,0,1,1,1,1,13.995221
1,1,0,1,1,0,1,0,1,0,1,0,0,1,1,0,1,13.942579
1,1,0,1,1,0,1,0,1,0,1,0,0,0,0,1,0,13.934377
1,1,0,1,1,0,1,0,1,0,1,0,0,0,0,1,1,13.958294
1,1,0,1,1,0,1,0,1,0,1,0,0,0,0,0,1,13.937212
1,1,0,1,1,1,0,0,1,0,1,0,0,0,0,0,0,14.016871
1,1,0,1,1,1,0,0,1,0,1,0,0,1,0,0,0,14.006595
1,1,0,1,1,1,0,0,1,0,1,0,0,1,0,1,0,13.971957
1,1,0,1,1,1,0,0,1,0,1,0,0,1,0,1,1,13.960912
1,1,0,1,1,1,0,0,1,0,1,0,0,1,0,0,1,14.016247
1,1,0,1,1,1,0,0,1,0,1,0,0,1,1,0,0,13.996441
1,1,0,1,1,1,0,0,1,0,1,0,0,1,1,1,0,13.913096
1,1,0,1,1,1,0,0,1,0,1,0,0,1,1,1,1,13.960267
1,1,0,1,1,1,0,0,1,0,1,0,0,1,1,0,1,13.984684
1,1,0,1,1,1,0,0,1,0,1,0,0,0,0,1,0,13.996029
1,1,0,1,1,1,0,0,1,0,1,0,0,0,0,1,1,13.950797
1,1,0,1,1,1,0,0,1,0,1,0,0,0,0,0,1,13.994578
1,1,0,1,1,0,0,1,1,0,1,0,0,0,0,1,0,13.186368
1,1,0,1,1,0,0,1,1,0,1,0,0,0,0,1,1,13.1764
1,1,0,1,1,0,0,1,1,0,1,0,0,0,0,0,1,13.177184
1,0,0,0,1,0,0,1,1,0,1,0,0,1,0,0,0,3.946518
1,0,0,0,1,0,0,1,1,0,1,0,0,1,0,1,0,3.968252
1,0,0,0,1,0,0,1,1,0,1,0,0,1,0,1,1,4.000304
1,0,0,0,1,0,0,1,1,0,1,0,0,1,0,0,1,4.032972
1,0,0,0,1,0,0,1,1,0,1,0,0,1,1,0,0,3.931961
1,0,0,0,1,0,0,1,1,0,1,0,0,1,1,1,0,3.918161
1,0,0,0,1,0,0,1,1,0,1,0,0,1,1,1,1,4.083698
1,0,0,0,1,0,0,1,1,0,1,0,0,1,1,0,1,4.014066
1,0,0,0,1,0,1,0,1,0,1,0,0,0,0,0,0,3.874385
1,0,0,0,1,0,1,0,1,0,1,0,0,1,0,0,0,3.864967
1,0,0,0,1,0,1,0,1,0,1,0,0,1,0,1,0,3.924988
1,0,0,0,1,0,1,0,1,0,1,0,0,1,0,1,1,3.932251
1,0,0,0,1,0,1,0,1,0,1,0,0,1,0,0,1,3.953614
1,0,0,0,1,0,1,0,1,0,1,0,0,1,1,0,0,3.91742
1,0,0,0,1,0,1,0,1,0,1,0,0,1,1,1,0,3.951702
1,0,0,0,1,0,1,0,1,0,1,0,0,1,1,1,1,3.928464
1,0,0,0,1,0,1,0,1,0,1,0,0,1,1,0,1,3.897353
1,0,0,0,1,0,1,0,1,0,1,0,0,0,0,1,0,3.869861
1,0,0,0,1,0,1,0,1,0,1,0,0,0,0,1,1,3.997679
1,0,0,0,1,0,1,0,1,0,1,0,0,0,0,0,1,3.974553
1,0,0,0,1,1,0,0,1,0,1,0,0,0,0,0,0,3.846988
1,0,0,0,1,1,0,0,1,0,1,0,0,1,0,0,0,3.878118
1,0,0,0,1,1,0,0,1,0,1,0,0,1,0,1,0,3.919176
1,0,0,0,1,1,0,0,1,0,1,0,0,1,0,1,1,4.045241
1,0,0,0,1,1,0,0,1,0,1,0,0,1,0,0,1,4.015538
1,0,0,0,1,1,0,0,1,0,1,0,0,1,1,0,0,3.919342
1,0,0,0,1,1,0,0,1,0,1,0,0,1,1,1,0,3.907503
1,0,0,0,1,1,0,0,1,0,1,0,0,1,1,1,1,4.029142
1,0,0,0,1,1,0,0,1,0,1,0,0,1,1,0,1,4.031176
1,0,0,0,1,1,0,0,1,0,1,0,0,0,0,1,0,3.884823
1,0,0,0,1,1,0,0,1,0,1,0,0,0,0,1,1,4.0185
1,0,0,0,1,1,0,0,1,0,1,0,0,0,0,0,1,4.064423
1,0,0,0,1,0,0,1,1,0,1,0,0,0,0,1,0,3.966879
1,0,0,0,1,0,0,1,1,0,1,0,0,0,0,1,1,4.0782
1,0,0,0,1,0,0,1,1,0,1,0,0,0,0,0,1,4.041634
0,0,0,0,1,0,0,1,1,0,1,0,0,1,0,0,0,4.065047
0,0,0,0,1,0,0,1,1,0,1,0,0,1,0,1,0,4.014
0,0,0,0,1,0,0,1,1,0,1,0,0,1,0,1,1,3.933153
0,0,0,0,1,0,0,1,1,0,1,0,0,1,0,0,1,4.039179
0,0,0,0,1,0,0,1,1,0,1,0,0,1,1,0,0,4.02719
0,0,0,0,1,0,0,1,1,0,1,0,0,1,1,1,0,3.851875
0,0,0,0,1,0,0,1,1,0,1,0,0,1,1,1,1,4.031992
0,0,0,0,1,0,0,1,1,0,1,0,0,1,1,0,1,4.042205
0,0,0,0,1,0,1,0,1,0,1,0,0,0,0,0,0,3.829974
0,0,0,0,1,0,1,0,1,0,1,0,0,1,0,0,0,3.871296
0,0,0,0,1,0,1,0,1,0,1,0,0,1,0,1,0,3.880834
0,0,0,0,1,0,1,0,1,0,1,0,0,1,0,1,1,4.001052
0,0,0,0,1,0,1,0,1,0,1,0,0,1,0,0,1,3.979328
0,0,0,0,1,0,1,0,1,0,1,0,0,1,1,0,0,2.075708
0,0,0,0,1,0,1,0,1,0,1,0,0,1,1,1,0,3.903213
0,0,0,0,1,0,1,0,1,0,1,0,0,1,1,1,1,4.00436
0,0,0,0,1,0,1,0,1,0,1,0,0,1,1,0,1,4.019269
0,0,0,0,1,0,1,0,1,0,1,0,0,0,0,1,0,3.884708
0,0,0,0,1,0,1,0,1,0,1,0,0,0,0,1,1,3.969261
0,0,0,0,1,0,1,0,1,0,1,0,0,0,0,0,1,3.961541
0,0,0,0,1,1,0,0,1,0,1,0,0,0,0,0,0,3.909824
0,0,0,0,1,1,0,0,1,0,1,0,0,1,0,0,0,3.923049
0,0,0,0,1,1,0,0,1,0,1,0,0,1,0,1,0,3.898661
0,0,0,0,1,1,0,0,1,0,1,0,0,1,0,1,1,3.940293
0,0,0,0,1,1,0,0,1,0,1,0,0,1,0,0,1,4.008753
0,0,0,0,1,1,0,0,1,0,1,0,0,1,1,0,0,3.850551
0,0,0,0,1,1,0,0,1,0,1,0,0,1,1,1,0,3.901597
0,0,0,0,1,1,0,0,1,0,1,0,0,1,1,1,1,4.000959
0,0,0,0,1,1,0,0,1,0,1,0,0,1,1,0,1,3.996766
0,0,0,0,1,1,0,0,1,0,1,0,0,0,0,1,0,3.881042
0,0,0,0,1,1,0,0,1,0,1,0,0,0,0,1,1,4.020444
0,0,0,0,1,1,0,0,1,0,1,0,0,0,0,0,1,3.974357
0,0,0,0,1,0,0,1,1,0,1,0,0,0,0,1,0,4.0782
0,0,0,0,1,0,0,1,1,0,1,0,0,0,0,1,1,3.990099
0,0,0,0,1,0,0,1,1,0,1,0,0,0,0,0,1,4.020133
1,0,0,0,1,0,0,1,1,1,0,0,0,0,0,0,0,2.106908
1,1,1,0,1,0,0,1,1,1,0,0,0,0,0,0,0,2.058384
1,1,1,0,1,0,0,1,1,1,0,0,0,1,0,0,0,2.023437
1,1,1,0,1,0,0,1,1,1,0,0,0,1,0,1,0,2.031146
1,1,1,0,1,0,0,1,1,1,0,0,0,1,0,1,1,2.22984
1,1,1,0,1,0,0,1,1,1,0,0,0,1,0,0,1,2.264763
1,1,1,0,1,0,0,1,1,1,0,0,0,1,1,0,0,2.103525
1,1,1,0,1,0,0,1,1,1,0,0,0,1,1,1,0,2.061334
1,1,1,0,1,0,0,1,1,1,0,0,0,1,1,1,1,2.228412
1,1,1,0,1,0,0,1,1,1,0,0,0,1,1,0,1,2.232714
1,1,1,0,1,0,1,0,1,1,0,0,0,0,0,0,0,2.107176
1,1,1,0,1,0,1,0,1,1,0,0,0,1,0,0,0,2.101795
1,1,1,0,1,0,1,0,1,1,0,0,0,1,0,1,0,2.100088
1,1,1,0,1,0,1,0,1,1,0,0,0,1,0,1,1,2.304596
1,1,1,0,1,0,1,0,1,1,0,0,0,1,0,0,1,2.335031
1,1,1,0,1,0,1,0,1,1,0,0,0,1,1,0,0,2.074174
1,1,1,0,1,0,1,0,1,1,0,0,0,1,1,1,0,2.082972
1,1,1,0,1,0,1,0,1,1,0,0,0,1,1,1,1,2.30487
1,1,1,0,1,0,1,0,1,1,0,0,0,1,1,0,1,2.295297
1,1,1,0,1,0,1,0,1,1,0,0,0,0,0,1,0,2.080974
1,1,1,0,1,0,1,0,1,1,0,0,0,0,0,1,1,2.281731
1,1,1,0,1,0,1,0,1,1,0,0,0,0,0,0,1,2.299461
1,1,1,0,1,1,0,0,1,1,0,0,0,0,0,0,0,2.167333
1,1,1,0,1,1,0,0,1,1,0,0,0,1,0,0,0,2.139302
1,1,1,0,1,1,0,0,1,1,0,0,0,1,0,1,0,2.114128
1,1,1,0,1,1,0,0,1,1,0,0,0,1,0,1,1,2.345014
1,1,1,0,1,1,0,0,1,1,0,0,0,1,0,0,1,2.351567
1,1,1,0,1,1,0,0,1,1,0,0,0,1,1,0,0,2.103831
1,1,1,0,1,1,0,0,1,1,0,0,0,1,1,1,0,2.109638
1,1,1,0,1,1,0,0,1,1,0,0,0,1,1,1,1,2.334589
1,1,1,0,1,1,0,0,1,1,0,0,0,1,1,0,1,2.364938
1,1,1,0,1,1,0,0,1,1,0,0,0,0,0,1,0,2.206908
1,1,1,0,1,1,0,0,1,1,0,0,0,0,0,1,1,2.400554
1,1,1,0,1,1,0,0,1,1,0,0,0,0,0,0,1,2.419116
1,1,1,0,1,0,0,1,1,1,0,0,0,0,0,1,0,2.061305
1,1,1,0,1,0,0,1,1,1,0,0,0,0,0,1,1,2.260826
1,1,1,0,1,0,0,1,1,1,0,0,0,0,0,0,1,2.245246
1,1,0,1,1,0,0,1,1,1,0,0,0,0,0,0,0,7.121601
1,1,0,1,1,0,0,1,1,1,0,0,0,1,0,0,0,7.151708
1,1,0,1,1,0,0,1,1,1,0,0,0,1,0,1,0,7.129162
1,1,0,1,1,0,0,1,1,1,0,0,0,1,0,1,1,7.616173
1,1,0,1,1,0,0,1,1,1,0,0,0,1,0,0,1,7.239418
1,1,0,1,1,0,0,1,1,1,0,0,0,1,1,0,0,7.194708
1,1,0,1,1,0,0,1,1,1,0,0,0,1,1,1,0,7.151338
1,1,0,1,1,0,0,1,1,1,0,0,0,1,1,1,1,7.253472
1,1,0,1,1,0,0,1,1,1,0,0,0,1,1,0,1,7.230996
1,1,0,1,1,0,1,0,1,1,0,0,0,0,0,0,0,7.219768
1,1,0,1,1,0,1,0,1,1,0,0,0,1,0,0,0,7.212684
1,1,0,1,1,0,1,0,1,1,0,0,0,1,0,1,0,7.206119
1,1,0,1,1,0,1,0,1,1,0,0,0,1,0,1,1,7.315888
1,1,0,1,1,0,1,0,1,1,0,0,0,1,0,0,1,7.311464
1,1,0,1,1,0,1,0,1,1,0,0,0,1,1,0,0,7.199478
1,1,0,1,1,0,1,0,1,1,0,0,0,1,1,1,0,7.186363
1,1,0,1,1,0,1,0,1,1,0,0,0,1,1,1,1,7.318692
1,1,0,1,1,0,1,0,1,1,0,0,0,1,1,0,1,7.298561
1,1,0,1,1,0,1,0,1,1,0,0,0,0,0,1,0,7.205007
1,1,0,1,1,0,1,0,1,1,0,0,0,0,0,1,1,7.304605
1,1,0,1,1,0,1,0,1,1,0,0,0,0,0,0,1,7.300545
1,1,0,1,1,1,0,0,1,1,0,0,0,0,0,0,0,7.560482
1,1,0,1,1,1,0,0,1,1,0,0,0,1,0,0,0,7.188284
1,1,0,1,1,1,0,0,1,1,0,0,0,1,0,1,0,7.204627
1,1,0,1,1,1,0,0,1,1,0,0,0,1,0,1,1,7.286417
1,1,0,1,1,1,0,0,1,1,0,0,0,1,0,0,1,7.335048
1,1,0,1,1,1,0,0,1,1,0,0,0,1,1,0,0,7.229016
1,1,0,1,1,1,0,0,1,1,0,0,0,1,1,1,0,7.230728
1,1,0,1,1,1,0,0,1,1,0,0,0,1,1,1,1,7.33595
1,1,0,1,1,1,0,0,1,1,0,0,0,1,1,0,1,7.316092
1,1,0,1,1,1,0,0,1,1,0,0,0,0,0,1,0,7.215845
1,1,0,1,1,1,0,0,1,1,0,0,0,0,0,1,1,7.312773
1,1,0,1,1,1,0,0,1,1,0,0,0,0,0,0,1,7.323302
1,1,0,1,1,0,0,1,1,1,0,0,0,0,0,1,0,7.144432
1,1,0,1,1,0,0,1,1,1,0,0,0,0,0,1,1,7.277108
1,1,0,1,1,0,0,1,1,1,0,0,0,0,0,0,1,7.298178
1,0,0,0,1,0,0,1,1,1,0,0,0,1,0,0,0,2.084727
1,0,0,0,1,0,0,1,1,1,0,0,0,1,0,1,0,2.113372
1,0,0,0,1,0,0,1,1,1,0,0,0,1,0,1,1,2.281954
1,0,0,0,1,0,0,1,1,1,0,0,0,1,0,0,1,2.319619
1,0,0,0,1,0,0,1,1,1,0,0,0,1,1,0,0,2.105847
1,0,0,0,1,0,0,1,1,1,0,0,0,1,1,1,0,2.112271
1,0,0,0,1,0,0,1,1,1,0,0,0,1,1,1,1,2.304461
1,0,0,0,1,0,0,1,1,1,0,0,0,1,1,0,1,2.299764
1,0,0,0,1,0,1,0,1,1,0,0,0,0,0,0,0,2.160142
1,0,0,0,1,0,1,0,1,1,0,0,0,1,0,0,0,2.135877
1,0,0,0,1,0,1,0,1,1,0,0,0,1,0,1,0,2.185666
1,0,0,0,1,0,1,0,1,1,0,0,0,1,0,1,1,2.341259
1,0,0,0,1,0,1,0,1,1,0,0,0,1,0,0,1,2.38368
1,0,0,0,1,0,1,0,1,1,0,0,0,1,1,0,0,2.154056
1,0,0,0,1,0,1,0,1,1,0,0,0,1,1,1,0,2.103399
1,0,0,0,1,0,1,0,1,1,0,0,0,1,1,1,1,2.376177
1,0,0,0,1,0,1,0,1,1,0,0,0,1,1,0,1,2.413799
1,0,0,0,1,0,1,0,1,1,0,0,0,0,0,1,0,2.124243
1,0,0,0,1,0,1,0,1,1,0,0,0,0,0,1,1,2.380805
1,0,0,0,1,0,1,0,1,1,0,0,0,0,0,0,1,2.108975
1,0,0,0,1,1,0,0,1,1,0,0,0,0,0,0,0,2.229293
1,0,0,0,1,1,0,0,1,1,0,0,0,1,0,0,0,2.193952
1,0,0,0,1,1,0,0,1,1,0,0,0,1,0,1,0,2.174618
1,0,0,0,1,1,0,0,1,1,0,0,0,1,0,1,1,2.380474
1,0,0,0,1,1,0,0,1,1,0,0,0,1,0,0,1,2.437369
1,0,0,0,1,1,0,0,1,1,0,0,0,1,1,0,0,2.134849
1,0,0,0,1,1,0,0,1,1,0,0,0,1,1,1,0,2.030037
1,0,0,0,1,1,0,0,1,1,0,0,0,1,1,1,1,2.380832
1,0,0,0,1,1,0,0,1,1,0,0,0,1,1,0,1,2.406912
1,0,0,0,1,1,0,0,1,1,0,0,0,0,0,1,0,2.208992
1,0,0,0,1,1,0,0,1,1,0,0,0,0,0,1,1,2.423412
1,0,0,0,1,1,0,0,1,1,0,0,0,0,0,0,1,2.3904
1,0,0,0,1,0,0,1,1,1,0,0,0,0,0,1,0,2.092932
1,0,0,0,1,0,0,1,1,1,0,0,0,0,0,1,1,2.27577
1,0,0,0,1,0,0,1,1,1,0,0,0,0,0,0,1,2.321383
0,0,0,0,1,0,0,1,1,0,1,0,1,0,0,0,0,3.973856
0,1,1,0,1,0,0,1,1,0,1,0,1,0,0,0,0,4.071188
0,1,1,0,1,0,0,1,1,0,1,0,1,1,0,0,0,4.090771
0,1,1,0,1,0,0,1,1,0,1,0,1,1,0,1,0,4.0317
0,1,1,0,1,0,0,1,1,0,1,0,1,1,0,1,1,4.208655
0,1,1,0,1,0,0,1,1,0,1,0,1,1,0,0,1,4.19799
0,1,1,0,1,0,0,1,1,0,1,0,1,1,1,0,0,4.049042
0,1,1,0,1,0,0,1,1,0,1,0,1,1,1,1,0,4.049157
0,1,1,0,1,0,0,1,1,0,1,0,1,1,1,1,1,4.228071
0,1,1,0,1,0,0,1,1,0,1,0,1,1,1,0,1,4.224634
0,1,1,0,1,0,1,0,1,0,1,0,1,0,0,0,0,4.140014
0,1,1,0,1,0,1,0,1,0,1,0,1,1,0,0,0,4.094202
0,1,1,0,1,0,1,0,1,0,1,0,1,1,0,1,0,4.088698
0,1,1,0,1,0,1,0,1,0,1,0,1,1,0,1,1,4.226376
0,1,1,0,1,0,1,0,1,0,1,0,1,1,0,0,1,4.267679
0,1,1,0,1,0,1,0,1,0,1,0,1,1,1,0,0,4.071983
0,1,1,0,1,0,1,0,1,0,1,0,1,1,1,1,0,4.088263
0,1,1,0,1,0,1,0,1,0,1,0,1,1,1,1,1,4.189106
0,1,1,0,1,0,1,0,1,0,1,0,1,1,1,0,1,4.311451
0,1,1,0,1,0,1,0,1,0,1,0,1,0,0,1,0,4.118199
0,1,1,0,1,0,1,0,1,0,1,0,1,0,0,1,1,4.215967
0,1,1,0,1,0,1,0,1,0,1,0,1,0,0,0,1,4.24731
0,1,1,0,1,1,0,0,1,0,1,0,1,0,0,0,0,4.125338
0,1,1,0,1,1,0,0,1,0,1,0,1,1,0,0,0,4.112901
0,1,1,0,1,1,0,0,1,0,1,0,1,1,0,1,0,4.135134
0,1,1,0,1,1,0,0,1,0,1,0,1,1,0,1,1,4.249313
0,1,1,0,1,1,0,0,1,0,1,0,1,1,0,0,1,4.249354
0,1,1,0,1,1,0,0,1,0,1,0,1,1,1,0,0,4.117673
0,1,1,0,1,1,0,0,1,0,1,0,1,1,1,1,0,4.170958
0,1,1,0,1,1,0,0,1,0,1,0,1,1,1,1,1,4.250974
0,1,1,0,1,1,0,0,1,0,1,0,1,1,1,0,1,4.252668
0,1,1,0,1,1,0,0,1,0,1,0,1,0,0,1,0,4.106524
0,1,1,0,1,1,0,0,1,0,1,0,1,0,0,1,1,4.252263
0,1,1,0,1,1,0,0,1,0,1,0,1,0,0,0,1,4.269373
0,1,1,0,1,0,0,1,1,0,1,0,1,0,0,1,0,4.059323
0,1,1,0,1,0,0,1,1,0,1,0,1,0,0,1,1,4.234221
0,1,1,0,1,0,0,1,1,0,1,0,1,0,0,0,1,4.272219
0,1,0,1,1,0,0,1,1,0,1,0,1,0,0,0,0,13.143403
0,1,0,1,1,0,0,1,1,0,1,0,1,1,0,0,0,13.161552
0,1,0,1,1,0,0,1,1,0,1,0,1,1,0,1,0,13.16774
0,1,0,1,1,0,0,1,1,0,1,0,1,1,0,1,1,13.220697
0,1,0,1,1,0,0,1,1,0,1,0,1,1,0,0,1,13.204914
0,1,0,1,1,0,0,1,1,0,1,0,1,1,1,0,0,13.201358
0,1,0,1,1,0,0,1,1,0,1,0,1,1,1,1,0,13.172787
0,1,0,1,1,0,0,1,1,0,1,0,1,1,1,1,1,13.201622
0,1,0,1,1,0,0,1,1,0,1,0,1,1,1,0,1,13.207547
0,1,0,1,1,0,1,0,1,0,1,0,1,0,0,0,0,13.923523
0,1,0,1,1,0,1,0,1,0,1,0,1,1,0,0,0,13.986011
0,1,0,1,1,0,1,0,1,0,1,0,1,1,0,1,0,13.950011
0,1,0,1,1,0,1,0,1,0,1,0,1,1,0,1,1,13.958738
0,1,0,1,1,0,1,0,1,0,1,0,1,1,0,0,1,13.957292
0,1,0,1,1,0,1,0,1,0,1,0,1,1,1,0,0,13.892237
0,1,0,1,1,0,1,0,1,0,1,0,1,1,1,1,0,13.969125
0,1,0,1,1,0,1,0,1,0,1,0,1,1,1,1,1,13.969608
0,1,0,1,1,0,1,0,1,0,1,0,1,1,1,0,1,13.96135
0,1,0,1,1,0,1,0,1,0,1,0,1,0,0,1,0,13.932997
0,1,0,1,1,0,1,0,1,0,1,0,1,0,0,1,1,2.052439
0,1,0,1,1,0,1,0,1,0,1,0,1,0,0,0,1,13.970841
0,1,0,1,1,1,0,0,1,0,1,0,1,0,0,0,0,13.970749
0,1,0,1,1,1,0,0,1,0,1,0,1,1,0,0,0,13.97497
0,1,0,1,1,1,0,0,1,0,1,0,1,1,0,1,0,13.982906
0,1,0,1,1,1,0,0,1,0,1,0,1,1,0,1,1,14.027571
0,1,0,1,1,1,0,0,1,0,1,0,1,1,0,0,1,14.019641
0,1,0,1,1,1,0,0,1,0,1,0,1,1,1,0,0,13.974326
0,1,0,1,1,1,0,0,1,0,1,0,1,1,1,1,0,13.988762
0,1,0,1,1,1,0,0,1,0,1,0,1,1,1,1,1,13.974782
0,1,0,1,1,1,0,0,1,0,1,0,1,1,1,0,1,14.016689
0,1,0,1,1,1,0,0,1,0,1,0,1,0,0,1,0,13.962939
0,1,0,1,1,1,0,0,1,0,1,0,1,0,0,1,1,14.012126
0,1,0,1,1,1,0,0,1,0,1,0,1,0,0,0,1,13.994087
0,1,0,1,1,0,0,1,1,0,1,0,1,0,0,1,0,13.148737
0,1,0,1,1,0,0,1,1,0,1,0,1,0,0,1,1,13.21464
0,1,0,1,1,0,0,1,1,0,1,0,1,0,0,0,1,13.222936
1,0,0,0,1,0,0,1,1,0,1,0,1,0,0,0,0,3.966694
1,1,1,0,1,0,0,1,1,0,1,0,1,0,0,0,0,4.055937
1,1,1,0,1,0,0,1,1,0,1,0,1,1,0,0,0,4.04194
1,1,1,0,1,0,0,1,1,0,1,0,1,1,0,1,0,4.054768
1,1,1,0,1,0,0,1,1,0,1,0,1,1,0,1,1,4.214022
1,1,1,0,1,0,0,1,1,0,1,0,1,1,0,0,1,4.151269
1,1,1,0,1,0,0,1,1,0,1,0,1,1,1,0,0,4.065093
1,1,1,0,1,0,0,1,1,0,1,0,1,1,1,1,0,4.083429
1,1,1,0,1,0,0,1,1,0,1,0,1,1,1,1,1,4.173446
1,1,1,0,1,0,0,1,1,0,1,0,1,1,1,0,1,4.181611
1,1,1,0,1,0,1,0,1,0,1,0,1,0,0,0,0,4.101756
1,1,1,0,1,0,1,0,1,0,1,0,1,1,0,0,0,4.14039
1,1,1,0,1,0,1,0,1,0,1,0,1,1,0,1,0,4.106085
1,1,1,0,1,0,1,0,1,0,1,0,1,1,0,1,1,4.219664
1,1,1,0,1,0,1,0,1,0,1,0,1,1,0,0,1,4.18215
1,1,1,0,1,0,1,0,1,0,1,0,1,1,1,0,0,4.149846
1,1,1,0,1,0,1,0,1,0,1,0,1,1,1,1,0,4.060712
1,1,1,0,1,0,1,0,1,0,1,0,1,1,1,1,1,4.210479
1,1,1,0,1,0,1,0,1,0,1,0,1,1,1,0,1,4.155216
1,1,1,0,1,0,1,0,1,0,1,0,1,0,0,1,0,4.145709
1,1,1,0,1,0,1,0,1,0,1,0,1,0,0,1,1,4.177013
1,1,1,0,1,0,1,0,1,0,1,0,1,0,0,0,1,4.149742
1,1,1,0,1,1,0,0,1,0,1,0,1,0,0,0,0,2.071943
1,1,1,0,1,1,0,0,1,0,1,0,1,1,0,0,0,4.19567
1,1,1,0,1,1,0,0,1,0,1,0,1,1,0,1,0,4.177931
1,1,1,0,1,1,0,0,1,0,1,0,1,1,0,1,1,2.061399
1,1,1,0,1,1,0,0,1,0,1,0,1,1,0,0,1,4.204279
1,1,1,0,1,1,0,0,1,0,1,0,1,1,1,0,0,4.132375
1,1,1,0,1,1,0,0,1,0,1,0,1,1,1,1,0,4.119331
1,1,1,0,1,1,0,0,1,0,1,0,1,1,1,1,1,4.238578
1,1,1,0,1,1,0,0,1,0,1,0,1,1,1,0,1,4.221977
1,1,1,0,1,1,0,0,1,0,1,0,1,0,0,1,0,4.175325
1,1,1,0,1,1,0,0,1,0,1,0,1,0,0,1,1,4.251171
1,1,1,0,1,1,0,0,1,0,1,0,1,0,0,0,1,4.198001
1,1,1,0,1,0,0,1,1,0,1,0,1,0,0,1,0,4.068572
1,1,1,0,1,0,0,1,1,0,1,0,1,0,0,1,1,4.247207
1,1,1,0,1,0,0,1,1,0,1,0,1,0,0,0,1,4.160516
1,1,0,1,1,0,0,1,1,0,1,0,1,0,0,0,0,13.141784
1,1,0,1,1,0,0,1,1,0,1,0,1,1,0,0,0,13.123501
1,1,0,1,1,0,0,1,1,0,1,0,1,1,0,1,0,13.111532
1,1,0,1,1,0,0,1,1,0,1,0,1,1,0,1,1,13.141302
1,1,0,1,1,0,0,1,1,0,1,0,1,1,0,0,1,13.192717
1,1,0,1,1,0,0,1,1,0,1,0,1,1,1,0,0,13.18674
1,1,0,1,1,0,0,1,1,0,1,0,1,1,1,1,0,13.162532
1,1,0,1,1,0,0,1,1,0,1,0,1,1,1,1,1,13.189075
1,1,0,1,1,0,0,1,1,0,1,0,1,1,1,0,1,13.144742
1,1,0,1,1,0,1,0,1,0,1,0,1,0,0,0,0,13.920185
1,1,0,1,1,0,1,0,1,0,1,0,1,1,0,0,0,13.931249
1,1,0,1,1,0,1,0,1,0,1,0,1,1,0,1,0,13.980546
1,1,0,1,1,0,1,0,1,0,1,0,1,1,0,1,1,14.00768
1,1,0,1,1,0,1,0,1,0,1,0,1,1,0,0,1,13.981813
1,1,0,1,1,0,1,0,1,0,1,0,1,1,1,0,0,13.907318
1,1,0,1,1,0,1,0,1,0,1,0,1,1,1,1,0,14.015466
1,1,0,1,1,0,1,0,1,0,1,0,1,1,1,1,1,13.971351
1,1,0,1,1,0,1,0,1,0,1,0,1,1,1,0,1,13.996756
1,1,0,1,1,0,1,0,1,0,1,0,1,0,0,1,0,13.987414
1,1,0,1,1,0,1,0,1,0,1,0,1,0,0,1,1,13.986071
1,1,0,1,1,0,1,0,1,0,1,0,1,0,0,0,1,13.964826
1,1,0,1,1,1,0,0,1,0,1,0,1,0,0,0,0,13.970185
1,1,0,1,1,1,0,0,1,0,1,0,1,1,0,0,0,13.983604
1,1,0,1,1,1,0,0,1,0,1,0,1,1,0,1,0,13.974115
1,1,0,1,1,1,0,0,1,0,1,0,1,1,0,1,1,13.980172
1,1,0,1,1,1,0,0,1,0,1,0,1,1,0,0,1,13.968622
1,1,0,1,1,1,0,0,1,0,1,0,1,1,1,0,0,13.919469
1,1,0,1,1,1,0,0,1,0,1,0,1,1,1,1,0,13.979434
1,1,0,1,1,1,0,0,1,0,1,0,1,1,1,1,1,13.987743
1,1,0,1,1,1,0,0,1,0,1,0,1,1,1,0,1,13.957102
1,1,0,1,1,1,0,0,1,0,1,0,1,0,0,1,0,13.978298
1,1,0,1,1,1,0,0,1,0,1,0,1,0,0,1,1,13.968401
1,1,0,1,1,1,0,0,1,0,1,0,1,0,0,0,1,14.020079
1,1,0,1,1,0,0,1,1,0,1,0,1,0,0,1,0,13.08032
1,1,0,1,1,0,0,1,1,0,1,0,1,0,0,1,1,13.206459
1,1,0,1,1,0,0,1,1,0,1,0,1,0,0,0,1,13.184784
1,0,0,0,1,0,0,1,1,0,1,0,1,1,0,0,0,3.962385
1,0,0,0,1,0,0,1,1,0,1,0,1,1,0,1,0,3.943525
1,0,0,0,1,0,0,1,1,0,1,0,1,1,0,1,1,4.064776
1,0,0,0,1,0,0,1,1,0,1,0,1,1,0,0,1,4.051627
1,0,0,0,1,0,0,1,1,0,1,0,1,1,1,0,0,3.92532
1,0,0,0,1,0,0,1,1,0,1,0,1,1,1,1,0,3.868127
1,0,0,0,1,0,0,1,1,0,1,0,1,1,1,1,1,4.037414
1,0,0,0,1,0,0,1,1,0,1,0,1,1,1,0,1,4.052124
1,0,0,0,1,0,1,0,1,0,1,0,1,0,0,0,0,3.848533
1,0,0,0,1,0,1,0,1,0,1,0,1,1,0,0,0,3.865645
1,0,0,0,1,0,1,0,1,0,1,0,1,1,0,1,0,3.887476
1,0,0,0,1,0,1,0,1,0,1,0,1,1,0,1,1,3.984555
1,0,0,0,1,0,1,0,1,0,1,0,1,1,0,0,1,3.924692
1,0,0,0,1,0,1,0,1,0,1,0,1,1,1,0,0,3.831103
1,0,0,0,1,0,1,0,1,0,1,0,1,1,1,1,0,3.820234
1,0,0,0,1,0,1,0,1,0,1,0,1,1,1,1,1,3.998465
1,0,0,0,1,0,1,0,1,0,1,0,1,1,1,0,1,3.938228
1,0,0,0,1,0,1,0,1,0,1,0,1,0,0,1,0,3.878697
1,0,0,0,1,0,1,0,1,0,1,0,1,0,0,1,1,3.96916
1,0,0,0,1,0,1,0,1,0,1,0,1,0,0,0,1,3.928155
1,0,0,0,1,1,0,0,1,0,1,0,1,0,0,0,0,3.895303
1,0,0,0,1,1,0,0,1,0,1,0,1,1,0,0,0,3.850478
1,0,0,0,1,1,0,0,1,0,1,0,1,1,0,1,0,3.861952
1,0,0,0,1,1,0,0,1,0,1,0,1,1,0,1,1,4.036466
1,0,0,0,1,1,0,0,1,0,1,0,1,1,0,0,1,4.002606
1,0,0,0,1,1,0,0,1,0,1,0,1,1,1,0,0,2.023093
1,0,0,0,1,1,0,0,1,0,1,0,1,1,1,1,0,3.898102
1,0,0,0,1,1,0,0,1,0,1,0,1,1,1,1,1,4.008093
1,0,0,0,1,1,0,0,1,0,1,0,1,1,1,0,1,4.485699
1,0,0,0,1,1,0,0,1,0,1,0,1,0,0,1,0,3.902071
1,0,0,0,1,1,0,0,1,0,1,0,1,0,0,1,1,3.998944
1,0,0,0,1,1,0,0,1,0,1,0,1,0,0,0,1,4.00346
1,0,0,0,1,0,0,1,1,0,1,0,1,0,0,1,0,3.933147
1,0,0,0,1,0,0,1,1,0,1,0,1,0,0,1,1,4.008521
1,0,0,0,1,0,0,1,1,0,1,0,1,0,0,0,1,4.057836
0,0,0,0,1,0,0,1,1,0,1,0,1,1,0,0,0,3.934413
0,0,0,0,1,0,0,1,1,0,1,0,1,1,0,1,0,3.899672
0,0,0,0,1,0,0,1,1,0,1,0,1,1,0,1,1,4.04616
0,0,0,0,1,0,0,1,1,0,1,0,1,1,0,0,1,4.022923
0,0,0,0,1,0,0,1,1,0,1,0,1,1,1,0,0,3.918079
0,0,0,0,1,0,0,1,1,0,1,0,1,1,1,1,0,3.922531
0,0,0,0,1,0,0,1,1,0,1,0,1,1,1,1,1,4.033937
0,0,0,0,1,0,0,1,1,0,1,0,1,1,1,0,1,4.067384
0,0,0,0,1,0,1,0,1,0,1,0,1,0,0,0,0,3.837214
0,0,0,0,1,0,1,0,1,0,1,0,1,1,0,0,0,3.85414
0,0,0,0,1,0,1,0,1,0,1,0,1,1,0,1,0,3.896623
0,0,0,0,1,0,1,0,1,0,1,0,1,1,0,1,1,3.991392
0,0,0,0,1,0,1,0,1,0,1,0,1,1,0,0,1,4.042138
0,0,0,0,1,0,1,0,1,0,1,0,1,1,1,0,0,3.826896
0,0,0,0,1,0,1,0,1,0,1,0,1,1,1,1,0,3.878544
0,0,0,0,1,0,1,0,1,0,1,0,1,1,1,1,1,3.95658
0,0,0,0,1,0,1,0,1,0,1,0,1,1,1,0,1,3.954394
0,0,0,0,1,0,1,0,1,0,1,0,1,0,0,1,0,3.929085
0,0,0,0,1,0,1,0,1,0,1,0,1,0,0,1,1,3.988609
0,0,0,0,1,0,1,0,1,0,1,0,1,0,0,0,1,3.960093
0,0,0,0,1,1,0,0,1,0,1,0,1,0,0,0,0,3.875076
0,0,0,0,1,1,0,0,1,0,1,0,1,1,0,0,0,3.824994
0,0,0,0,1,1,0,0,1,0,1,0,1,1,0,1,0,3.839363
0,0,0,0,1,1,0,0,1,0,1,0,1,1,0,1,1,3.93509
0,0,0,0,1,1,0,0,1,0,1,0,1,1,0,0,1,3.964319
0,0,0,0,1,1,0,0,1,0,1,0,1,1,1,0,0,3.890958
0,0,0,0,1,1,0,0,1,0,1,0,1,1,1,1,0,3.901813
0,0,0,0,1,1,0,0,1,0,1,0,1,1,1,1,1,4.008626
0,0,0,0,1,1,0,0,1,0,1,0,1,1,1,0,1,4.024053
0,0,0,0,1,1,0,0,1,0,1,0,1,0,0,1,0,3.89042
0,0,0,0,1,1,0,0,1,0,1,0,1,0,0,1,1,3.966219
0,0,0,0,1,1,0,0,1,0,1,0,1,0,0,0,1,4.00761
0,0,0,0,1,0,0,1,1,0,1,0,1,0,0,1,0,3.939687
0,0,0,0,1,0,0,1,1,0,1,0,1,0,0,1,1,4.062682
0,0,0,0,1,0,0,1,1,0,1,0,1,0,0,0,1,4.029568
0,0,0,0,1,0,0,1,1,1,0,0,0,1,0,0,0,2.011727
0,0,0,0,1,0,0,1,1,1,0,0,0,1,0,1,0,2.03927
0,0,0,0,1,0,0,1,1,1,0,0,0,1,0,1,1,2.164988
0,0,0,0,1,0,0,1,1,1,0,0,0,1,0,0,1,2.146287
0,0,0,0,1,0,0,1,1,1,0,0,0,1,1,0,0,2.069627
0,0,0,0,1,0,0,1,1,1,0,0,0,1,1,1,0,2.148153
0,0,0,0,1,0,0,1,1,1,0,0,0,1,1,1,1,2.17628
0,0,0,0,1,0,0,1,1,1,0,0,0,1,1,0,1,2.125348
0,0,0,0,1,0,1,0,1,1,0,0,0,0,0,0,0,2.082791
0,0,0,0,1,0,1,0,1,1,0,0,0,1,0,0,0,2.078632
0,0,0,0,1,0,1,0,1,1,0,0,0,1,0,1,0,2.085867
0,0,0,0,1,0,1,0,1,1,0,0,0,1,0,1,1,2.211667
0,0,0,0,1,0,1,0,1,1,0,0,0,1,0,0,1,2.210882
0,0,0,0,1,0,1,0,1,1,0,0,0,1,1,0,0,2.109234
0,0,0,0,1,0,1,0,1,1,0,0,0,1,1,1,0,2.053942
0,0,0,0,1,0,1,0,1,1,0,0,0,1,1,1,1,2.235403
0,0,0,0,1,0,1,0,1,1,0,0,0,1,1,0,1,2.249933
0,0,0,0,1,0,1,0,1,1,0,0,0,0,0,1,0,2.108306
0,0,0,0,1,0,1,0,1,1,0,0,0,0,0,1,1,2.194512
0,0,0,0,1,0,1,0,1,1,0,0,0,0,0,0,1,2.213595
0,0,0,0,1,1,0,0,1,1,0,0,0,0,0,0,0,2.13228
0,0,0,0,1,1,0,0,1,1,0,0,0,1,0,0,0,2.112485
0,0,0,0,1,1,0,0,1,1,0,0,0,1,0,1,0,2.090172
0,0,0,0,1,1,0,0,1,1,0,0,0,1,0,1,1,2.250374
0,0,0,0,1,1,0,0,1,1,0,0,0,1,0,0,1,2.266455
0,0,0,0,1,1,0,0,1,1,0,0,0,1,1,0,0,2.122621
0,0,0,0,1,1,0,0,1,1,0,0,0,1,1,1,0,2.1235
0,0,0,0,1,1,0,0,1,1,0,0,0,1,1,1,1,2.256572
0,0,0,0,1,1,0,0,1,1,0,0,0,1,1,0,1,2.270091
0,0,0,0,1,1,0,0,1,1,0,0,0,0,0,1,0,2.139194
0,0,0,0,1,1,0,0,1,1,0,0,0,0,0,1,1,2.124527
0,0,0,0,1,1,0,0,1,1,0,0,0,0,0,0,1,2.263392
0,0,0,0,1,0,0,1,1,1,0,0,0,0,0,1,0,2.067613
0,0,0,0,1,0,0,1,1,1,0,0,0,0,0,1,1,2.128123
0,0,0,0,1,0,0,1,1,0,1,1,0,0,0,0,0,3.887234
0,1,1,0,1,0,0,1,1,0,1,1,0,0,0,0,0,4.021992
0,1,1,0,1,0,0,1,1,0,1,1,0,1,0,0,0,4.035366
0,1,1,0,1,0,0,1,1,0,1,1,0,1,0,1,0,4.005991
0,1,1,0,1,0,0,1,1,0,1,1,0,1,0,1,1,4.305242
0,1,1,0,1,0,0,1,1,0,1,1,0,1,0,0,1,4.291742
0,1,1,0,1,0,0,1,1,0,1,1,0,1,1,0,0,4.019723
0,1,1,0,1,0,0,1,1,0,1,1,0,1,1,1,0,4.051247
0,1,1,0,1,0,0,1,1,0,1,1,0,1,1,1,1,4.324877
0,1,1,0,1,0,0,1,1,0,1,1,0,1,1,0,1,4.326159
0,1,1,0,1,0,1,0,1,0,1,1,0,0,0,0,0,4.058366
0,1,1,0,1,0,1,0,1,0,1,1,0,1,0,0,0,4.072767
0,1,1,0,1,0,1,0,1,0,1,1,0,1,0,1,0,4.04265
0,1,1,0,1,0,1,0,1,0,1,1,0,1,0,1,1,4.213718
0,1,1,0,1,0,1,0,1,0,1,1,0,1,0,0,1,4.214814
0,1,1,0,1,0,1,0,1,0,1,1,0,1,1,0,0,4.066236
0,1,1,0,1,0,1,0,1,0,1,1,0,1,1,1,0,4.060156
0,1,1,0,1,0,1,0,1,0,1,1,0,1,1,1,1,4.216344
0,1,1,0,1,0,1,0,1,0,1,1,0,1,1,0,1,4.199088
0,1,1,0,1,0,1,0,1,0,1,1,0,0,0,1,0,4.041596
0,1,1,0,1,0,1,0,1,0,1,1,0,0,0,1,1,4.192597
0,1,1,0,1,0,1,0,1,0,1,1,0,0,0,0,1,4.19886
0,1,1,0,1,1,0,0,1,0,1,1,0,0,0,0,0,4.157067
0,1,1,0,1,1,0,0,1,0,1,1,0,1,0,0,0,4.128898
0,1,1,0,1,1,0,0,1,0,1,1,0,1,0,1,0,4.03977
0,1,1,0,1,1,0,0,1,0,1,1,0,1,0,1,1,4.261153
0,1,1,0,1,1,0,0,1,0,1,1,0,1,0,0,1,4.253588
0,1,1,0,1,1,0,0,1,0,1,1,0,1,1,0,0,4.070638
0,1,1,0,1,1,0,0,1,0,1,1,0,1,1,1,0,4.085576
0,1,1,0,1,1,0,0,1,0,1,1,0,1,1,1,1,4.231636
0,1,1,0,1,1,0,0,1,0,1,1,0,1,1,0,1,4.248794
0,1,1,0,1,1,0,0,1,0,1,1,0,0,0,1,0,4.089431
0,1,1,0,1,1,0,0,1,0,1,1,0,0,0,1,1,4.25921
0,1,1,0,1,1,0,0,1,0,1,1,0,0,0,0,1,4.343218
0,1,1,0,1,0,0,1,1,0,1,1,0,0,0,1,0,4.016655
0,1,1,0,1,0,0,1,1,0,1,1,0,0,0,1,1,4.340651
0,1,1,0,1,0,0,1,1,0,1,1,0,0,0,0,1,4.315754
0,1,0,1,1,0,0,1,1,0,1,1,0,0,0,0,0,13.263733
0,1,0,1,1,0,0,1,1,0,1,1,0,1,0,0,0,13.229558
0,1,0,1,1,0,0,1,1,0,1,1,0,1,0,1,0,13.224221
0,1,0,1,1,0,0,1,1,0,1,1,0,1,0,1,1,13.300987
0,1,0,1,1,0,0,1,1,0,1,1,0,1,0,0,1,13.315571
0,1,0,1,1,0,0,1,1,0,1,1,0,1,1,0,0,13.253622
0,1,0,1,1,0,0,1,1,0,1,1,0,1,1,1,0,13.216005
0,1,0,1,1,0,0,1,1,0,1,1,0,1,1,1,1,13.300876
0,1,0,1,1,0,0,1,1,0,1,1,0,1,1,0,1,13.309874
0,1,0,1,1,0,1,0,1,0,1,1,0,0,0,0,0,14.068932
0,1,0,1,1,0,1,0,1,0,1,1,0,1,0,0,0,14.09746
0,1,0,1,1,0,1,0,1,0,1,1,0,1,0,1,0,14.024962
0,1,0,1,1,0,1,0,1,0,1,1,0,1,0,1,1,14.119097
0,1,0,1,1,0,1,0,1,0,1,1,0,1,0,0,1,14.134442
0,1,0,1,1,0,1,0,1,0,1,1,0,1,1,0,0,14.091944
0,1,0,1,1,0,1,0,1,0,1,1,0,1,1,1,0,14.081764
0,1,0,1,1,0,1,0,1,0,1,1,0,1,1,1,1,14.107562
0,1,0,1,1,0,1,0,1,0,1,1,0,1,1,0,1,14.101632
0,1,0,1,1,0,1,0,1,0,1,1,0,0,0,1,0,14.016177
0,1,0,1,1,0,1,0,1,0,1,1,0,0,0,1,1,14.104436
0,1,0,1,1,0,1,0,1,0,1,1,0,0,0,0,1,14.132034
0,1,0,1,1,1,0,0,1,0,1,1,0,0,0,0,0,14.117165
0,1,0,1,1,1,0,0,1,0,1,1,0,1,0,0,0,14.077053
0,1,0,1,1,1,0,0,1,0,1,1,0,1,0,1,0,14.059464
0,1,0,1,1,1,0,0,1,0,1,1,0,1,0,1,1,14.098613
0,1,0,1,1,1,0,0,1,0,1,1,0,1,0,0,1,14.11691
0,1,0,1,1,1,0,0,1,0,1,1,0,1,1,0,0,14.095491
0,1,0,1,1,1,0,0,1,0,1,1,0,1,1,1,0,14.063372
0,1,0,1,1,1,0,0,1,0,1,1,0,1,1,1,1,14.108805
0,1,0,1,1,1,0,0,1,0,1,1,0,1,1,0,1,14.106008
0,1,0,1,1,1,0,0,1,0,1,1,0,0,0,1,0,14.040693
0,1,0,1,1,1,0,0,1,0,1,1,0,0,0,1,1,14.087148
0,1,0,1,1,1,0,0,1,0,1,1,0,0,0,0,1,14.10719
0,1,0,1,1,0,0,1,1,0,1,1,0,0,0,1,0,13.217892
0,1,0,1,1,0,0,1,1,0,1,1,0,0,0,1,1,13.312559
0,1,0,1,1,0,0,1,1,0,1,1,0,0,0,0,1,13.288516
1,0,0,0,1,0,0,1,1,0,1,1,0,0,0,0,0,3.885544
1,1,1,0,1,0,0,1,1,0,1,1,0,0,0,0,0,4.038296
1,1,1,0,1,0,0,1,1,0,1,1,0,1,0,0,0,4.046025
1,1,1,0,1,0,0,1,1,0,1,1,0,1,0,1,0,4.054978
1,1,1,0,1,0,0,1,1,0,1,1,0,1,0,1,1,4.294269
1,1,1,0,1,0,0,1,1,0,1,1,0,1,0,0,1,4.292425
1,1,1,0,1,0,0,1,1,0,1,1,0,1,1,0,0,4.057538
1,1,1,0,1,0,0,1,1,0,1,1,0,1,1,1,0,4.059904
1,1,1,0,1,0,0,1,1,0,1,1,0,1,1,1,1,4.312824
1,1,1,0,1,0,0,1,1,0,1,1,0,1,1,0,1,4.29193
1,1,1,0,1,0,1,0,1,0,1,1,0,0,0,0,0,4.04508
1,1,1,0,1,0,1,0,1,0,1,1,0,1,0,0,0,4.095689
1,1,1,0,1,0,1,0,1,0,1,1,0,1,0,1,0,4.092208
1,1,1,0,1,0,1,0,1,0,1,1,0,1,0,1,1,4.240552
1,1,1,0,1,0,1,0,1,0,1,1,0,1,0,0,1,4.235157
1,1,1,0,1,0,1,0,1,0,1,1,0,1,1,0,0,4.04848
1,1,1,0,1,0,1,0,1,0,1,1,0,1,1,1,0,4.099875
1,1,1,0,1,0,1,0,1,0,1,1,0,1,1,1,1,4.257062
1,1,1,0,1,0,1,0,1,0,1,1,0,1,1,0,1,4.201477
1,1,1,0,1,0,1,0,1,0,1,1,0,0,0,1,0,4.072106
1,1,1,0,1,0,1,0,1,0,1,1,0,0,0,1,1,4.184732
1,1,1,0,1,0,1,0,1,0,1,1,0,0,0,0,1,4.195163
1,1,1,0,1,1,0,0,1,0,1,1,0,0,0,0,0,4.12589
1,1,1,0,1,1,0,0,1,0,1,1,0,1,0,0,0,4.075249
1,1,1,0,1,1,0,0,1,0,1,1,0,1,0,1,0,4.08629
1,1,1,0,1,1,0,0,1,0,1,1,0,1,0,1,1,4.247638
1,1,1,0,1,1,0,0,1,0,1,1,0,1,0,0,1,4.224773
1,1,1,0,1,1,0,0,1,0,1,1,0,1,1,0,0,4.073157
1,1,1,0,1,1,0,0,1,0,1,1,0,1,1,1,0,4.055568
1,1,1,0,1,1,0,0,1,0,1,1,0,1,1,1,1,4.26029
1,1,1,0,1,1,0,0,1,0,1,1,0,1,1,0,1,4.260969
1,1,1,0,1,1,0,0,1,0,1,1,0,0,0,1,0,4.117515
1,1,1,0,1,1,0,0,1,0,1,1,0,0,0,1,1,4.240121
1,1,1,0,1,1,0,0,1,0,1,1,0,0,0,0,1,4.254327
1,1,1,0,1,0,0,1,1,0,1,1,0,0,0,1,0,4.003651
1,1,1,0,1,0,0,1,1,0,1,1,0,0,0,1,1,4.287957
1,1,1,0,1,0,0,1,1,0,1,1,0,0,0,0,1,4.334348
1,1,0,1,1,0,0,1,1,0,1,1,0,0,0,0,0,13.24707
1,1,0,1,1,0,0,1,1,0,1,1,0,1,0,0,0,13.235497
1,1,0,1,1,0,0,1,1,0,1,1,0,1,0,1,0,13.227102
1,1,0,1,1,0,0,1,1,0,1,1,0,1,0,1,1,13.317851
1,1,0,1,1,0,0,1,1,0,1,1,0,1,0,0,1,13.343344
1,1,0,1,1,0,0,1,1,0,1,1,0,1,1,0,0,13.308076
1,1,0,1,1,0,0,1,1,0,1,1,0,1,1,1,0,13.252789
1,1,0,1,1,0,0,1,1,0,1,1,0,1,1,1,1,13.33543
1,1,0,1,1,0,0,1,1,0,1,1,0,1,1,0,1,13.332397
1,1,0,1,1,0,1,0,1,0,1,1,0,0,0,0,0,14.115469
1,1,0,1,1,0,1,0,1,0,1,1,0,1,0,0,0,14.089943
1,1,0,1,1,0,1,0,1,0,1,1,0,1,0,1,0,14.07154
1,1,0,1,1,0,1,0,1,0,1,1,0,1,0,1,1,14.094592
1,1,0,1,1,0,1,0,1,0,1,1,0,1,0,0,1,14.078158
1,1,0,1,1,0,1,0,1,0,1,1,0,1,1,0,0,14.056574
1,1,0,1,1,0,1,0,1,0,1,1,0,1,1,1,0,14.057569
1,1,0,1,1,0,1,0,1,0,1,1,0,1,1,1,1,14.06341
1,1,0,1,1,0,1,0,1,0,1,1,0,1,1,0,1,14.139743
1,1,0,1,1,0,1,0,1,0,1,1,0,0,0,1,0,14.081959
1,1,0,1,1,0,1,0,1,0,1,1,0,0,0,1,1,14.14679
1,1,0,1,1,0,1,0,1,0,1,1,0,0,0,0,1,14.174992
1,1,0,1,1,1,0,0,1,0,1,1,0,0,0,0,0,14.086676
1,1,0,1,1,1,0,0,1,0,1,1,0,1,0,0,0,14.077994
1,1,0,1,1,1,0,0,1,0,1,1,0,1,0,1,0,14.083968
1,1,0,1,1,1,0,0,1,0,1,1,0,1,0,1,1,14.141226
1,1,0,1,1,1,0,0,1,0,1,1,0,1,0,0,1,14.11732
1,1,0,1,1,1,0,0,1,0,1,1,0,1,1,0,0,14.114884
1,1,0,1,1,1,0,0,1,0,1,1,0,1,1,1,0,14.069531
1,1,0,1,1,1,0,0,1,0,1,1,0,1,1,1,1,14.141789
1,1,0,1,1,1,0,0,1,0,1,1,0,1,1,0,1,14.146937
1,1,0,1,1,1,0,0,1,0,1,1,0,0,0,1,0,14.121073
1,1,0,1,1,1,0,0,1,0,1,1,0,0,0,1,1,14.149251
1,1,0,1,1,1,0,0,1,0,1,1,0,0,0,0,1,14.148283
1,1,0,1,1,0,0,1,1,0,1,1,0,0,0,1,0,13.23347
1,1,0,1,1,0,0,1,1,0,1,1,0,0,0,1,1,13.31412
1,1,0,1,1,0,0,1,1,0,1,1,0,0,0,0,1,13.305011
1,0,0,0,1,0,0,1,1,0,1,1,0,1,0,0,0,3.835146
1,0,0,0,1,0,0,1,1,0,1,1,0,1,0,1,0,3.871794
1,0,0,0,1,0,0,1,1,0,1,1,0,1,0,1,1,4.145929
1,0,0,0,1,0,0,1,1,0,1,1,0,1,0,0,1,4.095385
1,0,0,0,1,0,0,1,1,0,1,1,0,1,1,0,0,3.882359
1,0,0,0,1,0,0,1,1,0,1,1,0,1,1,1,0,3.875451
1,0,0,0,1,0,0,1,1,0,1,1,0,1,1,1,1,4.123201
1,0,0,0,1,0,0,1,1,0,1,1,0,1,1,0,1,4.097069
1,0,0,0,1,0,1,0,1,0,1,1,0,0,0,0,0,3.958888
1,0,0,0,1,0,1,0,1,0,1,1,0,1,0,0,0,3.971977
1,0,0,0,1,0,1,0,1,0,1,1,0,1,0,1,0,3.946222
1,0,0,0,1,0,1,0,1,0,1,1,0,1,0,1,1,4.091888
1,0,0,0,1,0,1,0,1,0,1,1,0,1,0,0,1,4.062136
1,0,0,0,1,0,1,0,1,0,1,1,0,1,1,0,0,3.957631
1,0,0,0,1,0,1,0,1,0,1,1,0,1,1,1,0,3.951865
1,0,0,0,1,0,1,0,1,0,1,1,0,1,1,1,1,4.084296
1,0,0,0,1,0,1,0,1,0,1,1,0,1,1,0,1,4.07011
1,0,0,0,1,0,1,0,1,0,1,1,0,0,0,1,0,3.973245
1,0,0,0,1,0,1,0,1,0,1,1,0,0,0,1,1,4.08938
1,0,0,0,1,0,1,0,1,0,1,1,0,0,0,0,1,4.072584
1,0,0,0,1,1,0,0,1,0,1,1,0,0,0,0,0,3.948665
1,0,0,0,1,1,0,0,1,0,1,1,0,1,0,0,0,3.90855
1,0,0,0,1,1,0,0,1,0,1,1,0,1,0,1,0,3.907498
1,0,0,0,1,1,0,0,1,0,1,1,0,1,0,1,1,4.102081
1,0,0,0,1,1,0,0,1,0,1,1,0,1,0,0,1,4.121288
1,0,0,0,1,1,0,0,1,0,1,1,0,1,1,0,0,3.969414
1,0,0,0,1,1,0,0,1,0,1,1,0,1,1,1,0,3.965754
1,0,0,0,1,1,0,0,1,0,1,1,0,1,1,1,1,4.117591
1,0,0,0,1,1,0,0,1,0,1,1,0,1,1,0,1,4.092538
1,0,0,0,1,1,0,0,1,0,1,1,0,0,0,1,0,3.955471
1,0,0,0,1,1,0,0,1,0,1,1,0,0,0,1,1,4.085715
1,0,0,0,1,1,0,0,1,0,1,1,0,0,0,0,1,4.092341
1,0,0,0,1,0,0,1,1,0,1,1,0,0,0,1,0,3.878437
1,0,0,0,1,0,0,1,1,0,1,1,0,0,0,1,1,4.0996
1,0,0,0,1,0,0,1,1,0,1,1,0,0,0,0,1,4.106375
0,0,0,0,1,0,0,1,1,0,1,1,0,1,0,0,0,3.877548
0,0,0,0,1,0,0,1,1,0,1,1,0,1,0,1,0,3.891494
0,0,0,0,1,0,0,1,1,0,1,1,0,1,0,1,1,4.088739
0,0,0,0,1,0,0,1,1,0,1,1,0,1,0,0,1,4.092642
0,0,0,0,1,0,0,1,1,0,1,1,0,1,1,0,0,3.871674
0,0,0,0,1,0,0,1,1,0,1,1,0,1,1,1,0,3.890457
0,0,0,0,1,0,0,1,1,0,1,1,0,1,1,1,1,4.126705
0,0,0,0,1,0,0,1,1,0,1,1,0,1,1,0,1,4.129371
0,0,0,0,1,0,1,0,1,0,1,1,0,0,0,0,0,3.972579
0,0,0,0,1,0,1,0,1,0,1,1,0,1,0,0,0,3.960152
0,0,0,0,1,0,1,0,1,0,1,1,0,1,0,1,0,3.975554
0,0,0,0,1,0,1,0,1,0,1,1,0,1,0,1,1,4.024722
0,0,0,0,1,0,1,0,1,0,1,1,0,1,0,0,1,4.147306
0,0,0,0,1,0,1,0,1,0,1,1,0,1,1,0,0,3.962308
0,0,0,0,1,0,1,0,1,0,1,1,0,1,1,1,0,3.950611
0,0,0,0,1,0,1,0,1,0,1,1,0,1,1,1,1,4.064573
0,0,0,0,1,0,1,0,1,0,1,1,0,1,1,0,1,4.059502
0,0,0,0,1,0,1,0,1,0,1,1,0,0,0,1,0,3.963664
0,0,0,0,1,0,1,0,1,0,1,1,0,0,0,1,1,4.076526
0,0,0,0,1,0,1,0,1,0,1,1,0,0,0,0,1,4.091696
0,0,0,0,1,1,0,0,1,0,1,1,0,0,0,0,0,3.966459
0,0,0,0,1,1,0,0,1,0,1,1,0,1,0,0,0,3.950037
0,0,0,0,1,1,0,0,1,0,1,1,0,1,0,1,0,3.940418
0,0,0,0,1,1,0,0,1,0,1,1,0,1,0,1,1,4.091337
0,0,0,0,1,1,0,0,1,0,1,1,0,1,0,0,1,4.081366
0,0,0,0,1,1,0,0,1,0,1,1,0,1,1,0,0,3.988385
0,0,0,0,1,1,0,0,1,0,1,1,0,1,1,1,0,3.965267
0,0,0,0,1,1,0,0,1,0,1,1,0,1,1,1,1,4.086623
0,0,0,0,1,1,0,0,1,0,1,1,0,1,1,0,1,4.073589
0,0,0,0,1,1,0,0,1,0,1,1,0,0,0,1,0,3.94066
0,0,0,0,1,1,0,0,1,0,1,1,0,0,0,1,1,4.095548
0,0,0,0,1,1,0,0,1,0,1,1,0,0,0,0,1,4.099047
0,0,0,0,1,0,0,1,1,0,1,1,0,0,0,1,0,3.865094
0,0,0,0,1,0,0,1,1,0,1,1,0,0,0,1,1,4.095477
0,0,0,0,1,0,0,1,1,0,1,1,0,0,0,0,1,4.153388
0,0,0,0,1,0,0,1,1,1,0,0,0,0,0,0,1,2.163136
