delayedInnodbLogFlush,delayedInnodbLogWrite,innodbFlushMethod,fsyncFlush,dsyncFlush,directFlush,binaryLog,innodbDoubleWrite,TempTableSize,InnodbBufferPoolSize,InnodbLogBufferSize,Cpu-
0,0,1,0,0,1,0,0,256,8,1,2.097821
0,0,1,0,0,1,0,0,4096,8,1,1.598034
0,0,1,0,0,1,0,0,65536,8,1,1.818094
0,0,1,0,0,1,0,0,256,64,1,1.302478
0,0,1,0,0,1,0,0,4096,64,1,1.347658
0,0,1,0,0,1,0,0,65536,64,1,1.823848
0,0,1,0,0,1,0,0,256,512,1,0.953861
0,0,1,0,0,1,0,0,4096,512,1,1.431842
0,0,1,0,0,1,0,0,65536,512,1,1.57357
0,0,1,0,0,1,0,0,256,8,8,1.832602
0,0,1,0,0,1,0,0,4096,8,8,1.717028
0,0,1,0,0,1,0,0,65536,8,8,1.916565
0,0,1,0,0,1,0,0,256,64,8,1.864011
0,0,1,0,0,1,0,0,4096,64,8,1.620084
0,0,1,0,0,1,0,0,65536,64,8,1.707123
0,0,1,0,0,1,0,0,256,512,8,1.406796
0,0,1,0,0,1,0,0,4096,512,8,1.576118
0,0,1,0,0,1,0,0,65536,512,8,1.393236
0,0,1,0,0,1,0,0,256,8,64,1.754854
0,0,1,0,0,1,0,0,4096,8,64,2.184037
0,0,1,0,0,1,0,0,65536,8,64,1.450489
0,0,1,0,0,1,0,0,256,64,64,1.840236
0,0,1,0,0,1,0,0,4096,64,64,1.7233
0,0,1,0,0,1,0,0,65536,64,64,1.073235
0,0,1,0,0,1,0,0,256,512,64,1.384665
0,0,1,0,0,1,0,0,4096,512,64,1.715657
0,0,1,0,0,1,0,0,65536,512,64,1.978482
0,0,1,0,0,1,0,1,256,8,1,2.128679
0,0,1,0,0,1,0,1,4096,8,1,2.3234
0,0,1,0,0,1,0,1,65536,8,1,1.66438
0,0,1,0,0,1,0,1,256,64,1,1.49515
0,0,1,0,0,1,0,1,4096,64,1,1.46569
0,0,1,0,0,1,0,1,65536,64,1,1.874767
0,0,1,0,0,1,0,1,256,512,1,1.561734
0,0,1,0,0,1,0,1,4096,512,1,1.744263
0,0,1,0,0,1,0,1,65536,512,1,1.597505
0,0,1,0,0,1,0,1,256,8,8,1.997852
0,0,1,0,0,1,0,1,4096,8,8,1.839865
0,0,1,0,0,1,0,1,65536,8,8,1.503037
0,0,1,0,0,1,0,1,256,64,8,1.305506
0,0,1,0,0,1,0,1,4096,64,8,1.634234
0,0,1,0,0,1,0,1,65536,64,8,1.457822
0,0,1,0,0,1,0,1,256,512,8,1.750119
0,0,1,0,0,1,0,1,4096,512,8,1.469696
0,0,1,0,0,1,0,1,65536,512,8,1.383748
0,0,1,0,0,1,0,1,256,8,64,1.898354
0,0,1,0,0,1,0,1,4096,8,64,1.999973
0,0,1,0,0,1,0,1,65536,8,64,1.824661
0,0,1,0,0,1,0,1,256,64,64,1.362611
0,0,1,0,0,1,0,1,4096,64,64,1.464663
0,0,1,0,0,1,0,1,65536,64,64,1.741613
0,0,1,0,0,1,0,1,256,512,64,1.571178
0,0,1,0,0,1,0,1,4096,512,64,1.682616
0,0,1,0,0,1,0,1,65536,512,64,1.246849
0,0,1,0,0,1,1,0,256,8,1,1.842733
0,0,1,0,0,1,1,0,4096,8,1,2.060039
0,0,1,0,0,1,1,0,65536,8,1,1.907998
0,0,1,0,0,1,1,0,256,64,1,1.333871
0,0,1,0,0,1,1,0,4096,64,1,1.431587
0,0,1,0,0,1,1,0,65536,64,1,1.531994
0,0,1,0,0,1,1,0,256,512,1,1.16818
0,0,1,0,0,1,1,0,4096,512,1,1.559436
0,0,1,0,0,1,1,0,65536,512,1,1.194001
0,0,1,0,0,1,1,0,256,8,8,1.99184
0,0,1,0,0,1,1,0,4096,8,8,1.830451
0,0,1,0,0,1,1,0,65536,8,8,2.294987
0,0,1,0,0,1,1,0,256,64,8,1.320295
0,0,1,0,0,1,1,0,4096,64,8,1.656669
0,0,1,0,0,1,1,0,65536,64,8,1.444396
0,0,1,0,0,1,1,0,256,512,8,1.579648
0,0,1,0,0,1,1,0,4096,512,8,1.560528
0,0,1,0,0,1,1,0,65536,512,8,1.381109
0,0,1,0,0,1,1,0,256,8,64,2.204678
0,0,1,0,0,1,1,0,4096,8,64,1.965873
0,0,1,0,0,1,1,0,65536,8,64,1.745686
0,0,1,0,0,1,1,0,256,64,64,1.321967
0,0,1,0,0,1,1,0,4096,64,64,1.721281
0,0,1,0,0,1,1,0,65536,64,64,1.559468
0,0,1,0,0,1,1,0,256,512,64,1.377862
0,0,1,0,0,1,1,0,4096,512,64,1.263372
0,0,1,0,0,1,1,0,65536,512,64,1.52009
0,0,1,0,0,1,1,1,256,8,1,1.494255
0,0,1,0,0,1,1,1,4096,8,1,1.959304
0,0,1,0,0,1,1,1,65536,8,1,1.926974
0,0,1,0,0,1,1,1,256,64,1,1.408362
0,0,1,0,0,1,1,1,4096,64,1,1.642139
0,0,1,0,0,1,1,1,65536,64,1,1.23289
0,0,1,0,0,1,1,1,256,512,1,1.551751
0,0,1,0,0,1,1,1,4096,512,1,1.210172
0,0,1,0,0,1,1,1,65536,512,1,1.582104
0,0,1,0,0,1,1,1,256,8,8,1.689799
0,0,1,0,0,1,1,1,4096,8,8,2.130753
0,0,1,0,0,1,1,1,65536,8,8,1.425985
0,0,1,0,0,1,1,1,256,64,8,1.378146
0,0,1,0,0,1,1,1,4096,64,8,1.348687
0,0,1,0,0,1,1,1,65536,64,8,1.602019
0,0,1,0,0,1,1,1,256,512,8,1.377975
0,0,1,0,0,1,1,1,4096,512,8,1.501572
0,0,1,0,0,1,1,1,65536,512,8,1.438098
0,0,1,0,0,1,1,1,256,8,64,2.048742
0,0,1,0,0,1,1,1,4096,8,64,2.226143
0,0,1,0,0,1,1,1,65536,8,64,2.098585
0,0,1,0,0,1,1,1,256,64,64,1.488606
0,0,1,0,0,1,1,1,4096,64,64,1.646697
0,0,1,0,0,1,1,1,65536,64,64,2.00295
0,0,1,0,0,1,1,1,256,512,64,1.564298
0,0,1,0,0,1,1,1,4096,512,64,1.415624
0,0,1,0,0,1,1,1,65536,512,64,1.629191
0,0,1,0,1,0,0,0,256,8,1,1.629767
0,0,1,0,1,0,0,0,4096,8,1,1.13963
0,0,1,0,1,0,0,0,65536,8,1,1.557334
0,0,1,0,1,0,0,0,256,64,1,1.006087
0,0,1,0,1,0,0,0,4096,64,1,1.363616
0,0,1,0,1,0,0,0,65536,64,1,1.597676
0,0,1,0,1,0,0,0,256,512,1,1.27899
0,0,1,0,1,0,0,0,4096,512,1,1.628472
0,0,1,0,1,0,0,0,65536,512,1,1.389615
0,0,1,0,1,0,0,0,256,8,8,1.769572
0,0,1,0,1,0,0,0,4096,8,8,1.466909
0,0,1,0,1,0,0,0,65536,8,8,1.668514
0,0,1,0,1,0,0,0,256,64,8,1.5011
0,0,1,0,1,0,0,0,4096,64,8,1.20315
0,0,1,0,1,0,0,0,65536,64,8,1.890753
0,0,1,0,1,0,0,0,256,512,8,1.573407
0,0,1,0,1,0,0,0,4096,512,8,1.897337
0,0,1,0,1,0,0,0,65536,512,8,1.426465
0,0,1,0,1,0,0,0,256,8,64,1.946421
0,0,1,0,1,0,0,0,4096,8,64,1.510988
0,0,1,0,1,0,0,0,65536,8,64,1.880571
0,0,1,0,1,0,0,0,256,64,64,1.644293
0,0,1,0,1,0,0,0,4096,64,64,1.524885
0,0,1,0,1,0,0,0,65536,64,64,1.886204
0,0,1,0,1,0,0,0,256,512,64,1.611203
0,0,1,0,1,0,0,0,4096,512,64,1.466546
0,0,1,0,1,0,0,0,65536,512,64,1.701327
0,0,1,0,1,0,0,1,256,8,1,1.83276
0,0,1,0,1,0,0,1,4096,8,1,1.691575
0,0,1,0,1,0,0,1,65536,8,1,1.844424
0,0,1,0,1,0,0,1,256,64,1,1.575699
0,0,1,0,1,0,0,1,4096,64,1,1.261422
0,0,1,0,1,0,0,1,65536,64,1,1.464963
0,0,1,0,1,0,0,1,256,512,1,1.580099
0,0,1,0,1,0,0,1,4096,512,1,1.155343
0,0,1,0,1,0,0,1,65536,512,1,1.764325
0,0,1,0,1,0,0,1,256,8,8,1.488569
0,0,1,0,1,0,0,1,4096,8,8,1.625194
0,0,1,0,1,0,0,1,65536,8,8,1.754225
0,0,1,0,1,0,0,1,256,64,8,1.404087
0,0,1,0,1,0,0,1,4096,64,8,1.2336
0,0,1,0,1,0,0,1,65536,64,8,1.482934
0,0,1,0,1,0,0,1,256,512,8,1.646597
0,0,1,0,1,0,0,1,4096,512,8,1.807068
0,0,1,0,1,0,0,1,65536,512,8,1.026111
0,0,1,0,1,0,0,1,256,8,64,1.703029
0,0,1,0,1,0,0,1,4096,8,64,1.646818
0,0,1,0,1,0,0,1,65536,8,64,1.95678
0,0,1,0,1,0,0,1,256,64,64,1.169775
0,0,1,0,1,0,0,1,4096,64,64,1.682117
0,0,1,0,1,0,0,1,65536,64,64,1.264763
0,0,1,0,1,0,0,1,256,512,64,2.009261
0,0,1,0,1,0,0,1,4096,512,64,1.372268
0,0,1,0,1,0,0,1,65536,512,64,1.562408
0,0,1,0,1,0,1,0,256,8,1,1.834557
0,0,1,0,1,0,1,0,4096,8,1,1.505042
0,0,1,0,1,0,1,0,65536,8,1,1.530792
0,0,1,0,1,0,1,0,256,64,1,1.411595
0,0,1,0,1,0,1,0,4096,64,1,1.390332
0,0,1,0,1,0,1,0,65536,64,1,1.795213
0,0,1,0,1,0,1,0,256,512,1,1.493003
0,0,1,0,1,0,1,0,4096,512,1,1.702317
0,0,1,0,1,0,1,0,65536,512,1,1.441977
0,0,1,0,1,0,1,0,256,8,8,1.015333
0,0,1,0,1,0,1,0,4096,8,8,1.671332
0,0,1,0,1,0,1,0,65536,8,8,1.487781
0,0,1,0,1,0,1,0,256,64,8,1.569792
0,0,1,0,1,0,1,0,4096,64,8,1.697235
0,0,1,0,1,0,1,0,65536,64,8,1.311471
0,0,1,0,1,0,1,0,256,512,8,1.548895
0,0,1,0,1,0,1,0,4096,512,8,1.414445
0,0,1,0,1,0,1,0,65536,512,8,1.569804
0,0,1,0,1,0,1,0,256,8,64,1.742446
0,0,1,0,1,0,1,0,4096,8,64,1.478482
0,0,1,0,1,0,1,0,65536,8,64,2.099344
0,0,1,0,1,0,1,0,256,64,64,1.432306
0,0,1,0,1,0,1,0,4096,64,64,1.41949
0,0,1,0,1,0,1,0,65536,64,64,1.27111
0,0,1,0,1,0,1,0,256,512,64,1.408529
0,0,1,0,1,0,1,0,4096,512,64,1.680751
0,0,1,0,1,0,1,0,65536,512,64,1.128398
0,0,1,0,1,0,1,1,256,8,1,1.605086
0,0,1,0,1,0,1,1,4096,8,1,1.430137
0,0,1,0,1,0,1,1,65536,8,1,1.519938
0,0,1,0,1,0,1,1,256,64,1,1.682117
0,0,1,0,1,0,1,1,4096,64,1,1.80298
0,0,1,0,1,0,1,1,65536,64,1,1.333408
0,0,1,0,1,0,1,1,256,512,1,1.820294
0,0,1,0,1,0,1,1,4096,512,1,1.298267
0,0,1,0,1,0,1,1,65536,512,1,1.388255
0,0,1,0,1,0,1,1,256,8,8,1.443126
0,0,1,0,1,0,1,1,4096,8,8,1.84968
0,0,1,0,1,0,1,1,65536,8,8,1.35325
0,0,1,0,1,0,1,1,256,64,8,1.478042
0,0,1,0,1,0,1,1,4096,64,8,1.826111
0,0,1,0,1,0,1,1,65536,64,8,1.372873
0,0,1,0,1,0,1,1,256,512,8,1.677186
0,0,1,0,1,0,1,1,4096,512,8,1.357107
0,0,1,0,1,0,1,1,65536,512,8,1.448659
0,0,1,0,1,0,1,1,256,8,64,1.471644
0,0,1,0,1,0,1,1,4096,8,64,1.754841
0,0,1,0,1,0,1,1,65536,8,64,1.614242
0,0,1,0,1,0,1,1,256,64,64,1.420064
0,0,1,0,1,0,1,1,4096,64,64,1.426794
0,0,1,0,1,0,1,1,65536,64,64,1.590652
0,0,1,0,1,0,1,1,256,512,64,1.396306
0,0,1,0,1,0,1,1,4096,512,64,1.253264
0,0,1,0,1,0,1,1,65536,512,64,1.683331
0,0,1,1,0,0,0,0,256,8,1,1.62925
0,0,1,1,0,0,0,0,4096,8,1,1.39758
0,0,1,1,0,0,0,0,65536,8,1,1.488141
0,0,1,1,0,0,0,0,256,64,1,1.466917
0,0,1,1,0,0,0,0,4096,64,1,1.591151
0,0,1,1,0,0,0,0,65536,64,1,1.231662
0,0,1,1,0,0,0,0,256,512,1,1.719791
0,0,1,1,0,0,0,0,4096,512,1,1.503728
0,0,1,1,0,0,0,0,65536,512,1,1.396448
0,0,1,1,0,0,0,0,256,8,8,1.548027
0,0,1,1,0,0,0,0,4096,8,8,1.866964
0,0,1,1,0,0,0,0,65536,8,8,1.403209
0,0,1,1,0,0,0,0,256,64,8,1.197131
0,0,1,1,0,0,0,0,4096,64,8,1.630159
0,0,1,1,0,0,0,0,65536,64,8,1.446614
0,0,1,1,0,0,0,0,256,512,8,1.66641
0,0,1,1,0,0,0,0,4096,512,8,1.480963
0,0,1,1,0,0,0,0,65536,512,8,1.49532
0,0,1,1,0,0,0,0,256,8,64,1.462866
0,0,1,1,0,0,0,0,4096,8,64,1.678085
0,0,1,1,0,0,0,0,65536,8,64,1.442969
0,0,1,1,0,0,0,0,256,64,64,1.596892
0,0,1,1,0,0,0,0,4096,64,64,1.716505
0,0,1,1,0,0,0,0,65536,64,64,1.485803
0,0,1,1,0,0,0,0,256,512,64,1.500106
0,0,1,1,0,0,0,0,4096,512,64,1.423739
0,0,1,1,0,0,0,0,65536,512,64,1.73453
0,0,1,1,0,0,0,1,256,8,1,1.758027
0,0,1,1,0,0,0,1,4096,8,1,1.881601
0,0,1,1,0,0,0,1,65536,8,1,1.430121
0,0,1,1,0,0,0,1,256,64,1,1.432028
0,0,1,1,0,0,0,1,4096,64,1,1.277515
0,0,1,1,0,0,0,1,65536,64,1,1.494093
0,0,1,1,0,0,0,1,256,512,1,1.387837
0,0,1,1,0,0,0,1,4096,512,1,1.638218
0,0,1,1,0,0,0,1,65536,512,1,1.439258
0,0,1,1,0,0,0,1,256,8,8,1.520737
0,0,1,1,0,0,0,1,4096,8,8,1.394788
0,0,1,1,0,0,0,1,65536,8,8,1.650477
0,0,1,1,0,0,0,1,256,64,8,1.839141
0,0,1,1,0,0,0,1,4096,64,8,1.897054
0,0,1,1,0,0,0,1,65536,64,8,1.522313
0,0,1,1,0,0,0,1,256,512,8,0.999933
0,0,1,1,0,0,0,1,4096,512,8,1.759583
0,0,1,1,0,0,0,1,65536,512,8,1.421139
0,0,1,1,0,0,0,1,256,8,64,1.232522
0,0,1,1,0,0,0,1,4096,8,64,1.620391
0,0,1,1,0,0,0,1,65536,8,64,1.54027
0,0,1,1,0,0,0,1,256,64,64,1.324177
0,0,1,1,0,0,0,1,4096,64,64,1.498164
0,0,1,1,0,0,0,1,65536,64,64,1.403352
0,0,1,1,0,0,0,1,256,512,64,1.257523
0,0,1,1,0,0,0,1,4096,512,64,1.943388
0,0,1,1,0,0,0,1,65536,512,64,1.168381
0,0,1,1,0,0,1,0,256,8,1,1.595521
0,0,1,1,0,0,1,0,4096,8,1,1.238061
0,0,1,1,0,0,1,0,65536,8,1,1.73227
0,0,1,1,0,0,1,0,256,64,1,1.807505
0,0,1,1,0,0,1,0,4096,64,1,1.48222
0,0,1,1,0,0,1,0,65536,64,1,1.889404
0,0,1,1,0,0,1,0,256,512,1,1.731978
0,0,1,1,0,0,1,0,4096,512,1,1.680199
0,0,1,1,0,0,1,0,65536,512,1,1.483985
0,0,1,1,0,0,1,0,256,8,8,1.074046
0,0,1,1,0,0,1,0,4096,8,8,1.86639
0,0,1,1,0,0,1,0,65536,8,8,1.286163
0,0,1,1,0,0,1,0,256,64,8,1.53017
0,0,1,1,0,0,1,0,4096,64,8,1.427063
0,0,1,1,0,0,1,0,65536,64,8,1.531904
0,0,1,1,0,0,1,0,256,512,8,1.685403
0,0,1,1,0,0,1,0,4096,512,8,1.412848
0,0,1,1,0,0,1,0,65536,512,8,1.253172
0,0,1,1,0,0,1,0,256,8,64,1.603472
0,0,1,1,0,0,1,0,4096,8,64,1.408511
0,0,1,1,0,0,1,0,65536,8,64,1.636433
0,0,1,1,0,0,1,0,256,64,64,1.590185
0,0,1,1,0,0,1,0,4096,64,64,1.325738
0,0,1,1,0,0,1,0,65536,64,64,1.503695
0,0,1,1,0,0,1,0,256,512,64,1.32842
0,0,1,1,0,0,1,0,4096,512,64,1.5224
0,0,1,1,0,0,1,0,65536,512,64,1.463451
0,0,1,1,0,0,1,1,256,8,1,1.774068
0,0,1,1,0,0,1,1,4096,8,1,1.954675
0,0,1,1,0,0,1,1,65536,8,1,1.983888
0,0,1,1,0,0,1,1,256,64,1,1.510569
0,0,1,1,0,0,1,1,4096,64,1,1.692899
0,0,1,1,0,0,1,1,65536,64,1,1.626869
0,0,1,1,0,0,1,1,256,512,1,1.315792
0,0,1,1,0,0,1,1,4096,512,1,1.566934
0,0,1,1,0,0,1,1,65536,512,1,1.428141
0,0,1,1,0,0,1,1,256,8,8,1.720221
0,0,1,1,0,0,1,1,4096,8,8,1.729643
0,0,1,1,0,0,1,1,65536,8,8,1.986938
0,0,1,1,0,0,1,1,256,64,8,1.962542
0,0,1,1,0,0,1,1,4096,64,8,1.464293
0,0,1,1,0,0,1,1,65536,64,8,1.563304
0,0,1,1,0,0,1,1,256,512,8,1.308379
0,0,1,1,0,0,1,1,4096,512,8,1.400822
0,0,1,1,0,0,1,1,65536,512,8,1.612053
0,0,1,1,0,0,1,1,256,8,64,1.426723
0,0,1,1,0,0,1,1,4096,8,64,1.954623
0,0,1,1,0,0,1,1,65536,8,64,1.767402
0,0,1,1,0,0,1,1,256,64,64,1.24546
0,0,1,1,0,0,1,1,4096,64,64,1.719715
0,0,1,1,0,0,1,1,65536,64,64,1.563443
0,0,1,1,0,0,1,1,256,512,64,1.636371
0,0,1,1,0,0,1,1,4096,512,64,1.542525
0,0,1,1,0,0,1,1,65536,512,64,1.494999
1,0,1,0,0,1,0,0,256,8,1,1.678044
1,0,1,0,0,1,0,0,4096,8,1,1.67495
1,0,1,0,0,1,0,0,65536,8,1,1.87872
1,0,1,0,0,1,0,0,256,64,1,1.863994
1,0,1,0,0,1,0,0,4096,64,1,1.569654
1,0,1,0,0,1,0,0,65536,64,1,1.813419
1,0,1,0,0,1,0,0,256,512,1,1.511192
1,0,1,0,0,1,0,0,4096,512,1,1.660102
1,0,1,0,0,1,0,0,65536,512,1,1.604656
1,0,1,0,0,1,0,0,256,8,8,1.706804
1,0,1,0,0,1,0,0,4096,8,8,1.669167
1,0,1,0,0,1,0,0,65536,8,8,1.818578
1,0,1,0,0,1,0,0,256,64,8,1.475431
1,0,1,0,0,1,0,0,4096,64,8,1.568272
1,0,1,0,0,1,0,0,65536,64,8,1.581144
1,0,1,0,0,1,0,0,256,512,8,1.374048
1,0,1,0,0,1,0,0,4096,512,8,1.607193
1,0,1,0,0,1,0,0,65536,512,8,1.65053
1,0,1,0,0,1,0,0,256,8,64,1.553875
1,0,1,0,0,1,0,0,4096,8,64,1.825311
1,0,1,0,0,1,0,0,65536,8,64,2.009956
1,0,1,0,0,1,0,0,256,64,64,1.639737
1,0,1,0,0,1,0,0,4096,64,64,1.642395
1,0,1,0,0,1,0,0,65536,64,64,1.534681
1,0,1,0,0,1,0,0,256,512,64,1.762496
1,0,1,0,0,1,0,0,4096,512,64,1.522044
1,0,1,0,0,1,0,0,65536,512,64,1.70313
1,0,1,0,0,1,0,1,256,8,1,1.527346
1,0,1,0,0,1,0,1,4096,8,1,1.679894
1,0,1,0,0,1,0,1,65536,8,1,2.039967
1,0,1,0,0,1,0,1,256,64,1,1.687854
1,0,1,0,0,1,0,1,4096,64,1,1.423163
1,0,1,0,0,1,0,1,65536,64,1,1.711983
1,0,1,0,0,1,0,1,256,512,1,1.468128
1,0,1,0,0,1,0,1,4096,512,1,1.555004
1,0,1,0,0,1,0,1,65536,512,1,1.682841
1,0,1,0,0,1,0,1,256,8,8,1.545906
1,0,1,0,0,1,0,1,4096,8,8,1.743171
1,0,1,0,0,1,0,1,65536,8,8,1.610391
1,0,1,0,0,1,0,1,256,64,8,1.449233
1,0,1,0,0,1,0,1,4096,64,8,1.658074
1,0,1,0,0,1,0,1,65536,64,8,1.673059
1,0,1,0,0,1,0,1,256,512,8,1.560462
1,0,1,0,0,1,0,1,4096,512,8,1.629897
1,0,1,0,0,1,0,1,65536,512,8,1.498008
1,0,1,0,0,1,0,1,256,8,64,1.837903
1,0,1,0,0,1,0,1,4096,8,64,1.75398
1,0,1,0,0,1,0,1,65536,8,64,1.586752
1,0,1,0,0,1,0,1,256,64,64,1.52669
1,0,1,0,0,1,0,1,4096,64,64,1.438938
1,0,1,0,0,1,0,1,65536,64,64,1.509266
1,0,1,0,0,1,0,1,256,512,64,1.614353
1,0,1,0,0,1,0,1,4096,512,64,1.648408
1,0,1,0,0,1,0,1,65536,512,64,1.57258
1,0,1,0,0,1,1,0,256,8,1,1.792526
1,0,1,0,0,1,1,0,4096,8,1,1.945534
1,0,1,0,0,1,1,0,65536,8,1,1.830019
1,0,1,0,0,1,1,0,256,64,1,1.785264
1,0,1,0,0,1,1,0,4096,64,1,1.672015
1,0,1,0,0,1,1,0,65536,64,1,1.538442
1,0,1,0,0,1,1,0,256,512,1,1.648447
1,0,1,0,0,1,1,0,4096,512,1,1.606061
1,0,1,0,0,1,1,0,65536,512,1,1.74975
1,0,1,0,0,1,1,0,256,8,8,1.743416
1,0,1,0,0,1,1,0,4096,8,8,1.701391
1,0,1,0,0,1,1,0,65536,8,8,1.982387
1,0,1,0,0,1,1,0,256,64,8,1.514707
1,0,1,0,0,1,1,0,4096,64,8,1.4169
1,0,1,0,0,1,1,0,65536,64,8,1.453671
1,0,1,0,0,1,1,0,256,512,8,1.670431
1,0,1,0,0,1,1,0,4096,512,8,1.647083
1,0,1,0,0,1,1,0,65536,512,8,1.804814
1,0,1,0,0,1,1,0,256,8,64,1.718152
1,0,1,0,0,1,1,0,4096,8,64,1.75908
1,0,1,0,0,1,1,0,65536,8,64,1.792011
1,0,1,0,0,1,1,0,256,64,64,1.620656
1,0,1,0,0,1,1,0,4096,64,64,1.566191
1,0,1,0,0,1,1,0,65536,64,64,1.644678
1,0,1,0,0,1,1,0,256,512,64,1.747968
1,0,1,0,0,1,1,0,4096,512,64,1.569413
1,0,1,0,0,1,1,0,65536,512,64,1.476516
1,0,1,0,0,1,1,1,256,8,1,1.613482
1,0,1,0,0,1,1,1,4096,8,1,1.485537
1,0,1,0,0,1,1,1,65536,8,1,1.642217
1,0,1,0,0,1,1,1,256,64,1,1.522844
1,0,1,0,0,1,1,1,4096,64,1,1.416166
1,0,1,0,0,1,1,1,65536,64,1,1.62985
1,0,1,0,0,1,1,1,256,512,1,1.735534
1,0,1,0,0,1,1,1,4096,512,1,1.46336
1,0,1,0,0,1,1,1,65536,512,1,1.404967
1,0,1,0,0,1,1,1,256,8,8,1.611654
1,0,1,0,0,1,1,1,4096,8,8,1.818391
1,0,1,0,0,1,1,1,65536,8,8,1.689218
1,0,1,0,0,1,1,1,256,64,8,1.643881
1,0,1,0,0,1,1,1,4096,64,8,1.634562
1,0,1,0,0,1,1,1,65536,64,8,1.751149
1,0,1,0,0,1,1,1,256,512,8,1.559842
1,0,1,0,0,1,1,1,4096,512,8,1.386949
1,0,1,0,0,1,1,1,65536,512,8,1.74724
1,0,1,0,0,1,1,1,256,8,64,1.763254
1,0,1,0,0,1,1,1,4096,8,64,1.943789
1,0,1,0,0,1,1,1,65536,8,64,1.803394
1,0,1,0,0,1,1,1,256,64,64,1.754474
1,0,1,0,0,1,1,1,4096,64,64,1.555902
1,0,1,0,0,1,1,1,65536,64,64,1.458549
1,0,1,0,0,1,1,1,256,512,64,1.474416
1,0,1,0,0,1,1,1,4096,512,64,1.65154
1,0,1,0,0,1,1,1,65536,512,64,1.521248
1,0,1,0,1,0,0,0,256,8,1,2.098229
1,0,1,0,1,0,0,0,4096,8,1,1.371009
1,0,1,0,1,0,0,0,65536,8,1,1.800134
1,0,1,0,1,0,0,0,256,64,1,1.533649
1,0,1,0,1,0,0,0,4096,64,1,1.527155
1,0,1,0,1,0,0,0,65536,64,1,1.533097
1,0,1,0,1,0,0,0,256,512,1,1.54617
1,0,1,0,1,0,0,0,4096,512,1,1.424655
1,0,1,0,1,0,0,0,65536,512,1,1.666436
1,0,1,0,1,0,0,0,256,8,8,1.129671
1,0,1,0,1,0,0,0,4096,8,8,1.963168
1,0,1,0,1,0,0,0,65536,8,8,1.437626
1,0,1,0,1,0,0,0,256,64,8,1.430582
1,0,1,0,1,0,0,0,4096,64,8,1.487116
1,0,1,0,1,0,0,0,65536,64,8,1.743184
1,0,1,0,1,0,0,0,256,512,8,1.557687
1,0,1,0,1,0,0,0,4096,512,8,1.237812
1,0,1,0,1,0,0,0,65536,512,8,1.337047
1,0,1,0,1,0,0,0,256,8,64,1.579173
1,0,1,0,1,0,0,0,4096,8,64,1.493418
1,0,1,0,1,0,0,0,65536,8,64,1.540379
1,0,1,0,1,0,0,0,256,64,64,1.555658
1,0,1,0,1,0,0,0,4096,64,64,1.312526
1,0,1,0,1,0,0,0,65536,64,64,1.47403
1,0,1,0,1,0,0,0,256,512,64,1.437558
1,0,1,0,1,0,0,0,4096,512,64,1.693651
1,0,1,0,1,0,0,0,65536,512,64,1.687827
1,0,1,0,1,0,0,1,256,8,1,1.107218
1,0,1,0,1,0,0,1,4096,8,1,1.811704
1,0,1,0,1,0,0,1,65536,8,1,1.327941
1,0,1,0,1,0,0,1,256,64,1,1.409198
1,0,1,0,1,0,0,1,4096,64,1,1.391734
1,0,1,0,1,0,0,1,65536,64,1,1.633282
1,0,1,0,1,0,0,1,256,512,1,1.286875
1,0,1,0,1,0,0,1,4096,512,1,1.402135
1,0,1,0,1,0,0,1,65536,512,1,1.174778
1,0,1,0,1,0,0,1,256,8,8,1.752392
1,0,1,0,1,0,0,1,4096,8,8,1.633706
1,0,1,0,1,0,0,1,65536,8,8,1.478741
1,0,1,0,1,0,0,1,256,64,8,1.20278
1,0,1,0,1,0,0,1,4096,64,8,1.651573
1,0,1,0,1,0,0,1,65536,64,8,1.463239
1,0,1,0,1,0,0,1,256,512,8,1.809646
1,0,1,0,1,0,0,1,4096,512,8,1.536134
1,0,1,0,1,0,0,1,65536,512,8,1.327143
1,0,1,0,1,0,0,1,256,8,64,1.945573
1,0,1,0,1,0,0,1,4096,8,64,1.70006
1,0,1,0,1,0,0,1,65536,8,64,1.915161
1,0,1,0,1,0,0,1,256,64,64,1.236306
1,0,1,0,1,0,0,1,4096,64,64,1.64572
1,0,1,0,1,0,0,1,65536,64,64,1.496063
1,0,1,0,1,0,0,1,256,512,64,1.664856
1,0,1,0,1,0,0,1,4096,512,64,1.471244
1,0,1,0,1,0,0,1,65536,512,64,1.599655
1,0,1,0,1,0,1,0,256,8,1,1.372822
1,0,1,0,1,0,1,0,4096,8,1,2.44004
1,0,1,0,1,0,1,0,65536,8,1,1.484126
1,0,1,0,1,0,1,0,256,64,1,2.313821
1,0,1,0,1,0,1,0,4096,64,1,1.855569
1,0,1,0,1,0,1,0,65536,64,1,2.006323
1,0,1,0,1,0,1,0,256,512,1,1.506275
1,0,1,0,1,0,1,0,4096,512,1,1.598958
1,0,1,0,1,0,1,0,65536,512,1,1.88633
1,0,1,0,1,0,1,0,256,8,8,1.421179
1,0,1,0,1,0,1,0,4096,8,8,1.433396
1,0,1,0,1,0,1,0,65536,8,8,1.913601
1,0,1,0,1,0,1,0,256,64,8,1.347916
1,0,1,0,1,0,1,0,4096,64,8,1.508632
1,0,1,0,1,0,1,0,65536,64,8,1.423925
1,0,1,0,1,0,1,0,256,512,8,1.821759
1,0,1,0,1,0,1,0,4096,512,8,1.839747
1,0,1,0,1,0,1,0,65536,512,8,1.494642
1,0,1,0,1,0,1,0,256,8,64,1.492303
1,0,1,0,1,0,1,0,4096,8,64,1.804986
1,0,1,0,1,0,1,0,65536,8,64,1.497038
1,0,1,0,1,0,1,0,256,64,64,1.456752
1,0,1,0,1,0,1,0,4096,64,64,1.213803
1,0,1,0,1,0,1,0,65536,64,64,1.710252
1,0,1,0,1,0,1,0,256,512,64,2.060282
1,0,1,0,1,0,1,0,4096,512,64,1.249659
1,0,1,0,1,0,1,0,65536,512,64,2.081761
1,0,1,0,1,0,1,1,256,8,1,1.441201
1,0,1,0,1,0,1,1,4096,8,1,1.054004
1,0,1,0,1,0,1,1,65536,8,1,1.44888
1,0,1,0,1,0,1,1,256,64,1,1.265678
1,0,1,0,1,0,1,1,4096,64,1,1.499571
1,0,1,0,1,0,1,1,65536,64,1,1.209308
1,0,1,0,1,0,1,1,256,512,1,1.903895
1,0,1,0,1,0,1,1,4096,512,1,1.309875
1,0,1,0,1,0,1,1,65536,512,1,1.890773
1,0,1,0,1,0,1,1,256,8,8,1.396929
1,0,1,0,1,0,1,1,4096,8,8,1.852899
1,0,1,0,1,0,1,1,65536,8,8,1.644513
1,0,1,0,1,0,1,1,256,64,8,1.797585
1,0,1,0,1,0,1,1,4096,64,8,1.681339
1,0,1,0,1,0,1,1,65536,64,8,1.491422
1,0,1,0,1,0,1,1,256,512,8,1.733424
1,0,1,0,1,0,1,1,4096,512,8,1.374979
1,0,1,0,1,0,1,1,65536,512,8,1.258366
1,0,1,0,1,0,1,1,256,8,64,1.819322
1,0,1,0,1,0,1,1,4096,8,64,1.118207
1,0,1,0,1,0,1,1,65536,8,64,1.606212
1,0,1,0,1,0,1,1,256,64,64,1.632747
1,0,1,0,1,0,1,1,4096,64,64,1.338843
1,0,1,0,1,0,1,1,65536,64,64,2.012904
1,0,1,0,1,0,1,1,256,512,64,1.812928
1,0,1,0,1,0,1,1,4096,512,64,1.244724
1,0,1,0,1,0,1,1,65536,512,64,1.632986
1,0,1,1,0,0,0,0,256,8,1,2.021084
1,0,1,1,0,0,0,0,4096,8,1,1.758741
1,0,1,1,0,0,0,0,65536,8,1,1.656031
1,0,1,1,0,0,0,0,256,64,1,1.613327
1,0,1,1,0,0,0,0,4096,64,1,1.431208
1,0,1,1,0,0,0,0,65536,64,1,1.54633
1,0,1,1,0,0,0,0,256,512,1,1.547121
1,0,1,1,0,0,0,0,4096,512,1,1.605274
1,0,1,1,0,0,0,0,65536,512,1,1.67056
1,0,1,1,0,0,0,0,256,8,8,1.751162
1,0,1,1,0,0,0,0,4096,8,8,1.735867
1,0,1,1,0,0,0,0,65536,8,8,1.821963
1,0,1,1,0,0,0,0,256,64,8,1.602599
1,0,1,1,0,0,0,0,4096,64,8,1.522072
1,0,1,1,0,0,0,0,65536,64,8,1.64658
1,0,1,1,0,0,0,0,256,512,8,1.784867
1,0,1,1,0,0,0,0,4096,512,8,1.650623
1,0,1,1,0,0,0,0,65536,512,8,1.592737
1,0,1,1,0,0,0,0,256,8,64,1.911696
1,0,1,1,0,0,0,0,4096,8,64,1.845419
1,0,1,1,0,0,0,0,65536,8,64,1.718231
1,0,1,1,0,0,0,0,256,64,64,1.5282
1,0,1,1,0,0,0,0,4096,64,64,1.783535
1,0,1,1,0,0,0,0,65536,64,64,1.583718
1,0,1,1,0,0,0,0,256,512,64,1.637253
1,0,1,1,0,0,0,0,4096,512,64,1.564503
1,0,1,1,0,0,0,0,65536,512,64,1.546799
1,0,1,1,0,0,0,1,256,8,1,1.712805
1,0,1,1,0,0,0,1,4096,8,1,1.691378
1,0,1,1,0,0,0,1,65536,8,1,1.618009
1,0,1,1,0,0,0,1,256,64,1,1.706501
1,0,1,1,0,0,0,1,4096,64,1,1.536065
1,0,1,1,0,0,0,1,65536,64,1,1.897585
1,0,1,1,0,0,0,1,256,512,1,1.655785
1,0,1,1,0,0,0,1,4096,512,1,1.673736
1,0,1,1,0,0,0,1,65536,512,1,1.474002
1,0,1,1,0,0,0,1,256,8,8,1.757667
1,0,1,1,0,0,0,1,4096,8,8,1.645884
1,0,1,1,0,0,0,1,65536,8,8,1.855291
1,0,1,1,0,0,0,1,256,64,8,1.600729
1,0,1,1,0,0,0,1,4096,64,8,1.598334
1,0,1,1,0,0,0,1,65536,64,8,1.657408
1,0,1,1,0,0,0,1,256,512,8,1.703227
1,0,1,1,0,0,0,1,4096,512,8,1.37102
1,0,1,1,0,0,0,1,65536,512,8,1.680538
1,0,1,1,0,0,0,1,256,8,64,1.761691
1,0,1,1,0,0,0,1,4096,8,64,1.735302
1,0,1,1,0,0,0,1,65536,8,64,1.744258
1,0,1,1,0,0,0,1,256,64,64,1.585649
1,0,1,1,0,0,0,1,4096,64,64,1.447527
1,0,1,1,0,0,0,1,65536,64,64,1.607188
1,0,1,1,0,0,0,1,256,512,64,1.503059
1,0,1,1,0,0,0,1,4096,512,64,1.592155
1,0,1,1,0,0,0,1,65536,512,64,1.723009
1,0,1,1,0,0,1,0,256,8,1,2.048976
1,0,1,1,0,0,1,0,4096,8,1,1.703746
1,0,1,1,0,0,1,0,65536,8,1,1.858495
1,0,1,1,0,0,1,0,256,64,1,1.756202
1,0,1,1,0,0,1,0,4096,64,1,1.709559
1,0,1,1,0,0,1,0,65536,64,1,1.557686
1,0,1,1,0,0,1,0,256,512,1,1.657051
1,0,1,1,0,0,1,0,4096,512,1,1.700527
1,0,1,1,0,0,1,0,65536,512,1,1.480853
1,0,1,1,0,0,1,0,256,8,8,1.885237
1,0,1,1,0,0,1,0,4096,8,8,1.603018
1,0,1,1,0,0,1,0,65536,8,8,1.754109
1,0,1,1,0,0,1,0,256,64,8,1.997773
1,0,1,1,0,0,1,0,4096,64,8,1.504187
1,0,1,1,0,0,1,0,65536,64,8,1.388449
1,0,1,1,0,0,1,0,256,512,8,1.422464
1,0,1,1,0,0,1,0,4096,512,8,1.493759
1,0,1,1,0,0,1,0,65536,512,8,1.437403
1,0,1,1,0,0,1,0,256,8,64,1.753758
1,0,1,1,0,0,1,0,4096,8,64,1.751359
1,0,1,1,0,0,1,0,65536,8,64,1.761262
1,0,1,1,0,0,1,0,256,64,64,1.512873
1,0,1,1,0,0,1,0,4096,64,64,1.659385
1,0,1,1,0,0,1,0,65536,64,64,1.671364
1,0,1,1,0,0,1,0,256,512,64,1.526359
1,0,1,1,0,0,1,0,4096,512,64,1.656722
1,0,1,1,0,0,1,0,65536,512,64,1.550645
1,0,1,1,0,0,1,1,256,8,1,1.576383
1,0,1,1,0,0,1,1,4096,8,1,1.698908
1,0,1,1,0,0,1,1,65536,8,1,1.648991
1,0,1,1,0,0,1,1,256,64,1,1.521079
1,0,1,1,0,0,1,1,4096,64,1,1.467283
1,0,1,1,0,0,1,1,65536,64,1,1.590119
1,0,1,1,0,0,1,1,256,512,1,1.562315
1,0,1,1,0,0,1,1,4096,512,1,1.460646
1,0,1,1,0,0,1,1,65536,512,1,1.72489
1,0,1,1,0,0,1,1,256,8,8,1.59231
1,0,1,1,0,0,1,1,4096,8,8,1.628638
1,0,1,1,0,0,1,1,65536,8,8,1.919909
1,0,1,1,0,0,1,1,256,64,8,1.453159
1,0,1,1,0,0,1,1,4096,64,8,1.735728
1,0,1,1,0,0,1,1,65536,64,8,1.475184
1,0,1,1,0,0,1,1,256,512,8,1.806646
1,0,1,1,0,0,1,1,4096,512,8,1.689943
1,0,1,1,0,0,1,1,65536,512,8,1.578436
1,0,1,1,0,0,1,1,256,8,64,1.756454
1,0,1,1,0,0,1,1,4096,8,64,1.688054
1,0,1,1,0,0,1,1,65536,8,64,1.612266
1,0,1,1,0,0,1,1,256,64,64,1.587977
1,0,1,1,0,0,1,1,4096,64,64,1.539108
1,0,1,1,0,0,1,1,65536,64,64,1.546767
1,0,1,1,0,0,1,1,256,512,64,1.577181
1,0,1,1,0,0,1,1,4096,512,64,1.392042
1,0,1,1,0,0,1,1,65536,512,64,1.487402
1,1,1,0,0,1,0,0,256,8,1,1.925332
1,1,1,0,0,1,0,0,4096,8,1,1.778526
1,1,1,0,0,1,0,0,65536,8,1,1.648522
1,1,1,0,0,1,0,0,256,64,1,1.418211
1,1,1,0,0,1,0,0,4096,64,1,1.809889
1,1,1,0,0,1,0,0,65536,64,1,1.611652
1,1,1,0,0,1,0,0,256,512,1,1.675374
1,1,1,0,0,1,0,0,4096,512,1,1.763885
1,1,1,0,0,1,0,0,65536,512,1,1.743873
1,1,1,0,0,1,0,0,256,8,8,1.825017
1,1,1,0,0,1,0,0,4096,8,8,1.725137
1,1,1,0,0,1,0,0,65536,8,8,1.779321
1,1,1,0,0,1,0,0,256,64,8,1.536753
1,1,1,0,0,1,0,0,4096,64,8,1.626948
1,1,1,0,0,1,0,0,65536,64,8,1.523635
1,1,1,0,0,1,0,0,256,512,8,1.443116
1,1,1,0,0,1,0,0,4096,512,8,1.929863
1,1,1,0,0,1,0,0,65536,512,8,1.541053
1,1,1,0,0,1,0,0,256,8,64,1.905012
1,1,1,0,0,1,0,0,4096,8,64,1.881376
1,1,1,0,0,1,0,0,65536,8,64,1.791358
1,1,1,0,0,1,0,0,256,64,64,1.530319
1,1,1,0,0,1,0,0,4096,64,64,1.730148
1,1,1,0,0,1,0,0,65536,64,64,1.56885
1,1,1,0,0,1,0,0,256,512,64,1.66945
1,1,1,0,0,1,0,0,4096,512,64,1.584772
1,1,1,0,0,1,0,0,65536,512,64,1.530507
1,1,1,0,0,1,0,1,256,8,1,1.635882
1,1,1,0,0,1,0,1,4096,8,1,1.782625
1,1,1,0,0,1,0,1,65536,8,1,1.903727
1,1,1,0,0,1,0,1,256,64,1,1.545043
1,1,1,0,0,1,0,1,4096,64,1,1.909999
1,1,1,0,0,1,0,1,65536,64,1,1.600513
1,1,1,0,0,1,0,1,256,512,1,1.560819
1,1,1,0,0,1,0,1,4096,512,1,1.50228
1,1,1,0,0,1,0,1,65536,512,1,1.44281
1,1,1,0,0,1,0,1,256,8,8,1.725259
1,1,1,0,0,1,0,1,4096,8,8,1.809235
1,1,1,0,0,1,0,1,65536,8,8,1.667866
1,1,1,0,0,1,0,1,256,64,8,1.561618
1,1,1,0,0,1,0,1,4096,64,8,1.539308
1,1,1,0,0,1,0,1,65536,64,8,1.654442
1,1,1,0,0,1,0,1,256,512,8,1.718658
1,1,1,0,0,1,0,1,4096,512,8,1.526852
1,1,1,0,0,1,0,1,65536,512,8,1.540702
1,1,1,0,0,1,0,1,256,8,64,1.700449
1,1,1,0,0,1,0,1,4096,8,64,1.78646
1,1,1,0,0,1,0,1,65536,8,64,1.566516
1,1,1,0,0,1,0,1,256,64,64,1.727309
1,1,1,0,0,1,0,1,4096,64,64,1.515467
1,1,1,0,0,1,0,1,65536,64,64,1.485273
1,1,1,0,0,1,0,1,256,512,64,1.617343
1,1,1,0,0,1,0,1,4096,512,64,1.690287
1,1,1,0,0,1,0,1,65536,512,64,1.55577
1,1,1,0,0,1,1,0,256,8,1,1.642251
1,1,1,0,0,1,1,0,4096,8,1,1.74872
1,1,1,0,0,1,1,0,65536,8,1,1.855874
1,1,1,0,0,1,1,0,256,64,1,1.373608
1,1,1,0,0,1,1,0,4096,64,1,1.742841
1,1,1,0,0,1,1,0,65536,64,1,1.683757
1,1,1,0,0,1,1,0,256,512,1,1.701512
1,1,1,0,0,1,1,0,4096,512,1,1.484369
1,1,1,0,0,1,1,0,65536,512,1,1.590684
1,1,1,0,0,1,1,0,256,8,8,1.667379
1,1,1,0,0,1,1,0,4096,8,8,1.776428
1,1,1,0,0,1,1,0,65536,8,8,1.6365
1,1,1,0,0,1,1,0,256,64,8,1.561295
1,1,1,0,0,1,1,0,4096,64,8,1.565568
1,1,1,0,0,1,1,0,65536,64,8,1.520951
1,1,1,0,0,1,1,0,256,512,8,1.628683
1,1,1,0,0,1,1,0,4096,512,8,1.613454
1,1,1,0,0,1,1,0,65536,512,8,1.556203
1,1,1,0,0,1,1,0,256,8,64,1.643417
1,1,1,0,0,1,1,0,4096,8,64,1.620885
1,1,1,0,0,1,1,0,65536,8,64,1.863516
1,1,1,0,0,1,1,0,256,64,64,1.628909
1,1,1,0,0,1,1,0,4096,64,64,1.644288
1,1,1,0,0,1,1,0,65536,64,64,1.858681
1,1,1,0,0,1,1,0,256,512,64,1.705371
1,1,1,0,0,1,1,0,4096,512,64,1.663316
1,1,1,0,0,1,1,0,65536,512,64,1.658053
1,1,1,0,0,1,1,1,256,8,1,1.84261
1,1,1,0,0,1,1,1,4096,8,1,1.720359
1,1,1,0,0,1,1,1,65536,8,1,1.552177
1,1,1,0,0,1,1,1,256,64,1,1.591509
1,1,1,0,0,1,1,1,4096,64,1,1.410698
1,1,1,0,0,1,1,1,65536,64,1,1.676824
1,1,1,0,0,1,1,1,256,512,1,1.754942
1,1,1,0,0,1,1,1,4096,512,1,1.652066
1,1,1,0,0,1,1,1,65536,512,1,1.819244
1,1,1,0,0,1,1,1,256,8,8,1.852922
1,1,1,0,0,1,1,1,4096,8,8,1.897551
1,1,1,0,0,1,1,1,65536,8,8,1.556799
1,1,1,0,0,1,1,1,256,64,8,1.653925
1,1,1,0,0,1,1,1,4096,64,8,1.412018
1,1,1,0,0,1,1,1,65536,64,8,1.870805
1,1,1,0,0,1,1,1,256,512,8,1.666205
1,1,1,0,0,1,1,1,4096,512,8,1.576184
1,1,1,0,0,1,1,1,65536,512,8,1.812544
1,1,1,0,0,1,1,1,256,8,64,1.748903
1,1,1,0,0,1,1,1,4096,8,64,1.702435
1,1,1,0,0,1,1,1,65536,8,64,1.676432
1,1,1,0,0,1,1,1,256,64,64,1.501437
1,1,1,0,0,1,1,1,4096,64,64,1.842257
1,1,1,0,0,1,1,1,65536,64,64,1.706902
1,1,1,0,0,1,1,1,256,512,64,1.517274
1,1,1,0,0,1,1,1,4096,512,64,1.521937
1,1,1,0,0,1,1,1,65536,512,64,1.438729
1,1,1,0,1,0,0,0,256,8,1,1.702419
1,1,1,0,1,0,0,0,4096,8,1,1.475808
1,1,1,0,1,0,0,0,65536,8,1,1.667669
1,1,1,0,1,0,0,0,256,64,1,1.309406
1,1,1,0,1,0,0,0,4096,64,1,1.439672
1,1,1,0,1,0,0,0,65536,64,1,1.481897
1,1,1,0,1,0,0,0,256,512,1,1.356427
1,1,1,0,1,0,0,0,4096,512,1,1.271543
1,1,1,0,1,0,0,0,65536,512,1,1.401437
1,1,1,0,1,0,0,0,256,8,8,1.460937
1,1,1,0,1,0,0,0,4096,8,8,1.647472
1,1,1,0,1,0,0,0,65536,8,8,1.651824
1,1,1,0,1,0,0,0,256,64,8,1.448578
1,1,1,0,1,0,0,0,4096,64,8,1.511753
1,1,1,0,1,0,0,0,65536,64,8,1.502772
1,1,1,0,1,0,0,0,256,512,8,1.199561
1,1,1,0,1,0,0,0,4096,512,8,1.356983
1,1,1,0,1,0,0,0,65536,512,8,1.390802
1,1,1,0,1,0,0,0,256,8,64,1.554776
1,1,1,0,1,0,0,0,4096,8,64,1.488095
1,1,1,0,1,0,0,0,65536,8,64,1.299824
1,1,1,0,1,0,0,0,256,64,64,1.39118
1,1,1,0,1,0,0,0,4096,64,64,1.331115
1,1,1,0,1,0,0,0,65536,64,64,1.444736
1,1,1,0,1,0,0,0,256,512,64,1.273052
1,1,1,0,1,0,0,0,4096,512,64,1.303733
1,1,1,0,1,0,0,0,65536,512,64,1.208581
1,1,1,0,1,0,0,1,256,8,1,1.472668
1,1,1,0,1,0,0,1,4096,8,1,1.559393
1,1,1,0,1,0,0,1,65536,8,1,1.487801
1,1,1,0,1,0,0,1,256,64,1,1.319956
1,1,1,0,1,0,0,1,4096,64,1,1.325812
1,1,1,0,1,0,0,1,65536,64,1,1.342498
1,1,1,0,1,0,0,1,256,512,1,1.414561
1,1,1,0,1,0,0,1,4096,512,1,1.354097
1,1,1,0,1,0,0,1,65536,512,1,1.290053
1,1,1,0,1,0,0,1,256,8,8,1.484875
1,1,1,0,1,0,0,1,4096,8,8,1.484554
1,1,1,0,1,0,0,1,65536,8,8,1.439492
1,1,1,0,1,0,0,1,256,64,8,1.247643
1,1,1,0,1,0,0,1,4096,64,8,1.332211
1,1,1,0,1,0,0,1,65536,64,8,1.254684
1,1,1,0,1,0,0,1,256,512,8,1.367971
1,1,1,0,1,0,0,1,4096,512,8,1.423734
1,1,1,0,1,0,0,1,65536,512,8,1.554945
1,1,1,0,1,0,0,1,256,8,64,1.562285
1,1,1,0,1,0,0,1,4096,8,64,1.35451
1,1,1,0,1,0,0,1,65536,8,64,1.466743
1,1,1,0,1,0,0,1,256,64,64,1.327217
1,1,1,0,1,0,0,1,4096,64,64,1.534441
1,1,1,0,1,0,0,1,65536,64,64,1.471288
1,1,1,0,1,0,0,1,256,512,64,1.50468
1,1,1,0,1,0,0,1,4096,512,64,1.216988
1,1,1,0,1,0,0,1,65536,512,64,1.385645
1,1,1,0,1,0,1,0,256,8,1,1.694267
1,1,1,0,1,0,1,0,4096,8,1,1.643776
1,1,1,0,1,0,1,0,65536,8,1,1.554991
1,1,1,0,1,0,1,0,256,64,1,1.411715
1,1,1,0,1,0,1,0,4096,64,1,1.384752
1,1,1,0,1,0,1,0,65536,64,1,1.522173
1,1,1,0,1,0,1,0,256,512,1,1.465019
1,1,1,0,1,0,1,0,4096,512,1,1.336673
1,1,1,0,1,0,1,0,65536,512,1,1.522216
1,1,1,0,1,0,1,0,256,8,8,1.498277
1,1,1,0,1,0,1,0,4096,8,8,1.643232
1,1,1,0,1,0,1,0,65536,8,8,1.726561
1,1,1,0,1,0,1,0,256,64,8,1.339232
1,1,1,0,1,0,1,0,4096,64,8,1.363668
1,1,1,0,1,0,1,0,65536,64,8,1.378801
1,1,1,0,1,0,1,0,256,512,8,1.47623
1,1,1,0,1,0,1,0,4096,512,8,1.423748
1,1,1,0,1,0,1,0,65536,512,8,1.312765
1,1,1,0,1,0,1,0,256,8,64,1.505381
1,1,1,0,1,0,1,0,4096,8,64,1.551248
1,1,1,0,1,0,1,0,65536,8,64,1.599015
1,1,1,0,1,0,1,0,256,64,64,1.344552
1,1,1,0,1,0,1,0,4096,64,64,1.299051
1,1,1,0,1,0,1,0,65536,64,64,1.285858
1,1,1,0,1,0,1,0,256,512,64,1.431877
1,1,1,0,1,0,1,0,4096,512,64,1.558229
1,1,1,0,1,0,1,0,65536,512,64,1.220719
1,1,1,0,1,0,1,1,256,8,1,1.491307
1,1,1,0,1,0,1,1,4096,8,1,1.64461
1,1,1,0,1,0,1,1,65536,8,1,1.545044
1,1,1,0,1,0,1,1,256,64,1,1.280877
1,1,1,0,1,0,1,1,4096,64,1,1.411191
1,1,1,0,1,0,1,1,65536,64,1,1.431048
1,1,1,0,1,0,1,1,256,512,1,1.288336
1,1,1,0,1,0,1,1,4096,512,1,1.47222
1,1,1,0,1,0,1,1,65536,512,1,1.262369
1,1,1,0,1,0,1,1,256,8,8,1.744768
1,1,1,0,1,0,1,1,4096,8,8,1.481899
1,1,1,0,1,0,1,1,65536,8,8,1.567721
1,1,1,0,1,0,1,1,256,64,8,1.397253
1,1,1,0,1,0,1,1,4096,64,8,1.347716
1,1,1,0,1,0,1,1,65536,64,8,1.47941
1,1,1,0,1,0,1,1,256,512,8,1.281253
1,1,1,0,1,0,1,1,4096,512,8,1.365632
1,1,1,0,1,0,1,1,65536,512,8,1.306907
1,1,1,0,1,0,1,1,256,8,64,1.461252
1,1,1,0,1,0,1,1,4096,8,64,1.52434
1,1,1,0,1,0,1,1,65536,8,64,1.460566
1,1,1,0,1,0,1,1,256,64,64,1.293708
1,1,1,0,1,0,1,1,4096,64,64,1.330688
1,1,1,0,1,0,1,1,65536,64,64,1.428419
1,1,1,0,1,0,1,1,256,512,64,1.284143
1,1,1,0,1,0,1,1,4096,512,64,1.368432
1,1,1,0,1,0,1,1,65536,512,64,1.324225
1,1,1,1,0,0,0,0,256,8,1,1.769089
1,1,1,1,0,0,0,0,4096,8,1,1.951205
1,1,1,1,0,0,0,0,65536,8,1,1.886453
1,1,1,1,0,0,0,0,256,64,1,1.526696
1,1,1,1,0,0,0,0,4096,64,1,1.606628
1,1,1,1,0,0,0,0,65536,64,1,1.53144
1,1,1,1,0,0,0,0,256,512,1,1.415786
1,1,1,1,0,0,0,0,4096,512,1,1.595258
1,1,1,1,0,0,0,0,65536,512,1,1.584244
1,1,1,1,0,0,0,0,256,8,8,1.71875
1,1,1,1,0,0,0,0,4096,8,8,1.777277
1,1,1,1,0,0,0,0,65536,8,8,1.798307
1,1,1,1,0,0,0,0,256,64,8,1.528208
1,1,1,1,0,0,0,0,4096,64,8,1.701659
1,1,1,1,0,0,0,0,65536,64,8,1.570353
1,1,1,1,0,0,0,0,256,512,8,1.5008
1,1,1,1,0,0,0,0,4096,512,8,1.399781
1,1,1,1,0,0,0,0,65536,512,8,1.718633
1,1,1,1,0,0,0,0,256,8,64,1.678297
1,1,1,1,0,0,0,0,4096,8,64,1.730168
1,1,1,1,0,0,0,0,65536,8,64,1.546782
1,1,1,1,0,0,0,0,256,64,64,1.549123
1,1,1,1,0,0,0,0,4096,64,64,1.474133
1,1,1,1,0,0,0,0,65536,64,64,1.54881
1,1,1,1,0,0,0,0,256,512,64,1.506475
1,1,1,1,0,0,0,0,4096,512,64,1.44329
1,1,1,1,0,0,0,0,65536,512,64,1.598387
1,1,1,1,0,0,0,1,256,8,1,1.661267
1,1,1,1,0,0,0,1,4096,8,1,1.702528
1,1,1,1,0,0,0,1,65536,8,1,1.697971
1,1,1,1,0,0,0,1,256,64,1,1.664765
1,1,1,1,0,0,0,1,4096,64,1,1.777213
1,1,1,1,0,0,0,1,65536,64,1,1.564277
1,1,1,1,0,0,0,1,256,512,1,1.621734
1,1,1,1,0,0,0,1,4096,512,1,1.503445
1,1,1,1,0,0,0,1,65536,512,1,1.572658
1,1,1,1,0,0,0,1,256,8,8,1.608574
1,1,1,1,0,0,0,1,4096,8,8,1.547211
1,1,1,1,0,0,0,1,65536,8,8,1.85362
1,1,1,1,0,0,0,1,256,64,8,1.723039
1,1,1,1,0,0,0,1,4096,64,8,1.938732
1,1,1,1,0,0,0,1,65536,64,8,1.349145
1,1,1,1,0,0,0,1,256,512,8,1.762409
1,1,1,1,0,0,0,1,4096,512,8,1.637993
1,1,1,1,0,0,0,1,65536,512,8,1.595527
1,1,1,1,0,0,0,1,256,8,64,1.774282
1,1,1,1,0,0,0,1,4096,8,64,1.660768
1,1,1,1,0,0,0,1,65536,8,64,1.605759
1,1,1,1,0,0,0,1,256,64,64,1.88854
1,1,1,1,0,0,0,1,4096,64,64,1.739924
1,1,1,1,0,0,0,1,65536,64,64,1.653469
1,1,1,1,0,0,0,1,256,512,64,1.722195
1,1,1,1,0,0,0,1,4096,512,64,1.648149
1,1,1,1,0,0,0,1,65536,512,64,1.487827
1,1,1,1,0,0,1,0,256,8,1,1.703751
1,1,1,1,0,0,1,0,4096,8,1,1.879224
1,1,1,1,0,0,1,0,65536,8,1,1.683262
1,1,1,1,0,0,1,0,256,64,1,1.668921
1,1,1,1,0,0,1,0,4096,64,1,1.471058
1,1,1,1,0,0,1,0,65536,64,1,1.583859
1,1,1,1,0,0,1,0,256,512,1,1.725002
1,1,1,1,0,0,1,0,4096,512,1,1.650772
1,1,1,1,0,0,1,0,65536,512,1,1.568428
1,1,1,1,0,0,1,0,256,8,8,1.97397
1,1,1,1,0,0,1,0,4096,8,8,1.891999
1,1,1,1,0,0,1,0,65536,8,8,1.771288
1,1,1,1,0,0,1,0,256,64,8,1.524047
1,1,1,1,0,0,1,0,4096,64,8,1.848938
1,1,1,1,0,0,1,0,65536,64,8,1.650216
1,1,1,1,0,0,1,0,256,512,8,1.624635
1,1,1,1,0,0,1,0,4096,512,8,1.707262
1,1,1,1,0,0,1,0,65536,512,8,1.543699
1,1,1,1,0,0,1,0,256,8,64,1.724828
1,1,1,1,0,0,1,0,4096,8,64,1.742327
1,1,1,1,0,0,1,0,65536,8,64,1.990218
1,1,1,1,0,0,1,0,256,64,64,1.622854
1,1,1,1,0,0,1,0,4096,64,64,1.591317
1,1,1,1,0,0,1,0,65536,64,64,1.65068
1,1,1,1,0,0,1,0,256,512,64,1.468925
1,1,1,1,0,0,1,0,4096,512,64,1.553761
1,1,1,1,0,0,1,0,65536,512,64,1.60485
1,1,1,1,0,0,1,1,256,8,1,1.77053
1,1,1,1,0,0,1,1,4096,8,1,1.811248
1,1,1,1,0,0,1,1,65536,8,1,1.607334
1,1,1,1,0,0,1,1,256,64,1,1.789559
1,1,1,1,0,0,1,1,4096,64,1,1.708586
1,1,1,1,0,0,1,1,65536,64,1,1.584279
1,1,1,1,0,0,1,1,256,512,1,1.635562
1,1,1,1,0,0,1,1,4096,512,1,1.470933
1,1,1,1,0,0,1,1,65536,512,1,1.807087
1,1,1,1,0,0,1,1,256,8,8,1.68922
1,1,1,1,0,0,1,1,4096,8,8,1.616814
1,1,1,1,0,0,1,1,65536,8,8,1.651611
1,1,1,1,0,0,1,1,256,64,8,1.676376
1,1,1,1,0,0,1,1,4096,64,8,1.561895
1,1,1,1,0,0,1,1,65536,64,8,1.753643
1,1,1,1,0,0,1,1,256,512,8,1.603769
1,1,1,1,0,0,1,1,4096,512,8,1.608371
1,1,1,1,0,0,1,1,65536,512,8,1.628176
1,1,1,1,0,0,1,1,256,8,64,1.801677
1,1,1,1,0,0,1,1,4096,8,64,1.659518
1,1,1,1,0,0,1,1,65536,8,64,1.689776
1,1,1,1,0,0,1,1,256,64,64,1.816007
1,1,1,1,0,0,1,1,4096,64,64,1.591764
1,1,1,1,0,0,1,1,65536,64,64,1.7331
1,1,1,1,0,0,1,1,256,512,64,1.628043
1,1,1,1,0,0,1,1,4096,512,64,1.529283
1,1,1,1,0,0,1,1,65536,512,64,1.741663
