twoPass,quality,bestQuality,goodQuality,rtQuality,constantBitrate,autoAltRef,noAltRef,allowResize,Threads,TokenParts,ArnrMaxFrames,ArnrStrength,Cpu-
0,1,0,0,1,0,0,0,0,1,0,0,0,29.555556
0,1,0,0,1,0,0,0,0,2,0,0,0,38.810952
0,1,0,0,1,0,0,0,0,3,0,0,0,41.778
0,1,0,0,1,0,0,0,0,4,0,0,0,42.725333
0,1,0,0,1,0,0,0,0,1,1,0,0,30.599444
0,1,0,0,1,0,0,0,0,2,1,0,0,38.687143
0,1,0,0,1,0,0,0,0,3,1,0,0,45.326667
0,1,0,0,1,0,0,0,0,4,1,0,0,42.23
0,1,0,0,1,0,0,0,0,1,2,0,0,29.898333
0,1,0,0,1,0,0,0,0,2,2,0,0,38.860476
0,1,0,0,1,0,0,0,0,3,2,0,0,44.006762
0,1,0,0,1,0,0,0,0,4,2,0,0,45.346
0,1,0,0,1,0,0,0,0,1,0,5,0,30.040278
0,1,0,0,1,0,0,0,0,2,0,5,0,39.874286
0,1,0,0,1,0,0,0,0,3,0,5,0,45.263334
0,1,0,0,1,0,0,0,0,4,0,5,0,46.604
0,1,0,0,1,0,0,0,0,1,1,5,0,31.014722
0,1,0,0,1,0,0,0,0,2,1,5,0,38.538571
0,1,0,0,1,0,0,0,0,3,1,5,0,42.215333
0,1,0,0,1,0,0,0,0,4,1,5,0,47.823333
0,1,0,0,1,0,0,0,0,1,2,5,0,27.4425
0,1,0,0,1,0,0,0,0,2,2,5,0,37.072857
0,1,0,0,1,0,0,0,0,3,2,5,0,45.149047
0,1,0,0,1,0,0,0,0,4,2,5,0,43.708
0,1,0,0,1,0,0,0,0,1,0,15,0,30.175278
0,1,0,0,1,0,0,0,0,2,0,15,0,40.30381
0,1,0,0,1,0,0,0,0,3,0,15,0,46.035238
0,1,0,0,1,0,0,0,0,4,0,15,0,47.797333
0,1,0,0,1,0,0,0,0,1,1,15,0,30.359167
0,1,0,0,1,0,0,0,0,2,1,15,0,37.885714
0,1,0,0,1,0,0,0,0,3,1,15,0,44.51
0,1,0,0,1,0,0,0,0,4,1,15,0,47.523333
0,1,0,0,1,0,0,0,0,1,2,15,0,28.719722
0,1,0,0,1,0,0,0,0,2,2,15,0,37.897619
0,1,0,0,1,0,0,0,0,3,2,15,0,39.479333
0,1,0,0,1,0,0,0,0,4,2,15,0,42.888
0,1,0,0,1,0,0,0,0,1,0,0,3,28.346667
0,1,0,0,1,0,0,0,0,2,0,0,3,36.636667
0,1,0,0,1,0,0,0,0,3,0,0,3,45.039333
0,1,0,0,1,0,0,0,0,4,0,0,3,48.195333
0,1,0,0,1,0,0,0,0,1,1,0,3,29.971111
0,1,0,0,1,0,0,0,0,2,1,0,3,37.962381
0,1,0,0,1,0,0,0,0,3,1,0,3,43.668667
0,1,0,0,1,0,0,0,0,4,1,0,3,45.610667
0,1,0,0,1,0,0,0,0,1,2,0,3,30.566667
0,1,0,0,1,0,0,0,0,2,2,0,3,40.742857
0,1,0,0,1,0,0,0,0,3,2,0,3,42.352
0,1,0,0,1,0,0,0,0,4,2,0,3,45.735333
0,1,0,0,1,0,0,0,0,1,0,5,3,29.036667
0,1,0,0,1,0,0,0,0,2,0,5,3,39.347143
0,1,0,0,1,0,0,0,0,3,0,5,3,43.264667
0,1,0,0,1,0,0,0,0,4,0,5,3,47.202
0,1,0,0,1,0,0,0,0,1,1,5,3,26.845
0,1,0,0,1,0,0,0,0,2,1,5,3,40.004762
0,1,0,0,1,0,0,0,0,3,1,5,3,43.548
0,1,0,0,1,0,0,0,0,4,1,5,3,44.930667
0,1,0,0,1,0,0,0,0,1,2,5,3,30.2825
0,1,0,0,1,0,0,0,0,2,2,5,3,41.748572
0,1,0,0,1,0,0,0,0,3,2,5,3,46.146667
0,1,0,0,1,0,0,0,0,4,2,5,3,46.586667
0,1,0,0,1,0,0,0,0,1,0,15,3,28.713056
0,1,0,0,1,0,0,0,0,2,0,15,3,40.871905
0,1,0,0,1,0,0,0,0,3,0,15,3,45.53
0,1,0,0,1,0,0,0,0,4,0,15,3,42.243333
0,1,0,0,1,0,0,0,0,1,1,15,3,29.707222
0,1,0,0,1,0,0,0,0,2,1,15,3,37.534762
0,1,0,0,1,0,0,0,0,3,1,15,3,44.463333
0,1,0,0,1,0,0,0,0,4,1,15,3,47.008
0,1,0,0,1,0,0,0,0,1,2,15,3,28.953611
0,1,0,0,1,0,0,0,0,2,2,15,3,40.741429
0,1,0,0,1,0,0,0,0,3,2,15,3,42.752667
0,1,0,0,1,0,0,0,0,4,2,15,3,47.028667
0,1,0,0,1,0,0,0,0,1,0,0,6,32.377778
0,1,0,0,1,0,0,0,0,2,0,0,6,39.638571
0,1,0,0,1,0,0,0,0,3,0,0,6,42.844
0,1,0,0,1,0,0,0,0,4,0,0,6,45.796667
0,1,0,0,1,0,0,0,0,1,1,0,6,32.357778
0,1,0,0,1,0,0,0,0,2,1,0,6,39.661905
0,1,0,0,1,0,0,0,0,3,1,0,6,41.723333
0,1,0,0,1,0,0,0,0,4,1,0,6,47.586667
0,1,0,0,1,0,0,0,0,1,2,0,6,31.030556
0,1,0,0,1,0,0,0,0,2,2,0,6,37.1
0,1,0,0,1,0,0,0,0,3,2,0,6,45.011333
0,1,0,0,1,0,0,0,0,4,2,0,6,47.038667
0,1,0,0,1,0,0,0,0,1,0,5,6,29.184167
0,1,0,0,1,0,0,0,0,2,0,5,6,39.700476
0,1,0,0,1,0,0,0,0,3,0,5,6,43.341524
0,1,0,0,1,0,0,0,0,4,0,5,6,43.954
0,1,0,0,1,0,0,0,0,1,1,5,6,31.936945
0,1,0,0,1,0,0,0,0,2,1,5,6,36.436667
0,1,0,0,1,0,0,0,0,3,1,5,6,45.373333
0,1,0,0,1,0,0,0,0,4,1,5,6,48.594
0,1,0,0,1,0,0,0,0,1,2,5,6,28.559444
0,1,0,0,1,0,0,0,0,2,2,5,6,41.868572
0,1,0,0,1,0,0,0,0,3,2,5,6,45.29
0,1,0,0,1,0,0,0,0,4,2,5,6,46.860667
0,1,0,0,1,0,0,0,0,1,0,15,6,31.066944
0,1,0,0,1,0,0,0,0,2,0,15,6,39.310952
0,1,0,0,1,0,0,0,0,3,0,15,6,41.381048
0,1,0,0,1,0,0,0,0,4,0,15,6,46.61
0,1,0,0,1,0,0,0,0,1,1,15,6,31.606389
0,1,0,0,1,0,0,0,0,2,1,15,6,39.469524
0,1,0,0,1,0,0,0,0,3,1,15,6,46.498571
0,1,0,0,1,0,0,0,0,4,1,15,6,43.312
0,1,0,0,1,0,0,0,0,1,2,15,6,28.495
0,1,0,0,1,0,0,0,0,2,2,15,6,37.818572
0,1,0,0,1,0,0,0,0,3,2,15,6,45.413333
0,1,0,0,1,0,0,0,0,4,2,15,6,46.919333
0,1,0,0,1,0,0,0,1,1,0,0,0,29.953889
0,1,0,0,1,0,0,0,1,2,0,0,0,40.394286
0,1,0,0,1,0,0,0,1,3,0,0,0,45.07
0,1,0,0,1,0,0,0,1,4,0,0,0,46.834
0,1,0,0,1,0,0,0,1,1,1,0,0,30.236944
0,1,0,0,1,0,0,0,1,2,1,0,0,41.429524
0,1,0,0,1,0,0,0,1,3,1,0,0,40.796
0,1,0,0,1,0,0,0,1,4,1,0,0,44.721333
0,1,0,0,1,0,0,0,1,1,2,0,0,30.279167
0,1,0,0,1,0,0,0,1,2,2,0,0,36.623333
0,1,0,0,1,0,0,0,1,3,2,0,0,41.328667
0,1,0,0,1,0,0,0,1,4,2,0,0,46.939333
0,1,0,0,1,0,0,0,1,1,0,5,0,30.44
0,1,0,0,1,0,0,0,1,2,0,5,0,40.266191
0,1,0,0,1,0,0,0,1,3,0,5,0,43.212
0,1,0,0,1,0,0,0,1,4,0,5,0,44.509333
0,1,0,0,1,0,0,0,1,1,1,5,0,29.1225
0,1,0,0,1,0,0,0,1,2,1,5,0,40.478095
0,1,0,0,1,0,0,0,1,3,1,5,0,41.943333
0,1,0,0,1,0,0,0,1,4,1,5,0,47.229333
0,1,0,0,1,0,0,0,1,1,2,5,0,31.0025
0,1,0,0,1,0,0,0,1,2,2,5,0,39.201428
0,1,0,0,1,0,0,0,1,3,2,5,0,42.796667
0,1,0,0,1,0,0,0,1,4,2,5,0,45.528667
0,1,0,0,1,0,0,0,1,1,0,15,0,29.422222
0,1,0,0,1,0,0,0,1,2,0,15,0,39.808095
0,1,0,0,1,0,0,0,1,3,0,15,0,43.535905
0,1,0,0,1,0,0,0,1,4,0,15,0,46.396476
0,1,0,0,1,0,0,0,1,1,1,15,0,29.872222
0,1,0,0,1,0,0,0,1,2,1,15,0,41.7
0,1,0,0,1,0,0,0,1,3,1,15,0,41.673333
0,1,0,0,1,0,0,0,1,4,1,15,0,46.311334
0,1,0,0,1,0,0,0,1,1,2,15,0,30.976389
0,1,0,0,1,0,0,0,1,2,2,15,0,41.871428
0,1,0,0,1,0,0,0,1,3,2,15,0,44.964286
0,1,0,0,1,0,0,0,1,4,2,15,0,43.720667
0,1,0,0,1,0,0,0,1,1,0,0,3,30.163611
0,1,0,0,1,0,0,0,1,2,0,0,3,39.414286
0,1,0,0,1,0,0,0,1,3,0,0,3,43.95
0,1,0,0,1,0,0,0,1,4,0,0,3,46.548
0,1,0,0,1,0,0,0,1,1,1,0,3,31.136667
0,1,0,0,1,0,0,0,1,2,1,0,3,40.808572
0,1,0,0,1,0,0,0,1,3,1,0,3,40.466
0,1,0,0,1,0,0,0,1,4,1,0,3,47.834
0,1,0,0,1,0,0,0,1,1,2,0,3,31.045
0,1,0,0,1,0,0,0,1,2,2,0,3,36.766667
0,1,0,0,1,0,0,0,1,3,2,0,3,44.794762
0,1,0,0,1,0,0,0,1,4,2,0,3,47.83
0,1,0,0,1,0,0,0,1,1,0,5,3,30.048889
0,1,0,0,1,0,0,0,1,2,0,5,3,39.977619
0,1,0,0,1,0,0,0,1,3,0,5,3,43.303333
0,1,0,0,1,0,0,0,1,4,0,5,3,46.854
0,1,0,0,1,0,0,0,1,1,1,5,3,30.613889
0,1,0,0,1,0,0,0,1,2,1,5,3,41.462857
0,1,0,0,1,0,0,0,1,3,1,5,3,45.71
0,1,0,0,1,0,0,0,1,4,1,5,3,46.807333
0,1,0,0,1,0,0,0,1,1,2,5,3,28.741944
0,1,0,0,1,0,0,0,1,2,2,5,3,39.313809
0,1,0,0,1,0,0,0,1,3,2,5,3,41.443333
0,1,0,0,1,0,0,0,1,4,2,5,3,47.314
0,1,0,0,1,0,0,0,1,1,0,15,3,29.846667
0,1,0,0,1,0,0,0,1,2,0,15,3,40.568571
0,1,0,0,1,0,0,0,1,3,0,15,3,42.766
0,1,0,0,1,0,0,0,1,4,0,15,3,48.263333
0,1,0,0,1,0,0,0,1,1,1,15,3,31.476667
0,1,0,0,1,0,0,0,1,2,1,15,3,40.628571
0,1,0,0,1,0,0,0,1,3,1,15,3,46.47
0,1,0,0,1,0,0,0,1,4,1,15,3,46.693333
0,1,0,0,1,0,0,0,1,1,2,15,3,29.9375
0,1,0,0,1,0,0,0,1,2,2,15,3,41.331429
0,1,0,0,1,0,0,0,1,3,2,15,3,44.53
0,1,0,0,1,0,0,0,1,4,2,15,3,44.777333
0,1,0,0,1,0,0,0,1,1,0,0,6,30.977778
0,1,0,0,1,0,0,0,1,2,0,0,6,40.12
0,1,0,0,1,0,0,0,1,3,0,0,6,46.036667
0,1,0,0,1,0,0,0,1,4,0,0,6,47.633333
0,1,0,0,1,0,0,0,1,1,1,0,6,28.258611
0,1,0,0,1,0,0,0,1,2,1,0,6,40.801428
0,1,0,0,1,0,0,0,1,3,1,0,6,43.526667
0,1,0,0,1,0,0,0,1,4,1,0,6,45.745333
0,1,0,0,1,0,0,0,1,1,2,0,6,32.300833
0,1,0,0,1,0,0,0,1,2,2,0,6,40.628571
0,1,0,0,1,0,0,0,1,3,2,0,6,42.345333
0,1,0,0,1,0,0,0,1,4,2,0,6,45.556
0,1,0,0,1,0,0,0,1,1,0,5,6,31.578056
0,1,0,0,1,0,0,0,1,2,0,5,6,37.876667
0,1,0,0,1,0,0,0,1,3,0,5,6,42.472667
0,1,0,0,1,0,0,0,1,4,0,5,6,47.960667
0,1,0,0,1,0,0,0,1,1,1,5,6,29.734167
0,1,0,0,1,0,0,0,1,2,1,5,6,38.304286
0,1,0,0,1,0,0,0,1,3,1,5,6,45.946667
0,1,0,0,1,0,0,0,1,4,1,5,6,43.212667
0,1,0,0,1,0,0,0,1,1,2,5,6,32.600556
0,1,0,0,1,0,0,0,1,2,2,5,6,42.017143
0,1,0,0,1,0,0,0,1,3,2,5,6,46.39
0,1,0,0,1,0,0,0,1,4,2,5,6,46.068
0,1,0,0,1,0,0,0,1,1,0,15,6,29.813056
0,1,0,0,1,0,0,0,1,2,0,15,6,41.417143
0,1,0,0,1,0,0,0,1,3,0,15,6,43.963333
0,1,0,0,1,0,0,0,1,4,0,15,6,44.365333
0,1,0,0,1,0,0,0,1,1,1,15,6,31.817778
0,1,0,0,1,0,0,0,1,2,1,15,6,39.792857
0,1,0,0,1,0,0,0,1,3,1,15,6,44.254
0,1,0,0,1,0,0,0,1,4,1,15,6,44.434667
0,1,0,0,1,0,0,0,1,1,2,15,6,28.4675
0,1,0,0,1,0,0,0,1,2,2,15,6,38.325238
0,1,0,0,1,0,0,0,1,3,2,15,6,46.883333
0,1,0,0,1,0,0,0,1,4,2,15,6,43.936667
0,1,0,0,1,1,0,0,0,1,0,0,0,31.001429
0,1,0,0,1,1,0,0,0,2,0,0,0,39.543809
0,1,0,0,1,1,0,0,0,3,0,0,0,40.771333
0,1,0,0,1,1,0,0,0,4,0,0,0,47.404
0,1,0,0,1,1,0,0,0,1,1,0,0,31.91
0,1,0,0,1,1,0,0,0,2,1,0,0,40.218571
0,1,0,0,1,1,0,0,0,3,1,0,0,45.176666
0,1,0,0,1,1,0,0,0,4,1,0,0,45.200667
0,1,0,0,1,1,0,0,0,1,2,0,0,30.6875
0,1,0,0,1,1,0,0,0,2,2,0,0,41.308095
0,1,0,0,1,1,0,0,0,3,2,0,0,43.903333
0,1,0,0,1,1,0,0,0,4,2,0,0,46.744667
0,1,0,0,1,1,0,0,0,1,0,5,0,27.336072
0,1,0,0,1,1,0,0,0,2,0,5,0,40.908095
0,1,0,0,1,1,0,0,0,3,0,5,0,44.44
0,1,0,0,1,1,0,0,0,4,0,5,0,44.556476
0,1,0,0,1,1,0,0,0,1,1,5,0,31.1475
0,1,0,0,1,1,0,0,0,2,1,5,0,37.663333
0,1,0,0,1,1,0,0,0,3,1,5,0,45.2
0,1,0,0,1,1,0,0,0,4,1,5,0,45.067333
0,1,0,0,1,1,0,0,0,1,2,5,0,30.325
0,1,0,0,1,1,0,0,0,2,2,5,0,39.784286
0,1,0,0,1,1,0,0,0,3,2,5,0,43.242667
0,1,0,0,1,1,0,0,0,4,2,5,0,43.660667
0,1,0,0,1,1,0,0,0,1,0,15,0,31.725675
0,1,0,0,1,1,0,0,0,2,0,15,0,38.703333
0,1,0,0,1,1,0,0,0,3,0,15,0,45.573333
0,1,0,0,1,1,0,0,0,4,0,15,0,44.920667
0,1,0,0,1,1,0,0,0,1,1,15,0,32.65
0,1,0,0,1,1,0,0,0,2,1,15,0,41.911429
0,1,0,0,1,1,0,0,0,3,1,15,0,40.906667
0,1,0,0,1,1,0,0,0,4,1,15,0,45.644667
0,1,0,0,1,1,0,0,0,1,2,15,0,33.3275
0,1,0,0,1,1,0,0,0,2,2,15,0,38.022857
0,1,0,0,1,1,0,0,0,3,2,15,0,44.57
0,1,0,0,1,1,0,0,0,4,2,15,0,48.038
0,1,0,0,1,1,0,0,0,1,0,0,3,30.710357
0,1,0,0,1,1,0,0,0,2,0,0,3,40.540476
0,1,0,0,1,1,0,0,0,3,0,0,3,45.1
0,1,0,0,1,1,0,0,0,4,0,0,3,44.487333
0,1,0,0,1,1,0,0,0,1,1,0,3,31.215
0,1,0,0,1,1,0,0,0,2,1,0,3,40.954286
0,1,0,0,1,1,0,0,0,3,1,0,3,42.260667
0,1,0,0,1,1,0,0,0,4,1,0,3,46.12
0,1,0,0,1,1,0,0,0,1,2,0,3,29.641429
0,1,0,0,1,1,0,0,0,2,2,0,3,37.609524
0,1,0,0,1,1,0,0,0,3,2,0,3,46.796667
0,1,0,0,1,1,0,0,0,4,2,0,3,46.998
0,1,0,0,1,1,0,0,0,1,0,5,3,29.206429
0,1,0,0,1,1,0,0,0,2,0,5,3,40.603809
0,1,0,0,1,1,0,0,0,3,0,5,3,43.628666
0,1,0,0,1,1,0,0,0,4,0,5,3,44.124
0,1,0,0,1,1,0,0,0,1,1,5,3,33.1675
0,1,0,0,1,1,0,0,0,2,1,5,3,38.553333
0,1,0,0,1,1,0,0,0,3,1,5,3,40.261333
0,1,0,0,1,1,0,0,0,4,1,5,3,46.471333
0,1,0,0,1,1,0,0,0,1,2,5,3,32.63
0,1,0,0,1,1,0,0,0,2,2,5,3,37.677619
0,1,0,0,1,1,0,0,0,3,2,5,3,43.870667
0,1,0,0,1,1,0,0,0,4,2,5,3,46.292
0,1,0,0,1,1,0,0,0,1,0,15,3,30.800286
0,1,0,0,1,1,0,0,0,2,0,15,3,42.183333
0,1,0,0,1,1,0,0,0,3,0,15,3,41.885333
0,1,0,0,1,1,0,0,0,4,0,15,3,41.788
0,1,0,0,1,1,0,0,0,1,1,15,3,29.493214
0,1,0,0,1,1,0,0,0,2,1,15,3,38.961429
0,1,0,0,1,1,0,0,0,3,1,15,3,45.11
0,1,0,0,1,1,0,0,0,4,1,15,3,45.544667
0,1,0,0,1,1,0,0,0,1,2,15,3,30.013809
0,1,0,0,1,1,0,0,0,2,2,15,3,41.594286
0,1,0,0,1,1,0,0,0,3,2,15,3,41.214
0,1,0,0,1,1,0,0,0,4,2,15,3,45.003333
0,1,0,0,1,1,0,0,0,1,0,0,6,31.9525
0,1,0,0,1,1,0,0,0,2,0,0,6,39.311905
0,1,0,0,1,1,0,0,0,3,0,0,6,44.348095
0,1,0,0,1,1,0,0,0,4,0,0,6,46.376667
0,1,0,0,1,1,0,0,0,1,1,0,6,32.128889
0,1,0,0,1,1,0,0,0,2,1,0,6,39.731905
0,1,0,0,1,1,0,0,0,3,1,0,6,41.571333
0,1,0,0,1,1,0,0,0,4,1,0,6,44.63
0,1,0,0,1,1,0,0,0,1,2,0,6,31.4725
0,1,0,0,1,1,0,0,0,2,2,0,6,37.712857
0,1,0,0,1,1,0,0,0,3,2,0,6,44.326667
0,1,0,0,1,1,0,0,0,4,2,0,6,48.426667
0,1,0,0,1,1,0,0,0,1,0,5,6,28.896071
0,1,0,0,1,1,0,0,0,2,0,5,6,37.982857
0,1,0,0,1,1,0,0,0,3,0,5,6,44.914667
0,1,0,0,1,1,0,0,0,4,0,5,6,46.306
0,1,0,0,1,1,0,0,0,1,1,5,6,30.6575
0,1,0,0,1,1,0,0,0,2,1,5,6,40.854286
0,1,0,0,1,1,0,0,0,3,1,5,6,40.416
0,1,0,0,1,1,0,0,0,4,1,5,6,45.796
0,1,0,0,1,1,0,0,0,1,2,5,6,32.3975
0,1,0,0,1,1,0,0,0,2,2,5,6,38.244762
0,1,0,0,1,1,0,0,0,3,2,5,6,42.814
0,1,0,0,1,1,0,0,0,4,2,5,6,45.588
0,1,0,0,1,1,0,0,0,1,0,15,6,29.812857
0,1,0,0,1,1,0,0,0,2,0,15,6,40.169048
0,1,0,0,1,1,0,0,0,3,0,15,6,43.336667
0,1,0,0,1,1,0,0,0,4,0,15,6,44.496191
0,1,0,0,1,1,0,0,0,1,1,15,6,31.035357
0,1,0,0,1,1,0,0,0,2,1,15,6,38.462857
0,1,0,0,1,1,0,0,0,3,1,15,6,44.335333
0,1,0,0,1,1,0,0,0,4,1,15,6,47.569333
0,1,0,0,1,1,0,0,0,1,2,15,6,28.546071
0,1,0,0,1,1,0,0,0,2,2,15,6,38.982857
0,1,0,0,1,1,0,0,0,3,2,15,6,47.076667
0,1,0,0,1,1,0,0,0,4,2,15,6,46.701333
0,1,0,0,1,1,0,0,1,1,0,0,0,28.1325
0,1,0,0,1,1,0,0,1,2,0,0,0,38.990476
0,1,0,0,1,1,0,0,1,3,0,0,0,44.039333
0,1,0,0,1,1,0,0,1,4,0,0,0,46.182667
0,1,0,0,1,1,0,0,1,1,1,0,0,32.228333
0,1,0,0,1,1,0,0,1,2,1,0,0,38.078095
0,1,0,0,1,1,0,0,1,3,1,0,0,40.892
0,1,0,0,1,1,0,0,1,4,1,0,0,43.729333
0,1,0,0,1,1,0,0,1,1,2,0,0,31.7125
0,1,0,0,1,1,0,0,1,2,2,0,0,40.674762
0,1,0,0,1,1,0,0,1,3,2,0,0,42.988
0,1,0,0,1,1,0,0,1,4,2,0,0,46.232
0,1,0,0,1,1,0,0,1,1,0,5,0,31.839167
0,1,0,0,1,1,0,0,1,2,0,5,0,37.774762
0,1,0,0,1,1,0,0,1,3,0,5,0,43.121333
0,1,0,0,1,1,0,0,1,4,0,5,0,46.342
0,1,0,0,1,1,0,0,1,1,1,5,0,28.668928
0,1,0,0,1,1,0,0,1,2,1,5,0,37.916667
0,1,0,0,1,1,0,0,1,3,1,5,0,45.676667
0,1,0,0,1,1,0,0,1,4,1,5,0,44.464667
0,1,0,0,1,1,0,0,1,1,2,5,0,29.903214
0,1,0,0,1,1,0,0,1,2,2,5,0,40.605714
0,1,0,0,1,1,0,0,1,3,2,5,0,41.256667
0,1,0,0,1,1,0,0,1,4,2,5,0,46.990667
0,1,0,0,1,1,0,0,1,1,0,15,0,33.0825
0,1,0,0,1,1,0,0,1,2,0,15,0,37.146667
0,1,0,0,1,1,0,0,1,3,0,15,0,44.037333
0,1,0,0,1,1,0,0,1,4,0,15,0,46.174
0,1,0,0,1,1,0,0,1,1,1,15,0,28.929524
0,1,0,0,1,1,0,0,1,2,1,15,0,39.130476
0,1,0,0,1,1,0,0,1,3,1,15,0,41.24
0,1,0,0,1,1,0,0,1,4,1,15,0,44.219333
0,1,0,0,1,1,0,0,1,1,2,15,0,31.081111
0,1,0,0,1,1,0,0,1,2,2,15,0,41.485714
0,1,0,0,1,1,0,0,1,3,2,15,0,41.596286
0,1,0,0,1,1,0,0,1,4,2,15,0,43.242
0,1,0,0,1,1,0,0,1,1,0,0,3,32.3425
0,1,0,0,1,1,0,0,1,2,0,0,3,37.936667
0,1,0,0,1,1,0,0,1,3,0,0,3,41.716
0,1,0,0,1,1,0,0,1,4,0,0,3,46.718571
0,1,0,0,1,1,0,0,1,1,1,0,3,29.987857
0,1,0,0,1,1,0,0,1,2,1,0,3,41.496191
0,1,0,0,1,1,0,0,1,3,1,0,3,44.351333
0,1,0,0,1,1,0,0,1,4,1,0,3,47.203333
0,1,0,0,1,1,0,0,1,1,2,0,3,30.376667
0,1,0,0,1,1,0,0,1,2,2,0,3,40.391429
0,1,0,0,1,1,0,0,1,3,2,0,3,44.62
0,1,0,0,1,1,0,0,1,4,2,0,3,45.042667
0,1,0,0,1,1,0,0,1,1,0,5,3,33.225
0,1,0,0,1,1,0,0,1,2,0,5,3,40.580476
0,1,0,0,1,1,0,0,1,3,0,5,3,41.388
0,1,0,0,1,1,0,0,1,4,0,5,3,45.548667
0,1,0,0,1,1,0,0,1,1,1,5,3,32.1425
0,1,0,0,1,1,0,0,1,2,1,5,3,37.333333
0,1,0,0,1,1,0,0,1,3,1,5,3,41.966667
0,1,0,0,1,1,0,0,1,4,1,5,3,42.310667
0,1,0,0,1,1,0,0,1,1,2,5,3,29.648214
0,1,0,0,1,1,0,0,1,2,2,5,3,40.844762
0,1,0,0,1,1,0,0,1,3,2,5,3,40.282667
0,1,0,0,1,1,0,0,1,4,2,5,3,44.298
0,1,0,0,1,1,0,0,1,1,0,15,3,32.1025
0,1,0,0,1,1,0,0,1,2,0,15,3,40.210476
0,1,0,0,1,1,0,0,1,3,0,15,3,45.02
0,1,0,0,1,1,0,0,1,4,0,15,3,43.584667
0,1,0,0,1,1,0,0,1,1,1,15,3,31.8425
0,1,0,0,1,1,0,0,1,2,1,15,3,40.671429
0,1,0,0,1,1,0,0,1,3,1,15,3,39.560667
0,1,0,0,1,1,0,0,1,4,1,15,3,42.272
0,1,0,0,1,1,0,0,1,1,2,15,3,30.9925
0,1,0,0,1,1,0,0,1,2,2,15,3,38.145714
0,1,0,0,1,1,0,0,1,3,2,15,3,45.430952
0,1,0,0,1,1,0,0,1,4,2,15,3,46.142
0,1,0,0,1,1,0,0,1,1,0,0,6,28.976786
0,1,0,0,1,1,0,0,1,2,0,0,6,38.5
0,1,0,0,1,1,0,0,1,3,0,0,6,42.234667
0,1,0,0,1,1,0,0,1,4,0,0,6,45.448667
0,1,0,0,1,1,0,0,1,1,1,0,6,32.125
0,1,0,0,1,1,0,0,1,2,1,0,6,38.712857
0,1,0,0,1,1,0,0,1,3,1,0,6,42.976191
0,1,0,0,1,1,0,0,1,4,1,0,6,47.643333
0,1,0,0,1,1,0,0,1,1,2,0,6,28.107857
0,1,0,0,1,1,0,0,1,2,2,0,6,38.891905
0,1,0,0,1,1,0,0,1,3,2,0,6,40.267333
0,1,0,0,1,1,0,0,1,4,2,0,6,47.038
0,1,0,0,1,1,0,0,1,1,0,5,6,27.913571
0,1,0,0,1,1,0,0,1,2,0,5,6,41.377619
0,1,0,0,1,1,0,0,1,3,0,5,6,41.844666
0,1,0,0,1,1,0,0,1,4,0,5,6,48.363333
0,1,0,0,1,1,0,0,1,1,1,5,6,31.4825
0,1,0,0,1,1,0,0,1,2,1,5,6,38.366191
0,1,0,0,1,1,0,0,1,3,1,5,6,42.391333
0,1,0,0,1,1,0,0,1,4,1,5,6,47.916667
0,1,0,0,1,1,0,0,1,1,2,5,6,32.185278
0,1,0,0,1,1,0,0,1,2,2,5,6,40.057143
0,1,0,0,1,1,0,0,1,3,2,5,6,44.261333
0,1,0,0,1,1,0,0,1,4,2,5,6,46.554667
0,1,0,0,1,1,0,0,1,1,0,15,6,29.6175
0,1,0,0,1,1,0,0,1,2,0,15,6,41.689524
0,1,0,0,1,1,0,0,1,3,0,15,6,45.8
0,1,0,0,1,1,0,0,1,4,0,15,6,46.513333
0,1,0,0,1,1,0,0,1,1,1,15,6,29.223571
0,1,0,0,1,1,0,0,1,2,1,15,6,38.959048
0,1,0,0,1,1,0,0,1,3,1,15,6,43.707048
0,1,0,0,1,1,0,0,1,4,1,15,6,47.012
0,1,0,0,1,1,0,0,1,1,2,15,6,29.6
0,1,0,0,1,1,0,0,1,2,2,15,6,39.509047
0,1,0,0,1,1,0,0,1,3,2,15,6,43.97
0,1,0,0,1,1,0,0,1,4,2,15,6,42.544
0,1,0,1,0,0,0,0,0,1,0,0,0,27.048889
0,1,0,1,0,0,0,0,0,2,0,0,0,47.1632
0,1,0,1,0,0,0,0,0,3,0,0,0,63.54779
0,1,0,1,0,0,0,0,0,4,0,0,0,79.18
0,1,0,1,0,0,0,0,0,1,1,0,0,26.704696
0,1,0,1,0,0,0,0,0,2,1,0,0,47.810277
0,1,0,1,0,0,0,0,0,3,1,0,0,64.467
0,1,0,1,0,0,0,0,0,4,1,0,0,78.82375
0,1,0,1,0,0,0,0,0,1,2,0,0,26.714445
0,1,0,1,0,0,0,0,0,2,2,0,0,47.679815
0,1,0,1,0,0,0,0,0,3,2,0,0,64.237789
0,1,0,1,0,0,0,0,0,4,2,0,0,78.496618
0,1,0,1,0,0,0,0,0,1,0,5,0,26.545313
0,1,0,1,0,0,0,0,0,2,0,5,0,48.077139
0,1,0,1,0,0,0,0,0,3,0,5,0,64.562
0,1,0,1,0,0,0,0,0,4,0,5,0,79.285221
0,1,0,1,0,0,0,0,0,1,1,5,0,26.191555
0,1,0,1,0,0,0,0,0,2,1,5,0,47.886185
0,1,0,1,0,0,0,0,0,3,1,5,0,64.607
0,1,0,1,0,0,0,0,0,4,1,5,0,78.980294
0,1,0,1,0,0,0,0,0,1,2,5,0,26.323353
0,1,0,1,0,0,0,0,0,2,2,5,0,47.587046
0,1,0,1,0,0,0,0,0,3,2,5,0,64.339211
0,1,0,1,0,0,0,0,0,4,2,5,0,78.498083
0,1,0,1,0,0,0,0,0,1,0,15,0,26.873909
0,1,0,1,0,0,0,0,0,2,0,15,0,47.703662
0,1,0,1,0,0,0,0,0,3,0,15,0,64.095
0,1,0,1,0,0,0,0,0,4,0,15,0,78.776176
0,1,0,1,0,0,0,0,0,1,1,15,0,27.033343
0,1,0,1,0,0,0,0,0,2,1,15,0,47.576615
0,1,0,1,0,0,0,0,0,3,1,15,0,64.259
0,1,0,1,0,0,0,0,0,4,1,15,0,79.040221
0,1,0,1,0,0,0,0,0,1,2,15,0,26.113182
0,1,0,1,0,0,0,0,0,2,2,15,0,48.206923
0,1,0,1,0,0,0,0,0,3,2,15,0,64.548
0,1,0,1,0,0,0,0,0,4,2,15,0,79.124559
0,1,0,1,0,0,0,0,0,1,0,0,3,26.658606
0,1,0,1,0,0,0,0,0,2,0,0,3,47.909077
0,1,0,1,0,0,0,0,0,3,0,0,3,64.223211
0,1,0,1,0,0,0,0,0,4,0,0,3,79.476397
0,1,0,1,0,0,0,0,0,1,1,0,3,27.016966
0,1,0,1,0,0,0,0,0,2,1,0,3,48.120308
0,1,0,1,0,0,0,0,0,3,1,0,3,64.210527
0,1,0,1,0,0,0,0,0,4,1,0,3,79.035368
0,1,0,1,0,0,0,0,0,1,2,0,3,26.626626
0,1,0,1,0,0,0,0,0,2,2,0,3,47.675354
0,1,0,1,0,0,0,0,0,3,2,0,3,64.086316
0,1,0,1,0,0,0,0,0,4,2,0,3,78.680667
0,1,0,1,0,0,0,0,0,1,0,5,3,26.90198
0,1,0,1,0,0,0,0,0,2,0,5,3,47.733908
0,1,0,1,0,0,0,0,0,3,0,5,3,64.386053
0,1,0,1,0,0,0,0,0,4,0,5,3,78.620917
0,1,0,1,0,0,0,0,0,1,1,5,3,26.944957
0,1,0,1,0,0,0,0,0,2,1,5,3,48.091292
0,1,0,1,0,0,0,0,0,3,1,5,3,64.105789
0,1,0,1,0,0,0,0,0,4,1,5,3,78.851324
0,1,0,1,0,0,0,0,0,1,2,5,3,26.859833
0,1,0,1,0,0,0,0,0,2,2,5,3,47.795292
0,1,0,1,0,0,0,0,0,3,2,5,3,64.392895
0,1,0,1,0,0,0,0,0,4,2,5,3,78.88875
0,1,0,1,0,0,0,0,0,1,0,15,3,26.639717
0,1,0,1,0,0,0,0,0,2,0,15,3,47.606062
0,1,0,1,0,0,0,0,0,3,0,15,3,63.833579
0,1,0,1,0,0,0,0,0,4,0,15,3,79.565441
0,1,0,1,0,0,0,0,0,1,1,15,3,26.584688
0,1,0,1,0,0,0,0,0,2,1,15,3,48.173077
0,1,0,1,0,0,0,0,0,3,1,15,3,64.586842
0,1,0,1,0,0,0,0,0,4,1,15,3,78.982059
0,1,0,1,0,0,0,0,0,1,2,15,3,27.008
0,1,0,1,0,0,0,0,0,2,2,15,3,48.100769
0,1,0,1,0,0,0,0,0,3,2,15,3,64.377
0,1,0,1,0,0,0,0,0,4,2,15,3,79.293162
0,1,0,1,0,0,0,0,0,1,0,0,6,26.606515
0,1,0,1,0,0,0,0,0,2,0,0,6,48.080769
0,1,0,1,0,0,0,0,0,3,0,0,6,64.586
0,1,0,1,0,0,0,0,0,4,0,0,6,78.955956
0,1,0,1,0,0,0,0,0,1,1,0,6,26.385672
0,1,0,1,0,0,0,0,0,2,1,0,6,48.223846
0,1,0,1,0,0,0,0,0,3,1,0,6,64.331789
0,1,0,1,0,0,0,0,0,4,1,0,6,79.159338
0,1,0,1,0,0,0,0,0,1,2,0,6,26.789334
0,1,0,1,0,0,0,0,0,2,2,0,6,48.123077
0,1,0,1,0,0,0,0,0,3,2,0,6,63.934105
0,1,0,1,0,0,0,0,0,4,2,0,6,78.977868
0,1,0,1,0,0,0,0,0,1,0,5,6,26.807414
0,1,0,1,0,0,0,0,0,2,0,5,6,48.202308
0,1,0,1,0,0,0,0,0,3,0,5,6,64.261158
0,1,0,1,0,0,0,0,0,4,0,5,6,78.89625
0,1,0,1,0,0,0,0,0,1,1,5,6,26.715782
0,1,0,1,0,0,0,0,0,2,1,5,6,46.836369
0,1,0,1,0,0,0,0,0,3,1,5,6,64.319421
0,1,0,1,0,0,0,0,0,4,1,5,6,78.82875
0,1,0,1,0,0,0,0,0,1,2,5,6,26.889111
0,1,0,1,0,0,0,0,0,2,2,5,6,48.192831
0,1,0,1,0,0,0,0,0,3,2,5,6,64.796
0,1,0,1,0,0,0,0,0,4,2,5,6,78.966985
0,1,0,1,0,0,0,0,0,1,0,15,6,26.53096
0,1,0,1,0,0,0,0,0,2,0,15,6,48.083754
0,1,0,1,0,0,0,0,0,3,0,15,6,64.046263
0,1,0,1,0,0,0,0,0,4,0,15,6,78.680833
0,1,0,1,0,0,0,0,0,1,1,15,6,26.940445
0,1,0,1,0,0,0,0,0,2,1,15,6,47.062523
0,1,0,1,0,0,0,0,0,3,1,15,6,64.332
0,1,0,1,0,0,0,0,0,4,1,15,6,79.18125
0,1,0,1,0,0,0,0,0,1,2,15,6,26.86797
0,1,0,1,0,0,0,0,0,2,2,15,6,47.872831
0,1,0,1,0,0,0,0,0,3,2,15,6,64.282263
0,1,0,1,0,0,0,0,0,4,2,15,6,79.167941
0,1,0,1,0,0,0,0,1,1,0,0,0,26.671828
0,1,0,1,0,0,0,0,1,2,0,0,0,48.120708
0,1,0,1,0,0,0,0,1,3,0,0,0,64.325211
0,1,0,1,0,0,0,0,1,4,0,0,0,79.467059
0,1,0,1,0,0,0,0,1,1,1,0,0,26.294222
0,1,0,1,0,0,0,0,1,2,1,0,0,47.834862
0,1,0,1,0,0,0,0,1,3,1,0,0,64.396526
0,1,0,1,0,0,0,0,1,4,1,0,0,79.024926
0,1,0,1,0,0,0,0,1,1,2,0,0,26.32904
0,1,0,1,0,0,0,0,1,2,2,0,0,47.325385
0,1,0,1,0,0,0,0,1,3,2,0,0,64.100579
0,1,0,1,0,0,0,0,1,4,2,0,0,78.505
0,1,0,1,0,0,0,0,1,1,0,5,0,26.848879
0,1,0,1,0,0,0,0,1,2,0,5,0,47.749938
0,1,0,1,0,0,0,0,1,3,0,5,0,64.016501
0,1,0,1,0,0,0,0,1,4,0,5,0,79.171618
0,1,0,1,0,0,0,0,1,1,1,5,0,26.51886
0,1,0,1,0,0,0,0,1,2,1,5,0,47.682308
0,1,0,1,0,0,0,0,1,3,1,5,0,64.075579
0,1,0,1,0,0,0,0,1,4,1,5,0,79.251177
0,1,0,1,0,0,0,0,1,1,2,5,0,26.31
0,1,0,1,0,0,0,0,1,2,2,5,0,47.993846
0,1,0,1,0,0,0,0,1,3,2,5,0,64.198053
0,1,0,1,0,0,0,0,1,4,2,5,0,79.077279
0,1,0,1,0,0,0,0,1,1,0,15,0,26.158687
0,1,0,1,0,0,0,0,1,2,0,15,0,47.835908
0,1,0,1,0,0,0,0,1,3,0,15,0,64.236684
0,1,0,1,0,0,0,0,1,4,0,15,0,79.104044
0,1,0,1,0,0,0,0,1,1,1,15,0,27.058899
0,1,0,1,0,0,0,0,1,2,1,15,0,47.830461
0,1,0,1,0,0,0,0,1,3,1,15,0,64.341421
0,1,0,1,0,0,0,0,1,4,1,15,0,79.136985
0,1,0,1,0,0,0,0,1,1,2,15,0,26.477253
0,1,0,1,0,0,0,0,1,2,2,15,0,47.925261
0,1,0,1,0,0,0,0,1,3,2,15,0,64.081632
0,1,0,1,0,0,0,0,1,4,2,15,0,78.706177
0,1,0,1,0,0,0,0,1,1,0,0,3,26.240404
0,1,0,1,0,0,0,0,1,2,0,0,3,48.19
0,1,0,1,0,0,0,0,1,3,0,0,3,64.388684
0,1,0,1,0,0,0,0,1,4,0,0,3,79.252868
0,1,0,1,0,0,0,0,1,1,1,0,3,26.561836
0,1,0,1,0,0,0,0,1,2,1,0,3,47.673323
0,1,0,1,0,0,0,0,1,3,1,0,3,64.164263
0,1,0,1,0,0,0,0,1,4,1,0,3,78.844853
0,1,0,1,0,0,0,0,1,1,2,0,3,26.563667
0,1,0,1,0,0,0,0,1,2,2,0,3,47.919938
0,1,0,1,0,0,0,0,1,3,2,0,3,64.347368
0,1,0,1,0,0,0,0,1,4,2,0,3,79.022868
0,1,0,1,0,0,0,0,1,1,0,5,3,26.767626
0,1,0,1,0,0,0,0,1,2,0,5,3,47.88
0,1,0,1,0,0,0,0,1,3,0,5,3,64.319526
0,1,0,1,0,0,0,0,1,4,0,5,3,79.012794
0,1,0,1,0,0,0,0,1,1,1,5,3,26.606667
0,1,0,1,0,0,0,0,1,2,1,5,3,48.139723
0,1,0,1,0,0,0,0,1,3,1,5,3,64.286316
0,1,0,1,0,0,0,0,1,4,1,5,3,78.898833
0,1,0,1,0,0,0,0,1,1,2,5,3,27.082222
0,1,0,1,0,0,0,0,1,2,2,5,3,47.230585
0,1,0,1,0,0,0,0,1,3,2,5,3,64.333842
0,1,0,1,0,0,0,0,1,4,2,5,3,78.864338
0,1,0,1,0,0,0,0,1,1,0,15,3,26.365848
0,1,0,1,0,0,0,0,1,2,0,15,3,48.0772
0,1,0,1,0,0,0,0,1,3,0,15,3,64.475474
0,1,0,1,0,0,0,0,1,4,0,15,3,78.7375
0,1,0,1,0,0,0,0,1,1,1,15,3,26.704627
0,1,0,1,0,0,0,0,1,2,1,15,3,47.319754
0,1,0,1,0,0,0,0,1,3,1,15,3,64.548263
0,1,0,1,0,0,0,0,1,4,1,15,3,78.889265
0,1,0,1,0,0,0,0,1,1,2,15,3,26.830505
0,1,0,1,0,0,0,0,1,2,2,15,3,48.241877
0,1,0,1,0,0,0,0,1,3,2,15,3,64.552
0,1,0,1,0,0,0,0,1,4,2,15,3,79.038162
0,1,0,1,0,0,0,0,1,1,0,0,6,26.264485
0,1,0,1,0,0,0,0,1,2,0,0,6,48.057262
0,1,0,1,0,0,0,0,1,3,0,0,6,64.463632
0,1,0,1,0,0,0,0,1,4,0,0,6,79.375
0,1,0,1,0,0,0,0,1,1,1,0,6,26.396889
0,1,0,1,0,0,0,0,1,2,1,0,6,47.8304
0,1,0,1,0,0,0,0,1,3,1,0,6,63.781053
0,1,0,1,0,0,0,0,1,4,1,0,6,78.914853
0,1,0,1,0,0,0,0,1,1,2,0,6,26.639232
0,1,0,1,0,0,0,0,1,2,2,0,6,47.0384
0,1,0,1,0,0,0,0,1,3,2,0,6,63.499
0,1,0,1,0,0,0,0,1,4,2,0,6,79.387574
0,1,0,1,0,0,0,0,1,1,0,5,6,26.776545
0,1,0,1,0,0,0,0,1,2,0,5,6,48.188462
0,1,0,1,0,0,0,0,1,3,0,5,6,64.018316
0,1,0,1,0,0,0,0,1,4,0,5,6,79.397794
0,1,0,1,0,0,0,0,1,1,1,5,6,26.833778
0,1,0,1,0,0,0,0,1,2,1,5,6,48.034123
0,1,0,1,0,0,0,0,1,3,1,5,6,64.157737
0,1,0,1,0,0,0,0,1,4,1,5,6,79.028897
0,1,0,1,0,0,0,0,1,1,2,5,6,26.678667
0,1,0,1,0,0,0,0,1,2,2,5,6,47.990123
0,1,0,1,0,0,0,0,1,3,2,5,6,64.59
0,1,0,1,0,0,0,0,1,4,2,5,6,78.951324
0,1,0,1,0,0,0,0,1,1,0,15,6,26.465101
0,1,0,1,0,0,0,0,1,2,0,15,6,48.213846
0,1,0,1,0,0,0,0,1,3,0,15,6,64.247632
0,1,0,1,0,0,0,0,1,4,0,15,6,79.179118
0,1,0,1,0,0,0,0,1,1,1,15,6,26.769884
0,1,0,1,0,0,0,0,1,2,1,15,6,48.346923
0,1,0,1,0,0,0,0,1,3,1,15,6,64.001632
0,1,0,1,0,0,0,0,1,4,1,15,6,79.01375
0,1,0,1,0,0,0,0,1,1,2,15,6,26.358182
0,1,0,1,0,0,0,0,1,2,2,15,6,48.178461
0,1,0,1,0,0,0,0,1,3,2,15,6,64.483895
0,1,0,1,0,0,0,0,1,4,2,15,6,79.025882
0,1,0,1,0,1,0,0,0,1,0,0,0,26.699269
0,1,0,1,0,1,0,0,0,2,0,0,0,47.665099
0,1,0,1,0,1,0,0,0,3,0,0,0,63.711438
0,1,0,1,0,1,0,0,0,4,0,0,0,76.254396
0,1,0,1,0,1,0,0,0,1,1,0,0,26.340488
0,1,0,1,0,1,0,0,0,2,1,0,0,48.102965
0,1,0,1,0,1,0,0,0,3,1,0,0,62.964853
0,1,0,1,0,1,0,0,0,4,1,0,0,76.265275
0,1,0,1,0,1,0,0,0,1,2,0,0,26.764115
0,1,0,1,0,1,0,0,0,2,2,0,0,47.798379
0,1,0,1,0,1,0,0,0,3,2,0,0,63.505882
0,1,0,1,0,1,0,0,0,4,2,0,0,76.584952
0,1,0,1,0,1,0,0,0,1,0,5,0,27.0285
0,1,0,1,0,1,0,0,0,2,0,5,0,47.717629
0,1,0,1,0,1,0,0,0,3,0,5,0,63.575556
0,1,0,1,0,1,0,0,0,4,0,5,0,76.481429
0,1,0,1,0,1,0,0,0,1,1,5,0,26.239652
0,1,0,1,0,1,0,0,0,2,1,5,0,47.972095
0,1,0,1,0,1,0,0,0,3,1,5,0,63.189191
0,1,0,1,0,1,0,0,0,4,1,5,0,76.914
0,1,0,1,0,1,0,0,0,1,2,5,0,26.638308
0,1,0,1,0,1,0,0,0,2,2,5,0,47.467273
0,1,0,1,0,1,0,0,0,3,2,5,0,63.020662
0,1,0,1,0,1,0,0,0,4,2,5,0,77.064381
0,1,0,1,0,1,0,0,0,1,0,15,0,26.3715
0,1,0,1,0,1,0,0,0,2,0,15,0,47.840909
0,1,0,1,0,1,0,0,0,3,0,15,0,63.758431
0,1,0,1,0,1,0,0,0,4,0,15,0,76.049619
0,1,0,1,0,1,0,0,0,1,1,15,0,26.90892
0,1,0,1,0,1,0,0,0,2,1,15,0,47.524861
0,1,0,1,0,1,0,0,0,3,1,15,0,62.541838
0,1,0,1,0,1,0,0,0,4,1,15,0,77.135333
0,1,0,1,0,1,0,0,0,1,2,15,0,27.016756
0,1,0,1,0,1,0,0,0,2,2,15,0,47.037273
0,1,0,1,0,1,0,0,0,3,2,15,0,63.462288
0,1,0,1,0,1,0,0,0,4,2,15,0,77.280286
0,1,0,1,0,1,0,0,0,1,0,0,3,26.99
0,1,0,1,0,1,0,0,0,2,0,0,3,46.938182
0,1,0,1,0,1,0,0,0,3,0,0,3,63.166863
0,1,0,1,0,1,0,0,0,4,0,0,3,76.837143
0,1,0,1,0,1,0,0,0,1,1,0,3,26.849501
0,1,0,1,0,1,0,0,0,2,1,0,3,47.842332
0,1,0,1,0,1,0,0,0,3,1,0,3,63.045882
0,1,0,1,0,1,0,0,0,4,1,0,3,76.663905
0,1,0,1,0,1,0,0,0,1,2,0,3,26.775385
0,1,0,1,0,1,0,0,0,2,2,0,3,47.973597
0,1,0,1,0,1,0,0,0,3,2,0,3,63.706144
0,1,0,1,0,1,0,0,0,4,2,0,3,76.721524
0,1,0,1,0,1,0,0,0,1,0,5,3,26.642449
0,1,0,1,0,1,0,0,0,2,0,5,3,47.284546
0,1,0,1,0,1,0,0,0,3,0,5,3,63.832222
0,1,0,1,0,1,0,0,0,4,0,5,3,76.629619
0,1,0,1,0,1,0,0,0,1,1,5,3,26.822439
0,1,0,1,0,1,0,0,0,2,1,5,3,47.624782
0,1,0,1,0,1,0,0,0,3,1,5,3,63.327059
0,1,0,1,0,1,0,0,0,4,1,5,3,76.555385
0,1,0,1,0,1,0,0,0,1,2,5,3,26.503077
0,1,0,1,0,1,0,0,0,2,2,5,3,47.398024
0,1,0,1,0,1,0,0,0,3,2,5,3,63.614902
0,1,0,1,0,1,0,0,0,4,2,5,3,76.903714
0,1,0,1,0,1,0,0,0,1,0,15,3,26.814
0,1,0,1,0,1,0,0,0,2,0,15,3,47.056797
0,1,0,1,0,1,0,0,0,3,0,15,3,62.335294
0,1,0,1,0,1,0,0,0,4,0,15,3,76.95
0,1,0,1,0,1,0,0,0,1,1,15,3,26.948223
0,1,0,1,0,1,0,0,0,2,1,15,3,46.894026
0,1,0,1,0,1,0,0,0,3,1,15,3,63.057868
0,1,0,1,0,1,0,0,0,4,1,15,3,76.948667
0,1,0,1,0,1,0,0,0,1,2,15,3,27.004756
0,1,0,1,0,1,0,0,0,2,2,15,3,47.669091
0,1,0,1,0,1,0,0,0,3,2,15,3,63.528954
0,1,0,1,0,1,0,0,0,4,2,15,3,77.152
0,1,0,1,0,1,0,0,0,1,0,0,6,26.561439
0,1,0,1,0,1,0,0,0,2,0,0,6,47.64249
0,1,0,1,0,1,0,0,0,3,0,0,6,63.477076
0,1,0,1,0,1,0,0,0,4,0,0,6,76.758132
0,1,0,1,0,1,0,0,0,1,1,0,6,26.322439
0,1,0,1,0,1,0,0,0,2,1,0,6,47.273478
0,1,0,1,0,1,0,0,0,3,1,0,6,63.278824
0,1,0,1,0,1,0,0,0,4,1,0,6,76.275832
0,1,0,1,0,1,0,0,0,1,2,0,6,26.707295
0,1,0,1,0,1,0,0,0,2,2,0,6,46.759091
0,1,0,1,0,1,0,0,0,3,2,0,6,63.403529
0,1,0,1,0,1,0,0,0,4,2,0,6,76.205385
0,1,0,1,0,1,0,0,0,1,0,5,6,26.096282
0,1,0,1,0,1,0,0,0,2,0,5,6,47.536798
0,1,0,1,0,1,0,0,0,3,0,5,6,63.414771
0,1,0,1,0,1,0,0,0,4,0,5,6,76.779048
0,1,0,1,0,1,0,0,0,1,1,5,6,26.190244
0,1,0,1,0,1,0,0,0,2,1,5,6,47.45917
0,1,0,1,0,1,0,0,0,3,1,5,6,63.532941
0,1,0,1,0,1,0,0,0,4,1,5,6,76.920667
0,1,0,1,0,1,0,0,0,1,2,5,6,26.568385
0,1,0,1,0,1,0,0,0,2,2,5,6,47.333913
0,1,0,1,0,1,0,0,0,3,2,5,6,63.585294
0,1,0,1,0,1,0,0,0,4,2,5,6,76.818952
0,1,0,1,0,1,0,0,0,1,0,15,6,27.0045
0,1,0,1,0,1,0,0,0,2,0,15,6,47.525376
0,1,0,1,0,1,0,0,0,3,0,15,6,63.994445
0,1,0,1,0,1,0,0,0,4,0,15,6,75.967744
0,1,0,1,0,1,0,0,0,1,1,15,6,26.339547
0,1,0,1,0,1,0,0,0,2,1,15,6,48.036126
0,1,0,1,0,1,0,0,0,3,1,15,6,62.843897
0,1,0,1,0,1,0,0,0,4,1,15,6,76.425714
0,1,0,1,0,1,0,0,0,1,2,15,6,27.283013
0,1,0,1,0,1,0,0,0,2,2,15,6,47.53585
0,1,0,1,0,1,0,0,0,3,2,15,6,63.419215
0,1,0,1,0,1,0,0,0,4,2,15,6,76.655429
0,1,0,1,0,1,0,0,1,1,0,0,0,26.077
0,1,0,1,0,1,0,0,1,2,0,0,0,47.492609
0,1,0,1,0,1,0,0,1,3,0,0,0,63.604379
0,1,0,1,0,1,0,0,1,4,0,0,0,76.498571
0,1,0,1,0,1,0,0,1,1,1,0,0,26.93971
0,1,0,1,0,1,0,0,1,2,1,0,0,47.815217
0,1,0,1,0,1,0,0,1,3,1,0,0,63.164706
0,1,0,1,0,1,0,0,1,4,1,0,0,76.832857
0,1,0,1,0,1,0,0,1,1,2,0,0,26.844385
0,1,0,1,0,1,0,0,1,2,2,0,0,46.856364
0,1,0,1,0,1,0,0,1,3,2,0,0,62.888823
0,1,0,1,0,1,0,0,1,4,2,0,0,77.357429
0,1,0,1,0,1,0,0,1,1,0,5,0,26.583038
0,1,0,1,0,1,0,0,1,2,0,5,0,47.610672
0,1,0,1,0,1,0,0,1,3,0,5,0,63.618889
0,1,0,1,0,1,0,0,1,4,0,5,0,76.323143
0,1,0,1,0,1,0,0,1,1,1,5,0,26.743484
0,1,0,1,0,1,0,0,1,2,1,5,0,47.298142
0,1,0,1,0,1,0,0,1,3,1,5,0,63.582353
0,1,0,1,0,1,0,0,1,4,1,5,0,76.780953
0,1,0,1,0,1,0,0,1,1,2,5,0,26.6545
0,1,0,1,0,1,0,0,1,2,2,5,0,47.288182
0,1,0,1,0,1,0,0,1,3,2,5,0,63.044575
0,1,0,1,0,1,0,0,1,4,2,5,0,77.4
0,1,0,1,0,1,0,0,1,1,0,15,0,26.5375
0,1,0,1,0,1,0,0,1,2,0,15,0,47.744822
0,1,0,1,0,1,0,0,1,3,0,15,0,63.208889
0,1,0,1,0,1,0,0,1,4,0,15,0,76.602857
0,1,0,1,0,1,0,0,1,1,1,15,0,26.685366
0,1,0,1,0,1,0,0,1,2,1,15,0,47.790514
0,1,0,1,0,1,0,0,1,3,1,15,0,63.083464
0,1,0,1,0,1,0,0,1,4,1,15,0,76.944286
0,1,0,1,0,1,0,0,1,1,2,15,0,26.408205
0,1,0,1,0,1,0,0,1,2,2,15,0,47.145376
0,1,0,1,0,1,0,0,1,3,2,15,0,63.721699
0,1,0,1,0,1,0,0,1,4,2,15,0,76.558286
0,1,0,1,0,1,0,0,1,1,0,0,3,26.9415
0,1,0,1,0,1,0,0,1,2,0,0,3,47.706205
0,1,0,1,0,1,0,0,1,3,0,0,3,63.65
0,1,0,1,0,1,0,0,1,4,0,0,3,76.495714
0,1,0,1,0,1,0,0,1,1,1,0,3,26.522625
0,1,0,1,0,1,0,0,1,2,1,0,3,47.567984
0,1,0,1,0,1,0,0,1,3,1,0,3,63.015074
0,1,0,1,0,1,0,0,1,4,1,0,3,76.806952
0,1,0,1,0,1,0,0,1,1,2,0,3,26.48359
0,1,0,1,0,1,0,0,1,2,2,0,3,47.930474
0,1,0,1,0,1,0,0,1,3,2,0,3,63.224379
0,1,0,1,0,1,0,0,1,4,2,0,3,76.360857
0,1,0,1,0,1,0,0,1,1,0,5,3,27.0785
0,1,0,1,0,1,0,0,1,2,0,5,3,47.514704
0,1,0,1,0,1,0,0,1,3,0,5,3,63.674967
0,1,0,1,0,1,0,0,1,4,0,5,3,76.607143
0,1,0,1,0,1,0,0,1,1,1,5,3,26.484576
0,1,0,1,0,1,0,0,1,2,1,5,3,47.8217
0,1,0,1,0,1,0,0,1,3,1,5,3,63.320221
0,1,0,1,0,1,0,0,1,4,1,5,3,76.879714
0,1,0,1,0,1,0,0,1,1,2,5,3,26.74241
0,1,0,1,0,1,0,0,1,2,2,5,3,47.909249
0,1,0,1,0,1,0,0,1,3,2,5,3,63.237974
0,1,0,1,0,1,0,0,1,4,2,5,3,76.545714
0,1,0,1,0,1,0,0,1,1,0,15,3,26.234333
0,1,0,1,0,1,0,0,1,2,0,15,3,46.593162
0,1,0,1,0,1,0,0,1,3,0,15,3,63.693333
0,1,0,1,0,1,0,0,1,4,0,15,3,76.496857
0,1,0,1,0,1,0,0,1,1,1,15,3,26.307514
0,1,0,1,0,1,0,0,1,2,1,15,3,47.122016
0,1,0,1,0,1,0,0,1,3,1,15,3,62.032426
0,1,0,1,0,1,0,0,1,4,1,15,3,77.062286
0,1,0,1,0,1,0,0,1,1,2,15,3,26.841154
0,1,0,1,0,1,0,0,1,2,2,15,3,47.52921
0,1,0,1,0,1,0,0,1,3,2,15,3,63.70281
0,1,0,1,0,1,0,0,1,4,2,15,3,77.121429
0,1,0,1,0,1,0,0,1,1,0,0,6,27.0455
0,1,0,1,0,1,0,0,1,2,0,0,6,48.016403
0,1,0,1,0,1,0,0,1,3,0,0,6,63.626405
0,1,0,1,0,1,0,0,1,4,0,0,6,76.153809
0,1,0,1,0,1,0,0,1,1,1,0,6,27.063972
0,1,0,1,0,1,0,0,1,2,1,0,6,47.840514
0,1,0,1,0,1,0,0,1,3,1,0,6,62.975662
0,1,0,1,0,1,0,0,1,4,1,0,6,76.582762
0,1,0,1,0,1,0,0,1,1,2,0,6,27.159269
0,1,0,1,0,1,0,0,1,2,2,0,6,47.329405
0,1,0,1,0,1,0,0,1,3,2,0,6,63.384379
0,1,0,1,0,1,0,0,1,4,2,0,6,76.173238
0,1,0,1,0,1,0,0,1,1,0,5,6,26.367551
0,1,0,1,0,1,0,0,1,2,0,5,6,47.225099
0,1,0,1,0,1,0,0,1,3,0,5,6,63.311765
0,1,0,1,0,1,0,0,1,4,0,5,6,76.727143
0,1,0,1,0,1,0,0,1,1,1,5,6,26.801417
0,1,0,1,0,1,0,0,1,2,1,5,6,47.434743
0,1,0,1,0,1,0,0,1,3,1,5,6,63.522353
0,1,0,1,0,1,0,0,1,4,1,5,6,77.148095
0,1,0,1,0,1,0,0,1,1,2,5,6,26.582664
0,1,0,1,0,1,0,0,1,2,2,5,6,47.811779
0,1,0,1,0,1,0,0,1,3,2,5,6,63.257843
0,1,0,1,0,1,0,0,1,4,2,5,6,76.772857
0,1,0,1,0,1,0,0,1,1,0,15,6,26.518
0,1,0,1,0,1,0,0,1,2,0,15,6,47.593636
0,1,0,1,0,1,0,0,1,3,0,15,6,62.99281
0,1,0,1,0,1,0,0,1,4,0,15,6,76.824667
0,1,0,1,0,1,0,0,1,1,1,15,6,26.231707
0,1,0,1,0,1,0,0,1,2,1,15,6,47.609921
0,1,0,1,0,1,0,0,1,3,1,15,6,62.328235
0,1,0,1,0,1,0,0,1,4,1,15,6,76.981333
0,1,0,1,0,1,0,0,1,1,2,15,6,26.680679
0,1,0,1,0,1,0,0,1,2,2,15,6,47.462727
0,1,0,1,0,1,0,0,1,3,2,15,6,63.229085
0,1,0,1,0,1,0,0,1,4,2,15,6,77.178286
0,1,1,0,0,0,0,0,0,1,0,0,0,26.563153
0,1,1,0,0,0,0,0,0,2,0,0,0,48.598574
0,1,1,0,0,0,0,0,0,3,0,0,0,66.848547
0,1,1,0,0,0,0,0,0,4,0,0,0,84.093463
0,1,1,0,0,0,0,0,0,1,1,0,0,26.814638
0,1,1,0,0,0,0,0,0,2,1,0,0,48.636078
0,1,1,0,0,0,0,0,0,3,1,0,0,67.14
0,1,1,0,0,0,0,0,0,4,1,0,0,84.466601
0,1,1,0,0,0,0,0,0,1,2,0,0,26.512333
0,1,1,0,0,0,0,0,0,2,2,0,0,48.35533
0,1,1,0,0,0,0,0,0,3,2,0,0,66.818831
0,1,1,0,0,0,0,0,0,4,2,0,0,84.234545
0,1,1,0,0,0,0,0,0,1,0,5,0,26.585126
0,1,1,0,0,0,0,0,0,2,0,5,0,48.571123
0,1,1,0,0,0,0,0,0,3,0,5,0,66.796154
0,1,1,0,0,0,0,0,0,4,0,5,0,84.391818
0,1,1,0,0,0,0,0,0,1,1,5,0,26.02218
0,1,1,0,0,0,0,0,0,2,1,5,0,48.262674
0,1,1,0,0,0,0,0,0,3,1,5,0,67.146012
0,1,1,0,0,0,0,0,0,4,1,5,0,84.206245
0,1,1,0,0,0,0,0,0,1,2,5,0,26.099684
0,1,1,0,0,0,0,0,0,2,2,5,0,48.24754
0,1,1,0,0,0,0,0,0,3,2,5,0,67.001196
0,1,1,0,0,0,0,0,0,4,2,5,0,84.313597
0,1,1,0,0,0,0,0,0,1,0,15,0,26.058825
0,1,1,0,0,0,0,0,0,2,0,15,0,48.621729
0,1,1,0,0,0,0,0,0,3,0,15,0,67.036154
0,1,1,0,0,0,0,0,0,4,0,15,0,84.414199
0,1,1,0,0,0,0,0,0,1,1,15,0,26.760153
0,1,1,0,0,0,0,0,0,2,1,15,0,48.50697
0,1,1,0,0,0,0,0,0,3,1,15,0,66.803231
0,1,1,0,0,0,0,0,0,4,1,15,0,84.571502
0,1,1,0,0,0,0,0,0,1,2,15,0,26.627334
0,1,1,0,0,0,0,0,0,2,2,15,0,48.575276
0,1,1,0,0,0,0,0,0,3,2,15,0,66.511723
0,1,1,0,0,0,0,0,0,4,2,15,0,84.273637
0,1,1,0,0,0,0,0,0,1,0,0,3,25.894017
0,1,1,0,0,0,0,0,0,2,0,0,3,48.784118
0,1,1,0,0,0,0,0,0,3,0,0,3,66.832646
0,1,1,0,0,0,0,0,0,4,0,0,3,84.418398
0,1,1,0,0,0,0,0,0,1,1,0,3,26.28339
0,1,1,0,0,0,0,0,0,2,1,0,3,48.782941
0,1,1,0,0,0,0,0,0,3,1,0,3,67.117692
0,1,1,0,0,0,0,0,0,4,1,0,3,84.417391
0,1,1,0,0,0,0,0,0,1,2,0,3,26.501667
0,1,1,0,0,0,0,0,0,2,2,0,3,48.395597
0,1,1,0,0,0,0,0,0,3,2,0,3,67.205138
0,1,1,0,0,0,0,0,0,4,2,0,3,84.027905
0,1,1,0,0,0,0,0,0,1,0,5,3,26.750809
0,1,1,0,0,0,0,0,0,2,0,5,3,48.715294
0,1,1,0,0,0,0,0,0,3,0,5,3,67.034615
0,1,1,0,0,0,0,0,0,4,0,5,3,84.15013
0,1,1,0,0,0,0,0,0,1,1,5,3,26.226102
0,1,1,0,0,0,0,0,0,2,1,5,3,48.512852
0,1,1,0,0,0,0,0,0,3,1,5,3,66.92
0,1,1,0,0,0,0,0,0,4,1,5,3,84.427708
0,1,1,0,0,0,0,0,0,1,2,5,3,26.557
0,1,1,0,0,0,0,0,0,2,2,5,3,49.02
0,1,1,0,0,0,0,0,0,3,2,5,3,66.889415
0,1,1,0,0,0,0,0,0,4,2,5,3,84.263636
0,1,1,0,0,0,0,0,0,1,0,15,3,26.168334
0,1,1,0,0,0,0,0,0,2,0,15,3,48.827647
0,1,1,0,0,0,0,0,0,3,0,15,3,66.888462
0,1,1,0,0,0,0,0,0,4,0,15,3,84.210952
0,1,1,0,0,0,0,0,0,1,1,15,3,25.599007
0,1,1,0,0,0,0,0,0,2,1,15,3,48.98779
0,1,1,0,0,0,0,0,0,3,1,15,3,66.869231
0,1,1,0,0,0,0,0,0,4,1,15,3,84.287826
0,1,1,0,0,0,0,0,0,1,2,15,3,26.684333
0,1,1,0,0,0,0,0,0,2,2,15,3,48.793939
0,1,1,0,0,0,0,0,0,3,2,15,3,67.066923
0,1,1,0,0,0,0,0,0,4,2,15,3,84.195974
0,1,1,0,0,0,0,0,0,1,0,0,6,26.730432
0,1,1,0,0,0,0,0,0,2,0,0,6,48.102103
0,1,1,0,0,0,0,0,0,3,0,0,6,66.564
0,1,1,0,0,0,0,0,0,4,0,0,6,84.497922
0,1,1,0,0,0,0,0,0,1,1,0,6,26.736667
0,1,1,0,0,0,0,0,0,2,1,0,6,48.929412
0,1,1,0,0,0,0,0,0,3,1,0,6,67.065071
0,1,1,0,0,0,0,0,0,4,1,0,6,84.381858
0,1,1,0,0,0,0,0,0,1,2,0,6,26.430274
0,1,1,0,0,0,0,0,0,2,2,0,6,48.902727
0,1,1,0,0,0,0,0,0,3,2,0,6,67.17
0,1,1,0,0,0,0,0,0,4,2,0,6,84.237273
0,1,1,0,0,0,0,0,0,1,0,5,6,26.410497
0,1,1,0,0,0,0,0,0,2,0,5,6,48.783743
0,1,1,0,0,0,0,0,0,3,0,5,6,66.925046
0,1,1,0,0,0,0,0,0,4,0,5,6,84.257273
0,1,1,0,0,0,0,0,0,1,1,5,6,26.725763
0,1,1,0,0,0,0,0,0,2,1,5,6,48.914706
0,1,1,0,0,0,0,0,0,3,1,5,6,67.03886
0,1,1,0,0,0,0,0,0,4,1,5,6,84.500672
0,1,1,0,0,0,0,0,0,1,2,5,6,26.736
0,1,1,0,0,0,0,0,0,2,2,5,6,48.615276
0,1,1,0,0,0,0,0,0,3,2,5,6,67.287692
0,1,1,0,0,0,0,0,0,4,2,5,6,84.245731
0,1,1,0,0,0,0,0,0,1,0,15,6,26.785831
0,1,1,0,0,0,0,0,0,2,0,15,6,48.942353
0,1,1,0,0,0,0,0,0,3,0,15,6,66.651261
0,1,1,0,0,0,0,0,0,4,0,15,6,84.367532
0,1,1,0,0,0,0,0,0,1,1,15,6,26.780627
0,1,1,0,0,0,0,0,0,2,1,15,6,48.515027
0,1,1,0,0,0,0,0,0,3,1,15,6,66.857446
0,1,1,0,0,0,0,0,0,4,1,15,6,84.556561
0,1,1,0,0,0,0,0,0,1,2,15,6,26.636667
0,1,1,0,0,0,0,0,0,2,2,15,6,48.87
0,1,1,0,0,0,0,0,0,3,2,15,6,67.133846
0,1,1,0,0,0,0,0,0,4,2,15,6,84.362727
0,1,1,0,0,0,0,0,1,1,0,0,0,26.775738
0,1,1,0,0,0,0,0,1,2,0,0,0,48.7259
0,1,1,0,0,0,0,0,1,3,0,0,0,67.036923
0,1,1,0,0,0,0,0,1,4,0,0,0,84.378182
0,1,1,0,0,0,0,0,1,1,1,0,0,26.700237
0,1,1,0,0,0,0,0,1,2,1,0,0,48.765009
0,1,1,0,0,0,0,0,1,3,1,0,0,67.140769
0,1,1,0,0,0,0,0,1,4,1,0,0,84.642095
0,1,1,0,0,0,0,0,1,1,2,0,0,26.412667
0,1,1,0,0,0,0,0,1,2,2,0,0,48.858824
0,1,1,0,0,0,0,0,1,3,2,0,0,67.015385
0,1,1,0,0,0,0,0,1,4,2,0,0,83.984901
0,1,1,0,0,0,0,0,1,1,0,5,0,26.374831
0,1,1,0,0,0,0,0,1,2,0,5,0,48.594706
0,1,1,0,0,0,0,0,1,3,0,5,0,66.604616
0,1,1,0,0,0,0,0,1,4,0,5,0,83.996407
0,1,1,0,0,0,0,0,1,1,1,5,0,26.814576
0,1,1,0,0,0,0,0,1,2,1,5,0,48.365134
0,1,1,0,0,0,0,0,1,3,1,5,0,67.144387
0,1,1,0,0,0,0,0,1,4,1,5,0,84.267668
0,1,1,0,0,0,0,0,1,1,2,5,0,26.679333
0,1,1,0,0,0,0,0,1,2,2,5,0,48.330713
0,1,1,0,0,0,0,0,1,3,2,5,0,66.926154
0,1,1,0,0,0,0,0,1,4,2,5,0,84.507273
0,1,1,0,0,0,0,0,1,1,0,15,0,26.590803
0,1,1,0,0,0,0,0,1,2,0,15,0,48.803529
0,1,1,0,0,0,0,0,1,3,0,15,0,66.411692
0,1,1,0,0,0,0,0,1,4,0,15,0,84.360909
0,1,1,0,0,0,0,0,1,1,1,15,0,26.591412
0,1,1,0,0,0,0,0,1,2,1,15,0,48.409144
0,1,1,0,0,0,0,0,1,3,1,15,0,67.148689
0,1,1,0,0,0,0,0,1,4,1,15,0,84.368972
0,1,1,0,0,0,0,0,1,1,2,15,0,26.619667
0,1,1,0,0,0,0,0,1,2,2,15,0,48.723476
0,1,1,0,0,0,0,0,1,3,2,15,0,67.190769
0,1,1,0,0,0,0,0,1,4,2,15,0,84.290736
0,1,1,0,0,0,0,0,1,1,0,0,3,26.148246
0,1,1,0,0,0,0,0,1,2,0,0,3,48.57884
0,1,1,0,0,0,0,0,1,3,0,0,3,67.066154
0,1,1,0,0,0,0,0,1,4,0,0,3,84.321645
0,1,1,0,0,0,0,0,1,1,1,0,3,26.496384
0,1,1,0,0,0,0,0,1,2,1,0,3,48.249661
0,1,1,0,0,0,0,0,1,3,1,0,3,66.893077
0,1,1,0,0,0,0,0,1,4,1,0,3,84.134348
0,1,1,0,0,0,0,0,1,1,2,0,3,26.799994
0,1,1,0,0,0,0,0,1,2,2,0,3,48.692852
0,1,1,0,0,0,0,0,1,3,2,0,3,67.05755
0,1,1,0,0,0,0,0,1,4,2,0,3,84.432727
0,1,1,0,0,0,0,0,1,1,0,5,3,26.425995
0,1,1,0,0,0,0,0,1,2,0,5,3,48.839412
0,1,1,0,0,0,0,0,1,3,0,5,3,66.964615
0,1,1,0,0,0,0,0,1,4,0,5,3,84.512901
0,1,1,0,0,0,0,0,1,1,1,5,3,26.340339
0,1,1,0,0,0,0,0,1,2,1,5,3,48.762353
0,1,1,0,0,0,0,0,1,3,1,5,3,67.021196
0,1,1,0,0,0,0,0,1,4,1,5,3,84.468696
0,1,1,0,0,0,0,0,1,1,2,5,3,26.59
0,1,1,0,0,0,0,0,1,2,2,5,3,48.723708
0,1,1,0,0,0,0,0,1,3,2,5,3,67.185384
0,1,1,0,0,0,0,0,1,4,2,5,3,84.11751
0,1,1,0,0,0,0,0,1,1,0,15,3,26.070961
0,1,1,0,0,0,0,0,1,2,0,15,3,48.590677
0,1,1,0,0,0,0,0,1,3,0,15,3,66.629631
0,1,1,0,0,0,0,0,1,4,0,15,3,84.309134
0,1,1,0,0,0,0,0,1,1,1,15,3,26.719717
0,1,1,0,0,0,0,0,1,2,1,15,3,48.525544
0,1,1,0,0,0,0,0,1,3,1,15,3,67.252422
0,1,1,0,0,0,0,0,1,4,1,15,3,84.506443
0,1,1,0,0,0,0,0,1,1,2,15,3,26.052163
0,1,1,0,0,0,0,0,1,2,2,15,3,48.815294
0,1,1,0,0,0,0,0,1,3,2,15,3,66.964369
0,1,1,0,0,0,0,0,1,4,2,15,3,84.41
0,1,1,0,0,0,0,0,1,1,0,0,6,26.321361
0,1,1,0,0,0,0,0,1,2,0,0,6,48.452941
0,1,1,0,0,0,0,0,1,3,0,0,6,66.831723
0,1,1,0,0,0,0,0,1,4,0,0,6,83.793333
0,1,1,0,0,0,0,0,1,1,1,0,6,26.613119
0,1,1,0,0,0,0,0,1,2,1,0,6,48.358592
0,1,1,0,0,0,0,0,1,3,1,0,6,67.333077
0,1,1,0,0,0,0,0,1,4,1,0,6,84.249091
0,1,1,0,0,0,0,0,1,1,2,0,6,26.379667
0,1,1,0,0,0,0,0,1,2,2,0,6,48.588824
0,1,1,0,0,0,0,0,1,3,2,0,6,67.135869
0,1,1,0,0,0,0,0,1,4,2,0,6,84.38
0,1,1,0,0,0,0,0,1,1,0,5,6,26.773157
0,1,1,0,0,0,0,0,1,2,0,5,6,48.260446
0,1,1,0,0,0,0,0,1,3,0,5,6,66.528862
0,1,1,0,0,0,0,0,1,4,0,5,6,84.395455
0,1,1,0,0,0,0,0,1,1,1,5,6,26.694
0,1,1,0,0,0,0,0,1,2,1,5,6,48.599554
0,1,1,0,0,0,0,0,1,3,1,5,6,67.085385
0,1,1,0,0,0,0,0,1,4,1,5,6,84.550949
0,1,1,0,0,0,0,0,1,1,2,5,6,26.819667
0,1,1,0,0,0,0,0,1,2,2,5,6,48.850588
0,1,1,0,0,0,0,0,1,3,2,5,6,67.217265
0,1,1,0,0,0,0,0,1,4,2,5,6,84.331818
0,1,1,0,0,0,0,0,1,1,0,15,6,26.604312
0,1,1,0,0,0,0,0,1,2,0,15,6,48.615791
0,1,1,0,0,0,0,0,1,3,0,15,6,66.870769
0,1,1,0,0,0,0,0,1,4,0,15,6,84.076623
0,1,1,0,0,0,0,0,1,1,1,15,6,26.40274
0,1,1,0,0,0,0,0,1,2,1,15,6,48.230909
0,1,1,0,0,0,0,0,1,3,1,15,6,66.989231
0,1,1,0,0,0,0,0,1,4,1,15,6,84.456442
0,1,1,0,0,0,0,0,1,1,2,15,6,26.547333
0,1,1,0,0,0,0,0,1,2,2,15,6,48.611016
0,1,1,0,0,0,0,0,1,3,2,15,6,67.103077
0,1,1,0,0,0,0,0,1,4,2,15,6,84.30013
0,1,1,0,0,1,0,0,0,1,0,0,0,26.274717
0,1,1,0,0,1,0,0,0,2,0,0,0,48.568276
0,1,1,0,0,1,0,0,0,3,0,0,0,66.057273
0,1,1,0,0,1,0,0,0,4,0,0,0,82.482456
0,1,1,0,0,1,0,0,0,1,1,0,0,26.621901
0,1,1,0,0,1,0,0,0,2,1,0,0,48.128892
0,1,1,0,0,1,0,0,0,3,1,0,0,65.901858
0,1,1,0,0,1,0,0,0,4,1,0,0,81.917778
0,1,1,0,0,1,0,0,0,1,2,0,0,26.759636
0,1,1,0,0,1,0,0,0,2,2,0,0,47.832529
0,1,1,0,0,1,0,0,0,3,2,0,0,65.884545
0,1,1,0,0,1,0,0,0,4,2,0,0,82.096257
0,1,1,0,0,1,0,0,0,1,0,5,0,26.840322
0,1,1,0,0,1,0,0,0,2,0,5,0,48.072444
0,1,1,0,0,1,0,0,0,3,0,5,0,65.594589
0,1,1,0,0,1,0,0,0,4,0,5,0,82.5
0,1,1,0,0,1,0,0,0,1,1,5,0,26.791153
0,1,1,0,0,1,0,0,0,2,1,5,0,48.33202
0,1,1,0,0,1,0,0,0,3,1,5,0,65.740198
0,1,1,0,0,1,0,0,0,4,1,5,0,82.013333
0,1,1,0,0,1,0,0,0,1,2,5,0,26.589818
0,1,1,0,0,1,0,0,0,2,2,5,0,48.12335
0,1,1,0,0,1,0,0,0,3,2,5,0,65.959091
0,1,1,0,0,1,0,0,0,4,2,5,0,82.285263
0,1,1,0,0,1,0,0,0,1,0,15,0,26.450189
0,1,1,0,0,1,0,0,0,2,0,15,0,48.511552
0,1,1,0,0,1,0,0,0,3,0,15,0,65.864545
0,1,1,0,0,1,0,0,0,4,0,15,0,82.1631
0,1,1,0,0,1,0,0,0,1,1,15,0,26.717575
0,1,1,0,0,1,0,0,0,2,1,15,0,48.475345
0,1,1,0,0,1,0,0,0,3,1,15,0,66.282371
0,1,1,0,0,1,0,0,0,4,1,15,0,81.768889
0,1,1,0,0,1,0,0,0,1,2,15,0,26.972364
0,1,1,0,0,1,0,0,0,2,2,15,0,48.414873
0,1,1,0,0,1,0,0,0,3,2,15,0,65.651039
0,1,1,0,0,1,0,0,0,4,2,15,0,82.552631
0,1,1,0,0,1,0,0,0,1,0,0,3,26.947037
0,1,1,0,0,1,0,0,0,2,0,0,3,48.613655
0,1,1,0,0,1,0,0,0,3,0,0,3,66.218261
0,1,1,0,0,1,0,0,0,4,0,0,3,82.183918
0,1,1,0,0,1,0,0,0,1,1,0,3,26.765598
0,1,1,0,0,1,0,0,0,2,1,0,3,48.278473
0,1,1,0,0,1,0,0,0,3,1,0,3,66.131897
0,1,1,0,0,1,0,0,0,4,1,0,3,81.891228
0,1,1,0,0,1,0,0,0,1,2,0,3,26.575273
0,1,1,0,0,1,0,0,0,2,2,0,3,48.225747
0,1,1,0,0,1,0,0,0,3,2,0,3,66.007273
0,1,1,0,0,1,0,0,0,4,2,0,3,82.202164
0,1,1,0,0,1,0,0,0,1,0,5,3,26.496772
0,1,1,0,0,1,0,0,0,2,0,5,3,48.772437
0,1,1,0,0,1,0,0,0,3,0,5,3,65.622338
0,1,1,0,0,1,0,0,0,4,0,5,3,82.348129
0,1,1,0,0,1,0,0,0,1,1,5,3,26.661642
0,1,1,0,0,1,0,0,0,2,1,5,3,48.360985
0,1,1,0,0,1,0,0,0,3,1,5,3,66.129644
0,1,1,0,0,1,0,0,0,4,1,5,3,81.802398
0,1,1,0,0,1,0,0,0,1,2,5,3,26.52196
0,1,1,0,0,1,0,0,0,2,2,5,3,48.601586
0,1,1,0,0,1,0,0,0,3,2,5,3,65.865455
0,1,1,0,0,1,0,0,0,4,2,5,3,82.303158
0,1,1,0,0,1,0,0,0,1,0,15,3,26.705276
0,1,1,0,0,1,0,0,0,2,0,15,3,48.414621
0,1,1,0,0,1,0,0,0,3,0,15,3,66.136364
0,1,1,0,0,1,0,0,0,4,0,15,3,82.206783
0,1,1,0,0,1,0,0,0,1,1,15,3,26.565199
0,1,1,0,0,1,0,0,0,2,1,15,3,48.504236
0,1,1,0,0,1,0,0,0,3,1,15,3,66.376522
0,1,1,0,0,1,0,0,0,4,1,15,3,81.913392
0,1,1,0,0,1,0,0,0,1,2,15,3,26.448471
0,1,1,0,0,1,0,0,0,2,2,15,3,48.737724
0,1,1,0,0,1,0,0,0,3,2,15,3,65.70039
0,1,1,0,0,1,0,0,0,4,2,15,3,82.094292
0,1,1,0,0,1,0,0,0,1,0,0,6,26.523173
0,1,1,0,0,1,0,0,0,2,0,0,6,48.778965
0,1,1,0,0,1,0,0,0,3,0,0,6,66.049565
0,1,1,0,0,1,0,0,0,4,0,0,6,82.381287
0,1,1,0,0,1,0,0,0,1,1,0,6,26.881873
0,1,1,0,0,1,0,0,0,2,1,0,6,48.17564
0,1,1,0,0,1,0,0,0,3,1,0,6,66.432174
0,1,1,0,0,1,0,0,0,4,1,0,6,81.714445
0,1,1,0,0,1,0,0,0,1,2,0,6,26.722909
0,1,1,0,0,1,0,0,0,2,2,0,6,48.683862
0,1,1,0,0,1,0,0,0,3,2,0,6,65.988182
0,1,1,0,0,1,0,0,0,4,2,0,6,81.53
0,1,1,0,0,1,0,0,0,1,0,5,6,26.693787
0,1,1,0,0,1,0,0,0,2,0,5,6,48.70069
0,1,1,0,0,1,0,0,0,3,0,5,6,65.945534
0,1,1,0,0,1,0,0,0,4,0,5,6,81.959474
0,1,1,0,0,1,0,0,0,1,1,5,6,26.607212
0,1,1,0,0,1,0,0,0,2,1,5,6,48.773793
0,1,1,0,0,1,0,0,0,3,1,5,6,66.199328
0,1,1,0,0,1,0,0,0,4,1,5,6,81.549415
0,1,1,0,0,1,0,0,0,1,2,5,6,26.478087
0,1,1,0,0,1,0,0,0,2,2,5,6,48.300391
0,1,1,0,0,1,0,0,0,3,2,5,6,65.974545
0,1,1,0,0,1,0,0,0,4,2,5,6,81.980468
0,1,1,0,0,1,0,0,0,1,0,15,6,26.936834
0,1,1,0,0,1,0,0,0,2,0,15,6,48.270345
0,1,1,0,0,1,0,0,0,3,0,15,6,66.200909
0,1,1,0,0,1,0,0,0,4,0,15,6,82.29579
0,1,1,0,0,1,0,0,0,1,1,15,6,26.67854
0,1,1,0,0,1,0,0,0,2,1,15,6,48.095813
0,1,1,0,0,1,0,0,0,3,1,15,6,66.032964
0,1,1,0,0,1,0,0,0,4,1,15,6,81.944444
0,1,1,0,0,1,0,0,0,1,2,15,6,26.497401
0,1,1,0,0,1,0,0,0,2,2,15,6,48.782529
0,1,1,0,0,1,0,0,0,3,2,15,6,65.980909
0,1,1,0,0,1,0,0,0,4,2,15,6,82.410526
0,1,1,0,0,1,0,0,1,1,0,0,0,26.93144
0,1,1,0,0,1,0,0,1,2,0,0,0,48.475173
0,1,1,0,0,1,0,0,1,3,0,0,0,65.890039
0,1,1,0,0,1,0,0,1,4,0,0,0,81.574152
0,1,1,0,0,1,0,0,1,1,1,0,0,26.7203
0,1,1,0,0,1,0,0,1,2,1,0,0,48.46367
0,1,1,0,0,1,0,0,1,3,1,0,0,65.887233
0,1,1,0,0,1,0,0,1,4,1,0,0,81.825438
0,1,1,0,0,1,0,0,1,1,2,0,0,26.491145
0,1,1,0,0,1,0,0,1,2,2,0,0,48.722621
0,1,1,0,0,1,0,0,1,3,2,0,0,66.187273
0,1,1,0,0,1,0,0,1,4,2,0,0,82.206433
0,1,1,0,0,1,0,0,1,1,0,5,0,26.85645
0,1,1,0,0,1,0,0,1,2,0,5,0,48.835862
0,1,1,0,0,1,0,0,1,3,0,5,0,66.070435
0,1,1,0,0,1,0,0,1,4,0,5,0,82.69579
0,1,1,0,0,1,0,0,1,1,1,5,0,26.906995
0,1,1,0,0,1,0,0,1,2,1,5,0,48.548177
0,1,1,0,0,1,0,0,1,3,1,5,0,65.827154
0,1,1,0,0,1,0,0,1,4,1,5,0,81.583203
0,1,1,0,0,1,0,0,1,1,2,5,0,26.567946
0,1,1,0,0,1,0,0,1,2,2,5,0,48.563792
0,1,1,0,0,1,0,0,1,3,2,5,0,66.136324
0,1,1,0,0,1,0,0,1,4,2,5,0,82.04807
0,1,1,0,0,1,0,0,1,1,0,15,0,26.814633
0,1,1,0,0,1,0,0,1,2,0,15,0,48.433104
0,1,1,0,0,1,0,0,1,3,0,15,0,66.158182
0,1,1,0,0,1,0,0,1,4,0,15,0,82.158304
0,1,1,0,0,1,0,0,1,1,1,15,0,26.674696
0,1,1,0,0,1,0,0,1,2,1,15,0,48.389335
0,1,1,0,0,1,0,0,1,3,1,15,0,66.045218
0,1,1,0,0,1,0,0,1,4,1,15,0,81.873918
0,1,1,0,0,1,0,0,1,1,2,15,0,26.653455
0,1,1,0,0,1,0,0,1,2,2,15,0,48.400529
0,1,1,0,0,1,0,0,1,3,2,15,0,65.667273
0,1,1,0,0,1,0,0,1,4,2,15,0,82.345673
0,1,1,0,0,1,0,0,1,1,0,0,3,25.859949
0,1,1,0,0,1,0,0,1,2,0,0,3,48.589264
0,1,1,0,0,1,0,0,1,3,0,0,3,66.235573
0,1,1,0,0,1,0,0,1,4,0,0,3,82.163275
0,1,1,0,0,1,0,0,1,1,1,0,3,26.600936
0,1,1,0,0,1,0,0,1,2,1,0,3,48.337315
0,1,1,0,0,1,0,0,1,3,1,0,3,66.294239
0,1,1,0,0,1,0,0,1,4,1,0,3,81.894854
0,1,1,0,0,1,0,0,1,1,2,0,3,26.428976
0,1,1,0,0,1,0,0,1,2,2,0,3,48.357954
0,1,1,0,0,1,0,0,1,3,2,0,3,65.732174
0,1,1,0,0,1,0,0,1,4,2,0,3,82.304211
0,1,1,0,0,1,0,0,1,1,0,5,3,26.903103
0,1,1,0,0,1,0,0,1,2,0,5,3,48.426897
0,1,1,0,0,1,0,0,1,3,0,5,3,65.916266
0,1,1,0,0,1,0,0,1,4,0,5,3,81.949123
0,1,1,0,0,1,0,0,1,1,1,5,3,26.130944
0,1,1,0,0,1,0,0,1,2,1,5,3,48.619828
0,1,1,0,0,1,0,0,1,3,1,5,3,66.320507
0,1,1,0,0,1,0,0,1,4,1,5,3,82.226374
0,1,1,0,0,1,0,0,1,1,2,5,3,26.63666
0,1,1,0,0,1,0,0,1,2,2,5,3,48.572529
0,1,1,0,0,1,0,0,1,3,2,5,3,66.071542
0,1,1,0,0,1,0,0,1,4,2,5,3,82.077895
0,1,1,0,0,1,0,0,1,1,0,15,3,26.626415
0,1,1,0,0,1,0,0,1,2,0,15,3,48.514483
0,1,1,0,0,1,0,0,1,3,0,15,3,65.970119
0,1,1,0,0,1,0,0,1,4,0,15,3,82.302631
0,1,1,0,0,1,0,0,1,1,1,15,3,26.785556
0,1,1,0,0,1,0,0,1,2,1,15,3,48.139557
0,1,1,0,0,1,0,0,1,3,1,15,3,66.032648
0,1,1,0,0,1,0,0,1,4,1,15,3,81.886144
0,1,1,0,0,1,0,0,1,1,2,15,3,26.596862
0,1,1,0,0,1,0,0,1,2,2,15,3,48.336942
0,1,1,0,0,1,0,0,1,3,2,15,3,65.310303
0,1,1,0,0,1,0,0,1,4,2,15,3,82.009474
0,1,1,0,0,1,0,0,1,1,0,0,6,25.817758
0,1,1,0,0,1,0,0,1,2,0,0,6,48.009655
0,1,1,0,0,1,0,0,1,3,0,0,6,66.077154
0,1,1,0,0,1,0,0,1,4,0,0,6,81.984152
0,1,1,0,0,1,0,0,1,1,1,0,6,26.450566
0,1,1,0,0,1,0,0,1,2,1,0,6,48.003645
0,1,1,0,0,1,0,0,1,3,1,0,6,66.352174
0,1,1,0,0,1,0,0,1,4,1,0,6,81.529825
0,1,1,0,0,1,0,0,1,1,2,0,6,26.200559
0,1,1,0,0,1,0,0,1,2,2,0,6,48.047586
0,1,1,0,0,1,0,0,1,3,2,0,6,66.118538
0,1,1,0,0,1,0,0,1,4,2,0,6,82.026491
0,1,1,0,0,1,0,0,1,1,0,5,6,26.919776
0,1,1,0,0,1,0,0,1,2,0,5,6,48.55931
0,1,1,0,0,1,0,0,1,3,0,5,6,66.130909
0,1,1,0,0,1,0,0,1,4,0,5,6,82.072807
0,1,1,0,0,1,0,0,1,1,1,5,6,26.224151
0,1,1,0,0,1,0,0,1,2,1,5,6,48.245345
0,1,1,0,0,1,0,0,1,3,1,5,6,66.304348
0,1,1,0,0,1,0,0,1,4,1,5,6,81.88193
0,1,1,0,0,1,0,0,1,1,2,5,6,26.303078
0,1,1,0,0,1,0,0,1,2,2,5,6,48.393701
0,1,1,0,0,1,0,0,1,3,2,5,6,65.998696
0,1,1,0,0,1,0,0,1,4,2,5,6,82.35421
0,1,1,0,0,1,0,0,1,1,0,15,6,26.699043
0,1,1,0,0,1,0,0,1,2,0,15,6,48.082989
0,1,1,0,0,1,0,0,1,3,0,15,6,65.551515
0,1,1,0,0,1,0,0,1,4,0,15,6,82.327368
0,1,1,0,0,1,0,0,1,1,1,15,6,26.400377
0,1,1,0,0,1,0,0,1,2,1,15,6,48.313473
0,1,1,0,0,1,0,0,1,3,1,15,6,66.272174
0,1,1,0,0,1,0,0,1,4,1,15,6,81.929006
0,1,1,0,0,1,0,0,1,1,2,15,6,26.833091
0,1,1,0,0,1,0,0,1,2,2,15,6,48.532989
0,1,1,0,0,1,0,0,1,3,2,15,6,65.958261
0,1,1,0,0,1,0,0,1,4,2,15,6,82.255555
1,1,0,0,1,0,0,1,0,1,0,0,0,31.049444
1,1,0,0,1,0,0,1,0,2,0,0,0,39.035714
1,1,0,0,1,0,0,1,0,3,0,0,0,42.813333
1,1,0,0,1,0,0,1,0,4,0,0,0,44.800667
1,1,0,0,1,0,0,1,0,1,1,0,0,30.3875
1,1,0,0,1,0,0,1,0,2,1,0,0,38.635714
1,1,0,0,1,0,0,1,0,3,1,0,0,37.566667
1,1,0,0,1,0,0,1,0,4,1,0,0,46.354
1,1,0,0,1,0,0,1,0,1,2,0,0,27.86
1,1,0,0,1,0,0,1,0,2,2,0,0,37.05
1,1,0,0,1,0,0,1,0,3,2,0,0,44.78
1,1,0,0,1,0,0,1,0,4,2,0,0,44.812
1,1,0,0,1,0,0,1,1,1,0,0,0,30.182222
1,1,0,0,1,0,0,1,1,2,0,0,0,40.320953
1,1,0,0,1,0,0,1,1,3,0,0,0,41.022476
1,1,0,0,1,0,0,1,1,4,0,0,0,41.348
1,1,0,0,1,0,0,1,1,1,1,0,0,30.004722
1,1,0,0,1,0,0,1,1,2,1,0,0,39.859524
1,1,0,0,1,0,0,1,1,3,1,0,0,44.86
1,1,0,0,1,0,0,1,1,4,1,0,0,46.365333
1,1,0,0,1,0,0,1,1,1,2,0,0,29.065556
1,1,0,0,1,0,0,1,1,2,2,0,0,38.333333
1,1,0,0,1,0,0,1,1,3,2,0,0,44.442381
1,1,0,0,1,0,0,1,1,4,2,0,0,46.354
1,1,0,0,1,0,1,0,0,1,0,0,0,26.8425
1,1,0,0,1,0,1,0,0,2,0,0,0,39.707619
1,1,0,0,1,0,1,0,0,3,0,0,0,39.729333
1,1,0,0,1,0,1,0,0,4,0,0,0,46.611333
1,1,0,0,1,0,1,0,0,1,1,0,0,32.391111
1,1,0,0,1,0,1,0,0,2,1,0,0,40.309524
1,1,0,0,1,0,1,0,0,3,1,0,0,43.012667
1,1,0,0,1,0,1,0,0,4,1,0,0,46.939333
1,1,0,0,1,0,1,0,0,1,2,0,0,28.652778
1,1,0,0,1,0,1,0,0,2,2,0,0,39.214762
1,1,0,0,1,0,1,0,0,3,2,0,0,44.01
1,1,0,0,1,0,1,0,0,4,2,0,0,41.848
1,1,0,0,1,0,1,0,0,1,0,5,0,29.665
1,1,0,0,1,0,1,0,0,2,0,5,0,40.994286
1,1,0,0,1,0,1,0,0,3,0,5,0,41.398667
1,1,0,0,1,0,1,0,0,4,0,5,0,45.54
1,1,0,0,1,0,1,0,0,1,1,5,0,31.010278
1,1,0,0,1,0,1,0,0,2,1,5,0,37.948095
1,1,0,0,1,0,1,0,0,3,1,5,0,41.395333
1,1,0,0,1,0,1,0,0,4,1,5,0,47.583333
1,1,0,0,1,0,1,0,0,1,2,5,0,28.0775
1,1,0,0,1,0,1,0,0,2,2,5,0,41.859524
1,1,0,0,1,0,1,0,0,3,2,5,0,45.445714
1,1,0,0,1,0,1,0,0,4,2,5,0,48.656667
1,1,0,0,1,0,1,0,0,1,0,15,0,29.249167
1,1,0,0,1,0,1,0,0,2,0,15,0,39.06619
1,1,0,0,1,0,1,0,0,3,0,15,0,45.689048
1,1,0,0,1,0,1,0,0,4,0,15,0,43.840667
1,1,0,0,1,0,1,0,0,1,1,15,0,31.3675
1,1,0,0,1,0,1,0,0,2,1,15,0,39.948571
1,1,0,0,1,0,1,0,0,3,1,15,0,44.263333
1,1,0,0,1,0,1,0,0,4,1,15,0,47.776667
1,1,0,0,1,0,1,0,0,1,2,15,0,31.454722
1,1,0,0,1,0,1,0,0,2,2,15,0,39.348572
1,1,0,0,1,0,1,0,0,3,2,15,0,44.768
1,1,0,0,1,0,1,0,0,4,2,15,0,45.166667
1,1,0,0,1,0,1,0,0,1,0,0,3,32.246111
1,1,0,0,1,0,1,0,0,2,0,0,3,39.652857
1,1,0,0,1,0,1,0,0,3,0,0,3,42.706667
1,1,0,0,1,0,1,0,0,4,0,0,3,47.761905
1,1,0,0,1,0,1,0,0,1,1,0,3,29.564444
1,1,0,0,1,0,1,0,0,2,1,0,3,38.093809
1,1,0,0,1,0,1,0,0,3,1,0,3,43.398
1,1,0,0,1,0,1,0,0,4,1,0,3,46.674
1,1,0,0,1,0,1,0,0,1,2,0,3,30.447778
1,1,0,0,1,0,1,0,0,2,2,0,3,37.166191
1,1,0,0,1,0,1,0,0,3,2,0,3,43.599619
1,1,0,0,1,0,1,0,0,4,2,0,3,43.690667
1,1,0,0,1,0,1,0,0,1,0,5,3,30.233889
1,1,0,0,1,0,1,0,0,2,0,5,3,40.831905
1,1,0,0,1,0,1,0,0,3,0,5,3,45.004952
1,1,0,0,1,0,1,0,0,4,0,5,3,45.485333
1,1,0,0,1,0,1,0,0,1,1,5,3,31.313111
1,1,0,0,1,0,1,0,0,2,1,5,3,39.950953
1,1,0,0,1,0,1,0,0,3,1,5,3,43.87
1,1,0,0,1,0,1,0,0,4,1,5,3,45.042
1,1,0,0,1,0,1,0,0,1,2,5,3,30.015278
1,1,0,0,1,0,1,0,0,2,2,5,3,38.687143
1,1,0,0,1,0,1,0,0,3,2,5,3,43.939524
1,1,0,0,1,0,1,0,0,4,2,5,3,47.018667
1,1,0,0,1,0,1,0,0,1,0,15,3,29.032778
1,1,0,0,1,0,1,0,0,2,0,15,3,41.982857
1,1,0,0,1,0,1,0,0,3,0,15,3,44.886667
1,1,0,0,1,0,1,0,0,4,0,15,3,44.818857
1,1,0,0,1,0,1,0,0,1,1,15,3,32.362222
1,1,0,0,1,0,1,0,0,2,1,15,3,39.316071
1,1,0,0,1,0,1,0,0,3,1,15,3,39.48619
1,1,0,0,1,0,1,0,0,4,1,15,3,45.901333
1,1,0,0,1,0,1,0,0,1,2,15,3,27.407222
1,1,0,0,1,0,1,0,0,2,2,15,3,38.056667
1,1,0,0,1,0,1,0,0,3,2,15,3,45.143333
1,1,0,0,1,0,1,0,0,4,2,15,3,43.864667
1,1,0,0,1,0,1,0,0,1,0,0,6,29.519167
1,1,0,0,1,0,1,0,0,2,0,0,6,39.261429
1,1,0,0,1,0,1,0,0,3,0,0,6,45.03
1,1,0,0,1,0,1,0,0,4,0,0,6,46.253333
1,1,0,0,1,0,1,0,0,1,1,0,6,31.508333
1,1,0,0,1,0,1,0,0,2,1,0,6,39.880476
1,1,0,0,1,0,1,0,0,3,1,0,6,44.675047
1,1,0,0,1,0,1,0,0,4,1,0,6,47.306
1,1,0,0,1,0,1,0,0,1,2,0,6,30.039167
1,1,0,0,1,0,1,0,0,2,2,0,6,39.209524
1,1,0,0,1,0,1,0,0,3,2,0,6,45.18
1,1,0,0,1,0,1,0,0,4,2,0,6,46.83
1,1,0,0,1,0,1,0,0,1,0,5,6,31.399167
1,1,0,0,1,0,1,0,0,2,0,5,6,37.641429
1,1,0,0,1,0,1,0,0,3,0,5,6,44.647333
1,1,0,0,1,0,1,0,0,4,0,5,6,46.539333
1,1,0,0,1,0,1,0,0,1,1,5,6,28.217222
1,1,0,0,1,0,1,0,0,2,1,5,6,40.446667
1,1,0,0,1,0,1,0,0,3,1,5,6,42.579333
1,1,0,0,1,0,1,0,0,4,1,5,6,44.866
1,1,0,0,1,0,1,0,0,1,2,5,6,31.685556
1,1,0,0,1,0,1,0,0,2,2,5,6,38.794762
1,1,0,0,1,0,1,0,0,3,2,5,6,43.99
1,1,0,0,1,0,1,0,0,4,2,5,6,48.386667
1,1,0,0,1,0,1,0,0,1,0,15,6,30.724444
1,1,0,0,1,0,1,0,0,2,0,15,6,38.969047
1,1,0,0,1,0,1,0,0,3,0,15,6,41.006953
1,1,0,0,1,0,1,0,0,4,0,15,6,47.665333
1,1,0,0,1,0,1,0,0,1,1,15,6,28.698611
1,1,0,0,1,0,1,0,0,2,1,15,6,41.551429
1,1,0,0,1,0,1,0,0,3,1,15,6,44.439524
1,1,0,0,1,0,1,0,0,4,1,15,6,44.691333
1,1,0,0,1,0,1,0,0,1,2,15,6,30.696389
1,1,0,0,1,0,1,0,0,2,2,15,6,35.12
1,1,0,0,1,0,1,0,0,3,2,15,6,44.743333
1,1,0,0,1,0,1,0,0,4,2,15,6,45.200095
1,1,0,0,1,0,1,0,1,1,0,0,0,32.242222
1,1,0,0,1,0,1,0,1,2,0,0,0,42.211428
1,1,0,0,1,0,1,0,1,3,0,0,0,43.686667
1,1,0,0,1,0,1,0,1,4,0,0,0,44.510667
1,1,0,0,1,0,1,0,1,1,1,0,0,31.8175
1,1,0,0,1,0,1,0,1,2,1,0,0,37.174762
1,1,0,0,1,0,1,0,1,3,1,0,0,43.52
1,1,0,0,1,0,1,0,1,4,1,0,0,48.406
1,1,0,0,1,0,1,0,1,1,2,0,0,30.109444
1,1,0,0,1,0,1,0,1,2,2,0,0,39.093333
1,1,0,0,1,0,1,0,1,3,2,0,0,46.536667
1,1,0,0,1,0,1,0,1,4,2,0,0,45.469333
1,1,0,0,1,0,1,0,1,1,0,5,0,29.982778
1,1,0,0,1,0,1,0,1,2,0,5,0,40.313333
1,1,0,0,1,0,1,0,1,3,0,5,0,45.028571
1,1,0,0,1,0,1,0,1,4,0,5,0,47.836667
1,1,0,0,1,0,1,0,1,1,1,5,0,30.953611
1,1,0,0,1,0,1,0,1,2,1,5,0,40.250476
1,1,0,0,1,0,1,0,1,3,1,5,0,45.606191
1,1,0,0,1,0,1,0,1,4,1,5,0,46.018667
1,1,0,0,1,0,1,0,1,1,2,5,0,30.934722
1,1,0,0,1,0,1,0,1,2,2,5,0,41.371429
1,1,0,0,1,0,1,0,1,3,2,5,0,44.578571
1,1,0,0,1,0,1,0,1,4,2,5,0,45.215333
1,1,0,0,1,0,1,0,1,1,0,15,0,32.362222
1,1,0,0,1,0,1,0,1,2,0,15,0,39.045714
1,1,0,0,1,0,1,0,1,3,0,15,0,42.551333
1,1,0,0,1,0,1,0,1,4,0,15,0,44.516
1,1,0,0,1,0,1,0,1,1,1,15,0,28.71
1,1,0,0,1,0,1,0,1,2,1,15,0,40.149048
1,1,0,0,1,0,1,0,1,3,1,15,0,46.206667
1,1,0,0,1,0,1,0,1,4,1,15,0,43.596667
1,1,0,0,1,0,1,0,1,1,2,15,0,29.160278
1,1,0,0,1,0,1,0,1,2,2,15,0,40.078095
1,1,0,0,1,0,1,0,1,3,2,15,0,46.046667
1,1,0,0,1,0,1,0,1,4,2,15,0,43.548
1,1,0,0,1,0,1,0,1,1,0,0,3,31.626389
1,1,0,0,1,0,1,0,1,2,0,0,3,37.921905
1,1,0,0,1,0,1,0,1,3,0,0,3,44.393334
1,1,0,0,1,0,1,0,1,4,0,0,3,48.193334
1,1,0,0,1,0,1,0,1,1,1,0,3,30.2725
1,1,0,0,1,0,1,0,1,2,1,0,3,38.975714
1,1,0,0,1,0,1,0,1,3,1,0,3,41.438857
1,1,0,0,1,0,1,0,1,4,1,0,3,48.226667
1,1,0,0,1,0,1,0,1,1,2,0,3,29.703333
1,1,0,0,1,0,1,0,1,2,2,0,3,40.856191
1,1,0,0,1,0,1,0,1,3,2,0,3,41.410667
1,1,0,0,1,0,1,0,1,4,2,0,3,47.530667
1,1,0,0,1,0,1,0,1,1,0,5,3,31.5125
1,1,0,0,1,0,1,0,1,2,0,5,3,37.111429
1,1,0,0,1,0,1,0,1,3,0,5,3,43.435333
1,1,0,0,1,0,1,0,1,4,0,5,3,48.86
1,1,0,0,1,0,1,0,1,1,1,5,3,29.228889
1,1,0,0,1,0,1,0,1,2,1,5,3,38.484762
1,1,0,0,1,0,1,0,1,3,1,5,3,46.128571
1,1,0,0,1,0,1,0,1,4,1,5,3,46.209333
1,1,0,0,1,0,1,0,1,1,2,5,3,29.985556
1,1,0,0,1,0,1,0,1,2,2,5,3,40.841429
1,1,0,0,1,0,1,0,1,3,2,5,3,40.884667
1,1,0,0,1,0,1,0,1,4,2,5,3,42.858
1,1,0,0,1,0,1,0,1,1,0,15,3,32.328889
1,1,0,0,1,0,1,0,1,2,0,15,3,40.182381
1,1,0,0,1,0,1,0,1,3,0,15,3,41.293333
1,1,0,0,1,0,1,0,1,4,0,15,3,44.512
1,1,0,0,1,0,1,0,1,1,1,15,3,30.340556
1,1,0,0,1,0,1,0,1,2,1,15,3,41.139048
1,1,0,0,1,0,1,0,1,3,1,15,3,44.498095
1,1,0,0,1,0,1,0,1,4,1,15,3,46.098
1,1,0,0,1,0,1,0,1,1,2,15,3,30.6825
1,1,0,0,1,0,1,0,1,2,2,15,3,36.561429
1,1,0,0,1,0,1,0,1,3,2,15,3,44.153333
1,1,0,0,1,0,1,0,1,4,2,15,3,45.0
1,1,0,0,1,0,1,0,1,1,0,0,6,30.589167
1,1,0,0,1,0,1,0,1,2,0,0,6,39.31619
1,1,0,0,1,0,1,0,1,3,0,0,6,41.016
1,1,0,0,1,0,1,0,1,4,0,0,6,47.912667
1,1,0,0,1,0,1,0,1,1,1,0,6,31.630278
1,1,0,0,1,0,1,0,1,2,1,0,6,38.515714
1,1,0,0,1,0,1,0,1,3,1,0,6,42.733333
1,1,0,0,1,0,1,0,1,4,1,0,6,47.203333
1,1,0,0,1,0,1,0,1,1,2,0,6,30.846111
1,1,0,0,1,0,1,0,1,2,2,0,6,40.39619
1,1,0,0,1,0,1,0,1,3,2,0,6,44.046667
1,1,0,0,1,0,1,0,1,4,2,0,6,45.692381
1,1,0,0,1,0,1,0,1,1,0,5,6,29.148056
1,1,0,0,1,0,1,0,1,2,0,5,6,41.822857
1,1,0,0,1,0,1,0,1,3,0,5,6,45.356667
1,1,0,0,1,0,1,0,1,4,0,5,6,47.087333
1,1,0,0,1,0,1,0,1,1,1,5,6,28.587222
1,1,0,0,1,0,1,0,1,2,1,5,6,36.664286
1,1,0,0,1,0,1,0,1,3,1,5,6,40.209333
1,1,0,0,1,0,1,0,1,4,1,5,6,43.980667
1,1,0,0,1,0,1,0,1,1,2,5,6,30.983333
1,1,0,0,1,0,1,0,1,2,2,5,6,40.923809
1,1,0,0,1,0,1,0,1,3,2,5,6,42.553333
1,1,0,0,1,0,1,0,1,4,2,5,6,45.552667
1,1,0,0,1,0,1,0,1,1,0,15,6,31.1
1,1,0,0,1,0,1,0,1,2,0,15,6,39.364286
1,1,0,0,1,0,1,0,1,3,0,15,6,40.178
1,1,0,0,1,0,1,0,1,4,0,15,6,48.401333
1,1,0,0,1,0,1,0,1,1,1,15,6,31.878056
1,1,0,0,1,0,1,0,1,2,1,15,6,41.368571
1,1,0,0,1,0,1,0,1,3,1,15,6,40.318667
1,1,0,0,1,0,1,0,1,4,1,15,6,49.766667
1,1,0,0,1,0,1,0,1,1,2,15,6,31.477222
1,1,0,0,1,0,1,0,1,2,2,15,6,38.246667
1,1,0,0,1,0,1,0,1,3,2,15,6,45.866667
1,1,0,0,1,0,1,0,1,4,2,15,6,48.532
1,1,0,0,1,1,0,1,0,1,0,0,0,30.621786
1,1,0,0,1,1,0,1,0,2,0,0,0,42.211428
1,1,0,0,1,1,0,1,0,3,0,0,0,43.238667
1,1,0,0,1,1,0,1,0,4,0,0,0,44.015333
1,1,0,0,1,1,0,1,0,1,1,0,0,32.53
1,1,0,0,1,1,0,1,0,2,1,0,0,41.635238
1,1,0,0,1,1,0,1,0,3,1,0,0,45.87
1,1,0,0,1,1,0,1,0,4,1,0,0,46.114667
1,1,0,0,1,1,0,1,0,1,2,0,0,32.255
1,1,0,0,1,1,0,1,0,2,2,0,0,41.046191
1,1,0,0,1,1,0,1,0,3,2,0,0,43.340952
1,1,0,0,1,1,0,1,0,4,2,0,0,39.851333
1,1,0,0,1,1,0,1,1,1,0,0,0,31.285
1,1,0,0,1,1,0,1,1,2,0,0,0,39.233333
1,1,0,0,1,1,0,1,1,3,0,0,0,44.809333
1,1,0,0,1,1,0,1,1,4,0,0,0,43.589333
1,1,0,0,1,1,0,1,1,1,1,0,0,29.9775
1,1,0,0,1,1,0,1,1,2,1,0,0,40.967143
1,1,0,0,1,1,0,1,1,3,1,0,0,43.483333
1,1,0,0,1,1,0,1,1,4,1,0,0,44.006
1,1,0,0,1,1,0,1,1,1,2,0,0,31.788889
1,1,0,0,1,1,0,1,1,2,2,0,0,38.342381
1,1,0,0,1,1,0,1,1,3,2,0,0,43.826667
1,1,0,0,1,1,0,1,1,4,2,0,0,47.628
1,1,0,0,1,1,1,0,0,1,0,0,0,31.68
1,1,0,0,1,1,1,0,0,2,0,0,0,39.531905
1,1,0,0,1,1,1,0,0,3,0,0,0,43.242667
1,1,0,0,1,1,1,0,0,4,0,0,0,43.848667
1,1,0,0,1,1,1,0,0,1,1,0,0,31.4425
1,1,0,0,1,1,1,0,0,2,1,0,0,36.327619
1,1,0,0,1,1,1,0,0,3,1,0,0,44.472
1,1,0,0,1,1,1,0,0,4,1,0,0,48.12
1,1,0,0,1,1,1,0,0,1,2,0,0,31.1675
1,1,0,0,1,1,1,0,0,2,2,0,0,39.938571
1,1,0,0,1,1,1,0,0,3,2,0,0,43.828667
1,1,0,0,1,1,1,0,0,4,2,0,0,46.704
1,1,0,0,1,1,1,0,0,1,0,5,0,30.154286
1,1,0,0,1,1,1,0,0,2,0,5,0,40.968095
1,1,0,0,1,1,1,0,0,3,0,5,0,46.386667
1,1,0,0,1,1,1,0,0,4,0,5,0,43.634
1,1,0,0,1,1,1,0,0,1,1,5,0,30.201786
1,1,0,0,1,1,1,0,0,2,1,5,0,39.998571
1,1,0,0,1,1,1,0,0,3,1,5,0,44.264
1,1,0,0,1,1,1,0,0,4,1,5,0,45.588667
1,1,0,0,1,1,1,0,0,1,2,5,0,30.765
1,1,0,0,1,1,1,0,0,2,2,5,0,36.186667
1,1,0,0,1,1,1,0,0,3,2,5,0,46.116667
1,1,0,0,1,1,1,0,0,4,2,5,0,45.480667
1,1,0,0,1,1,1,0,0,1,0,15,0,29.378929
1,1,0,0,1,1,1,0,0,2,0,15,0,41.022857
1,1,0,0,1,1,1,0,0,3,0,15,0,42.042
1,1,0,0,1,1,1,0,0,4,0,15,0,44.466667
1,1,0,0,1,1,1,0,0,1,1,15,0,33.325
1,1,0,0,1,1,1,0,0,2,1,15,0,35.977143
1,1,0,0,1,1,1,0,0,3,1,15,0,42.954667
1,1,0,0,1,1,1,0,0,4,1,15,0,44.819333
1,1,0,0,1,1,1,0,0,1,2,15,0,28.525
1,1,0,0,1,1,1,0,0,2,2,15,0,37.559524
1,1,0,0,1,1,1,0,0,3,2,15,0,44.186667
1,1,0,0,1,1,1,0,0,4,2,15,0,46.754667
1,1,0,0,1,1,1,0,0,1,0,0,3,30.505
1,1,0,0,1,1,1,0,0,2,0,0,3,38.660952
1,1,0,0,1,1,1,0,0,3,0,0,3,45.781429
1,1,0,0,1,1,1,0,0,4,0,0,3,47.04
1,1,0,0,1,1,1,0,0,1,1,0,3,30.884444
1,1,0,0,1,1,1,0,0,2,1,0,3,37.353809
1,1,0,0,1,1,1,0,0,3,1,0,3,45.280667
1,1,0,0,1,1,1,0,0,4,1,0,3,45.128
1,1,0,0,1,1,1,0,0,1,2,0,3,28.876071
1,1,0,0,1,1,1,0,0,2,2,0,3,41.065238
1,1,0,0,1,1,1,0,0,3,2,0,3,40.06
1,1,0,0,1,1,1,0,0,4,2,0,3,44.49
1,1,0,0,1,1,1,0,0,1,0,5,3,33.055
1,1,0,0,1,1,1,0,0,2,0,5,3,36.55
1,1,0,0,1,1,1,0,0,3,0,5,3,43.258
1,1,0,0,1,1,1,0,0,4,0,5,3,47.074
1,1,0,0,1,1,1,0,0,1,1,5,3,30.041667
1,1,0,0,1,1,1,0,0,2,1,5,3,41.903334
1,1,0,0,1,1,1,0,0,3,1,5,3,44.884286
1,1,0,0,1,1,1,0,0,4,1,5,3,44.830667
1,1,0,0,1,1,1,0,0,1,2,5,3,28.175
1,1,0,0,1,1,1,0,0,2,2,5,3,41.052381
1,1,0,0,1,1,1,0,0,3,2,5,3,41.418
1,1,0,0,1,1,1,0,0,4,2,5,3,44.428
1,1,0,0,1,1,1,0,0,1,0,15,3,31.8025
1,1,0,0,1,1,1,0,0,2,0,15,3,40.825714
1,1,0,0,1,1,1,0,0,3,0,15,3,46.063333
1,1,0,0,1,1,1,0,0,4,0,15,3,46.974
1,1,0,0,1,1,1,0,0,1,1,15,3,29.17
1,1,0,0,1,1,1,0,0,2,1,15,3,41.226191
1,1,0,0,1,1,1,0,0,3,1,15,3,44.592
1,1,0,0,1,1,1,0,0,4,1,15,3,44.786
1,1,0,0,1,1,1,0,0,1,2,15,3,28.678571
1,1,0,0,1,1,1,0,0,2,2,15,3,41.748095
1,1,0,0,1,1,1,0,0,3,2,15,3,43.814667
1,1,0,0,1,1,1,0,0,4,2,15,3,46.700667
1,1,0,0,1,1,1,0,0,1,0,0,6,30.518929
1,1,0,0,1,1,1,0,0,2,0,0,6,41.079048
1,1,0,0,1,1,1,0,0,3,0,0,6,43.244
1,1,0,0,1,1,1,0,0,4,0,0,6,44.358
1,1,0,0,1,1,1,0,0,1,1,0,6,33.055
1,1,0,0,1,1,1,0,0,2,1,0,6,39.995238
1,1,0,0,1,1,1,0,0,3,1,0,6,44.35
1,1,0,0,1,1,1,0,0,4,1,0,6,44.688667
1,1,0,0,1,1,1,0,0,1,2,0,6,31.251071
1,1,0,0,1,1,1,0,0,2,2,0,6,37.07
1,1,0,0,1,1,1,0,0,3,2,0,6,45.184667
1,1,0,0,1,1,1,0,0,4,2,0,6,47.730667
1,1,0,0,1,1,1,0,0,1,0,5,6,29.047857
1,1,0,0,1,1,1,0,0,2,0,5,6,38.937143
1,1,0,0,1,1,1,0,0,3,0,5,6,40.008
1,1,0,0,1,1,1,0,0,4,0,5,6,45.616667
1,1,0,0,1,1,1,0,0,1,1,5,6,31.37
1,1,0,0,1,1,1,0,0,2,1,5,6,39.734762
1,1,0,0,1,1,1,0,0,3,1,5,6,44.596667
1,1,0,0,1,1,1,0,0,4,1,5,6,47.132667
1,1,0,0,1,1,1,0,0,1,2,5,6,31.8475
1,1,0,0,1,1,1,0,0,2,2,5,6,39.653333
1,1,0,0,1,1,1,0,0,3,2,5,6,42.35
1,1,0,0,1,1,1,0,0,4,2,5,6,46.403333
1,1,0,0,1,1,1,0,0,1,0,15,6,28.753929
1,1,0,0,1,1,1,0,0,2,0,15,6,38.574286
1,1,0,0,1,1,1,0,0,3,0,15,6,44.07
1,1,0,0,1,1,1,0,0,4,0,15,6,48.61381
1,1,0,0,1,1,1,0,0,1,1,15,6,27.797143
1,1,0,0,1,1,1,0,0,2,1,15,6,39.316667
1,1,0,0,1,1,1,0,0,3,1,15,6,43.108667
1,1,0,0,1,1,1,0,0,4,1,15,6,46.200667
1,1,0,0,1,1,1,0,0,1,2,15,6,32.105
1,1,0,0,1,1,1,0,0,2,2,15,6,39.924286
1,1,0,0,1,1,1,0,0,3,2,15,6,45.106667
1,1,0,0,1,1,1,0,0,4,2,15,6,46.928
1,1,0,0,1,1,1,0,1,1,0,0,0,29.173056
1,1,0,0,1,1,1,0,1,2,0,0,0,38.035714
1,1,0,0,1,1,1,0,1,3,0,0,0,39.306667
1,1,0,0,1,1,1,0,1,4,0,0,0,45.98
1,1,0,0,1,1,1,0,1,1,1,0,0,29.183929
1,1,0,0,1,1,1,0,1,2,1,0,0,40.268571
1,1,0,0,1,1,1,0,1,3,1,0,0,45.393333
1,1,0,0,1,1,1,0,1,4,1,0,0,45.853333
1,1,0,0,1,1,1,0,1,1,2,0,0,30.283333
1,1,0,0,1,1,1,0,1,2,2,0,0,39.04
1,1,0,0,1,1,1,0,1,3,2,0,0,41.9
1,1,0,0,1,1,1,0,1,4,2,0,0,46.616
1,1,0,0,1,1,1,0,1,1,0,5,0,28.336786
1,1,0,0,1,1,1,0,1,2,0,5,0,41.942857
1,1,0,0,1,1,1,0,1,3,0,5,0,42.930667
1,1,0,0,1,1,1,0,1,4,0,5,0,45.014667
1,1,0,0,1,1,1,0,1,1,1,5,0,31.4075
1,1,0,0,1,1,1,0,1,2,1,5,0,35.387619
1,1,0,0,1,1,1,0,1,3,1,5,0,46.106667
1,1,0,0,1,1,1,0,1,4,1,5,0,48.214
1,1,0,0,1,1,1,0,1,1,2,5,0,31.955
1,1,0,0,1,1,1,0,1,2,2,5,0,40.427619
1,1,0,0,1,1,1,0,1,3,2,5,0,41.796667
1,1,0,0,1,1,1,0,1,4,2,5,0,47.318
1,1,0,0,1,1,1,0,1,1,0,15,0,32.75
1,1,0,0,1,1,1,0,1,2,0,15,0,39.533333
1,1,0,0,1,1,1,0,1,3,0,15,0,42.502667
1,1,0,0,1,1,1,0,1,4,0,15,0,48.064
1,1,0,0,1,1,1,0,1,1,1,15,0,28.99504
1,1,0,0,1,1,1,0,1,2,1,15,0,39.992857
1,1,0,0,1,1,1,0,1,3,1,15,0,44.139333
1,1,0,0,1,1,1,0,1,4,1,15,0,46.098
1,1,0,0,1,1,1,0,1,1,2,15,0,32.3075
1,1,0,0,1,1,1,0,1,2,2,15,0,37.742976
1,1,0,0,1,1,1,0,1,3,2,15,0,41.26
1,1,0,0,1,1,1,0,1,4,2,15,0,44.972
1,1,0,0,1,1,1,0,1,1,0,0,3,30.336071
1,1,0,0,1,1,1,0,1,2,0,0,3,41.015714
1,1,0,0,1,1,1,0,1,3,0,0,3,43.149048
1,1,0,0,1,1,1,0,1,4,0,0,3,48.616667
1,1,0,0,1,1,1,0,1,1,1,0,3,31.921071
1,1,0,0,1,1,1,0,1,2,1,0,3,39.919048
1,1,0,0,1,1,1,0,1,3,1,0,3,46.386667
1,1,0,0,1,1,1,0,1,4,1,0,3,45.021333
1,1,0,0,1,1,1,0,1,1,2,0,3,31.6175
1,1,0,0,1,1,1,0,1,2,2,0,3,41.475714
1,1,0,0,1,1,1,0,1,3,2,0,3,44.46
1,1,0,0,1,1,1,0,1,4,2,0,3,45.465333
1,1,0,0,1,1,1,0,1,1,0,5,3,33.3
1,1,0,0,1,1,1,0,1,2,0,5,3,40.612857
1,1,0,0,1,1,1,0,1,3,0,5,3,43.934666
1,1,0,0,1,1,1,0,1,4,0,5,3,46.795333
1,1,0,0,1,1,1,0,1,1,1,5,3,31.0725
1,1,0,0,1,1,1,0,1,2,1,5,3,40.386191
1,1,0,0,1,1,1,0,1,3,1,5,3,43.615333
1,1,0,0,1,1,1,0,1,4,1,5,3,43.960667
1,1,0,0,1,1,1,0,1,1,2,5,3,31.704167
1,1,0,0,1,1,1,0,1,2,2,5,3,38.57381
1,1,0,0,1,1,1,0,1,3,2,5,3,42.199333
1,1,0,0,1,1,1,0,1,4,2,5,3,47.175333
1,1,0,0,1,1,1,0,1,1,0,15,3,31.115
1,1,0,0,1,1,1,0,1,2,0,15,3,39.763809
1,1,0,0,1,1,1,0,1,3,0,15,3,42.085333
1,1,0,0,1,1,1,0,1,4,0,15,3,47.284667
1,1,0,0,1,1,1,0,1,1,1,15,3,28.341429
1,1,0,0,1,1,1,0,1,2,1,15,3,38.143333
1,1,0,0,1,1,1,0,1,3,1,15,3,43.84
1,1,0,0,1,1,1,0,1,4,1,15,3,44.897333
1,1,0,0,1,1,1,0,1,1,2,15,3,28.7625
1,1,0,0,1,1,1,0,1,2,2,15,3,37.987619
1,1,0,0,1,1,1,0,1,3,2,15,3,42.5
1,1,0,0,1,1,1,0,1,4,2,15,3,47.946667
1,1,0,0,1,1,1,0,1,1,0,0,6,31.125
1,1,0,0,1,1,1,0,1,2,0,0,6,37.623333
1,1,0,0,1,1,1,0,1,3,0,0,6,46.367143
1,1,0,0,1,1,1,0,1,4,0,0,6,46.450667
1,1,0,0,1,1,1,0,1,1,1,0,6,28.743214
1,1,0,0,1,1,1,0,1,2,1,0,6,42.085714
1,1,0,0,1,1,1,0,1,3,1,0,6,44.914
1,1,0,0,1,1,1,0,1,4,1,0,6,46.112
1,1,0,0,1,1,1,0,1,1,2,0,6,31.4275
1,1,0,0,1,1,1,0,1,2,2,0,6,40.039524
1,1,0,0,1,1,1,0,1,3,2,0,6,45.856667
1,1,0,0,1,1,1,0,1,4,2,0,6,47.088667
1,1,0,0,1,1,1,0,1,1,0,5,6,30.990714
1,1,0,0,1,1,1,0,1,2,0,5,6,37.784286
1,1,0,0,1,1,1,0,1,3,0,5,6,47.073333
1,1,0,0,1,1,1,0,1,4,0,5,6,47.779333
1,1,0,0,1,1,1,0,1,1,1,5,6,29.845
1,1,0,0,1,1,1,0,1,2,1,5,6,39.577143
1,1,0,0,1,1,1,0,1,3,1,5,6,44.256666
1,1,0,0,1,1,1,0,1,4,1,5,6,44.210667
1,1,0,0,1,1,1,0,1,1,2,5,6,31.035
1,1,0,0,1,1,1,0,1,2,2,5,6,37.491905
1,1,0,0,1,1,1,0,1,3,2,5,6,44.680667
1,1,0,0,1,1,1,0,1,4,2,5,6,47.524667
1,1,0,0,1,1,1,0,1,1,0,15,6,32.9125
1,1,0,0,1,1,1,0,1,2,0,15,6,40.366667
1,1,0,0,1,1,1,0,1,3,0,15,6,40.648
1,1,0,0,1,1,1,0,1,4,0,15,6,43.492
1,1,0,0,1,1,1,0,1,1,1,15,6,31.19
1,1,0,0,1,1,1,0,1,2,1,15,6,38.443809
1,1,0,0,1,1,1,0,1,3,1,15,6,46.226667
1,1,0,0,1,1,1,0,1,4,1,15,6,45.659333
1,1,0,0,1,1,1,0,1,1,2,15,6,29.440714
1,1,0,0,1,1,1,0,1,2,2,15,6,41.150952
1,1,0,0,1,1,1,0,1,3,2,15,6,43.894667
1,1,0,0,1,1,1,0,1,4,2,15,6,43.791333
1,1,0,1,0,0,0,1,0,1,0,0,0,26.949242
1,1,0,1,0,0,0,1,0,2,0,0,0,41.332414
1,1,0,1,0,0,0,1,0,3,0,0,0,52.3576
1,1,0,1,0,0,0,1,0,4,0,0,0,59.188225
1,1,0,1,0,0,0,1,0,1,1,0,0,26.555745
1,1,0,1,0,0,0,1,0,2,1,0,0,42.734
1,1,0,1,0,0,0,1,0,3,1,0,0,52.248867
1,1,0,1,0,0,0,1,0,4,1,0,0,59.429913
1,1,0,1,0,0,0,1,0,1,2,0,0,26.61864
1,1,0,1,0,0,0,1,0,2,2,0,0,42.734
1,1,0,1,0,0,0,1,0,3,2,0,0,51.7912
1,1,0,1,0,0,0,1,0,4,2,0,0,60.073636
1,1,0,1,0,0,0,1,1,1,0,0,0,26.382174
1,1,0,1,0,0,0,1,1,2,0,0,0,42.475333
1,1,0,1,0,0,0,1,1,3,0,0,0,52.4792
1,1,0,1,0,0,0,1,1,4,0,0,0,59.185887
1,1,0,1,0,0,0,1,1,1,1,0,0,26.434006
1,1,0,1,0,0,0,1,1,2,1,0,0,42.687333
1,1,0,1,0,0,0,1,1,3,1,0,0,52.0101
1,1,0,1,0,0,0,1,1,4,1,0,0,59.630692
1,1,0,1,0,0,0,1,1,1,2,0,0,26.669898
1,1,0,1,0,0,0,1,1,2,2,0,0,42.308552
1,1,0,1,0,0,0,1,1,3,2,0,0,51.809233
1,1,0,1,0,0,0,1,1,4,2,0,0,59.065065
1,1,0,1,0,0,1,0,0,1,0,0,0,26.56988
1,1,0,1,0,0,1,0,0,2,0,0,0,42.123609
1,1,0,1,0,0,1,0,0,3,0,0,0,52.4768
1,1,0,1,0,0,1,0,0,4,0,0,0,59.559437
1,1,0,1,0,0,1,0,0,1,1,0,0,26.389306
1,1,0,1,0,0,1,0,0,2,1,0,0,42.467914
1,1,0,1,0,0,1,0,0,3,1,0,0,52.036567
1,1,0,1,0,0,1,0,0,4,1,0,0,59.61987
1,1,0,1,0,0,1,0,0,1,2,0,0,26.797123
1,1,0,1,0,0,1,0,0,2,2,0,0,42.376552
1,1,0,1,0,0,1,0,0,3,2,0,0,51.701833
1,1,0,1,0,0,1,0,0,4,2,0,0,59.117792
1,1,0,1,0,0,1,0,0,1,0,5,0,26.345874
1,1,0,1,0,0,1,0,0,2,0,5,0,42.563333
1,1,0,1,0,0,1,0,0,3,0,5,0,52.079033
1,1,0,1,0,0,1,0,0,4,0,5,0,59.185281
1,1,0,1,0,0,1,0,0,1,1,5,0,26.294783
1,1,0,1,0,0,1,0,0,2,1,5,0,41.677655
1,1,0,1,0,0,1,0,0,3,1,5,0,52.1895
1,1,0,1,0,0,1,0,0,4,1,5,0,59.58697
1,1,0,1,0,0,1,0,0,1,2,5,0,26.615328
1,1,0,1,0,0,1,0,0,2,2,5,0,41.553011
1,1,0,1,0,0,1,0,0,3,2,5,0,50.928551
1,1,0,1,0,0,1,0,0,4,2,5,0,59.691905
1,1,0,1,0,0,1,0,0,1,0,15,0,27.01939
1,1,0,1,0,0,1,0,0,2,0,15,0,41.973264
1,1,0,1,0,0,1,0,0,3,0,15,0,52.198033
1,1,0,1,0,0,1,0,0,4,0,15,0,58.571775
1,1,0,1,0,0,1,0,0,1,1,15,0,26.661711
1,1,0,1,0,0,1,0,0,2,1,15,0,41.924437
1,1,0,1,0,0,1,0,0,3,1,15,0,52.295267
1,1,0,1,0,0,1,0,0,4,1,15,0,59.436407
1,1,0,1,0,0,1,0,0,1,2,15,0,26.669019
1,1,0,1,0,0,1,0,0,2,2,15,0,42.424667
1,1,0,1,0,0,1,0,0,3,2,15,0,52.163167
1,1,0,1,0,0,1,0,0,4,2,15,0,58.972294
1,1,0,1,0,0,1,0,0,1,0,0,3,26.207789
1,1,0,1,0,0,1,0,0,2,0,0,3,41.177242
1,1,0,1,0,0,1,0,0,3,0,0,3,52.2994
1,1,0,1,0,0,1,0,0,4,0,0,3,59.608052
1,1,0,1,0,0,1,0,0,1,1,0,3,26.490472
1,1,0,1,0,0,1,0,0,2,1,0,3,42.440299
1,1,0,1,0,0,1,0,0,3,1,0,3,52.102633
1,1,0,1,0,0,1,0,0,4,1,0,3,60.028182
1,1,0,1,0,0,1,0,0,1,2,0,3,26.576956
1,1,0,1,0,0,1,0,0,2,2,0,3,41.78069
1,1,0,1,0,0,1,0,0,3,2,0,3,51.840533
1,1,0,1,0,0,1,0,0,4,2,0,3,59.868182
1,1,0,1,0,0,1,0,0,1,0,5,3,26.741138
1,1,0,1,0,0,1,0,0,2,0,5,3,41.842161
1,1,0,1,0,0,1,0,0,3,0,5,3,52.066667
1,1,0,1,0,0,1,0,0,4,0,5,3,58.444762
1,1,0,1,0,0,1,0,0,1,1,5,3,26.733894
1,1,0,1,0,0,1,0,0,2,1,5,3,42.107678
1,1,0,1,0,0,1,0,0,3,1,5,3,52.335933
1,1,0,1,0,0,1,0,0,4,1,5,3,59.713939
1,1,0,1,0,0,1,0,0,1,2,5,3,26.725375
1,1,0,1,0,0,1,0,0,2,2,5,3,42.620667
1,1,0,1,0,0,1,0,0,3,2,5,3,52.0351
1,1,0,1,0,0,1,0,0,4,2,5,3,59.391688
1,1,0,1,0,0,1,0,0,1,0,15,3,26.896383
1,1,0,1,0,0,1,0,0,2,0,15,3,42.465127
1,1,0,1,0,0,1,0,0,3,0,15,3,52.113667
1,1,0,1,0,0,1,0,0,4,0,15,3,59.146234
1,1,0,1,0,0,1,0,0,1,1,15,3,25.975652
1,1,0,1,0,0,1,0,0,2,1,15,3,42.591333
1,1,0,1,0,0,1,0,0,3,1,15,3,52.123633
1,1,0,1,0,0,1,0,0,4,1,15,3,58.594545
1,1,0,1,0,0,1,0,0,1,2,15,3,26.99419
1,1,0,1,0,0,1,0,0,2,2,15,3,41.557517
1,1,0,1,0,0,1,0,0,3,2,15,3,51.994167
1,1,0,1,0,0,1,0,0,4,2,15,3,58.253333
1,1,0,1,0,0,1,0,0,1,0,0,6,25.859604
1,1,0,1,0,0,1,0,0,2,0,0,6,41.275468
1,1,0,1,0,0,1,0,0,3,0,0,6,51.8465
1,1,0,1,0,0,1,0,0,4,0,0,6,59.634502
1,1,0,1,0,0,1,0,0,1,1,0,6,26.548612
1,1,0,1,0,0,1,0,0,2,1,0,6,41.954391
1,1,0,1,0,0,1,0,0,3,1,0,6,51.999067
1,1,0,1,0,0,1,0,0,4,1,0,6,59.462554
1,1,0,1,0,0,1,0,0,1,2,0,6,27.160241
1,1,0,1,0,0,1,0,0,2,2,0,6,42.157057
1,1,0,1,0,0,1,0,0,3,2,0,6,52.1388
1,1,0,1,0,0,1,0,0,4,2,0,6,59.170866
1,1,0,1,0,0,1,0,0,1,0,5,6,26.495652
1,1,0,1,0,0,1,0,0,2,0,5,6,42.265126
1,1,0,1,0,0,1,0,0,3,0,5,6,52.0192
1,1,0,1,0,0,1,0,0,4,0,5,6,59.26987
1,1,0,1,0,0,1,0,0,1,1,5,6,26.82111
1,1,0,1,0,0,1,0,0,2,1,5,6,42.495333
1,1,0,1,0,0,1,0,0,3,1,5,6,51.350167
1,1,0,1,0,0,1,0,0,4,1,5,6,58.574848
1,1,0,1,0,0,1,0,0,1,2,5,6,27.002831
1,1,0,1,0,0,1,0,0,2,2,5,6,42.16308
1,1,0,1,0,0,1,0,0,3,2,5,6,52.175
1,1,0,1,0,0,1,0,0,4,2,5,6,59.393636
1,1,0,1,0,0,1,0,0,1,0,15,6,27.036078
1,1,0,1,0,0,1,0,0,2,0,15,6,42.254621
1,1,0,1,0,0,1,0,0,3,0,15,6,52.154467
1,1,0,1,0,0,1,0,0,4,0,15,6,58.416277
1,1,0,1,0,0,1,0,0,1,1,15,6,26.869824
1,1,0,1,0,0,1,0,0,2,1,15,6,42.009632
1,1,0,1,0,0,1,0,0,3,1,15,6,51.9914
1,1,0,1,0,0,1,0,0,4,1,15,6,59.265628
1,1,0,1,0,0,1,0,0,1,2,15,6,27.098224
1,1,0,1,0,0,1,0,0,2,2,15,6,42.069471
1,1,0,1,0,0,1,0,0,3,2,15,6,52.084967
1,1,0,1,0,0,1,0,0,4,2,15,6,59.232814
1,1,0,1,0,0,1,0,1,1,0,0,0,26.599593
1,1,0,1,0,0,1,0,1,2,0,0,0,42.276069
1,1,0,1,0,0,1,0,1,3,0,0,0,51.746667
1,1,0,1,0,0,1,0,1,4,0,0,0,59.700216
1,1,0,1,0,0,1,0,1,1,1,0,0,26.448039
1,1,0,1,0,0,1,0,1,2,1,0,0,42.552
1,1,0,1,0,0,1,0,1,3,1,0,0,51.979767
1,1,0,1,0,0,1,0,1,4,1,0,0,58.93303
1,1,0,1,0,0,1,0,1,1,2,0,0,26.439565
1,1,0,1,0,0,1,0,1,2,2,0,0,42.518667
1,1,0,1,0,0,1,0,1,3,2,0,0,51.495978
1,1,0,1,0,0,1,0,1,4,2,0,0,59.428874
1,1,0,1,0,0,1,0,1,1,0,5,0,26.926078
1,1,0,1,0,0,1,0,1,2,0,5,0,42.486184
1,1,0,1,0,0,1,0,1,3,0,5,0,52.411533
1,1,0,1,0,0,1,0,1,4,0,5,0,59.122078
1,1,0,1,0,0,1,0,1,1,1,5,0,26.417299
1,1,0,1,0,0,1,0,1,2,1,5,0,42.591333
1,1,0,1,0,0,1,0,1,3,1,5,0,52.256567
1,1,0,1,0,0,1,0,1,4,1,5,0,59.202987
1,1,0,1,0,0,1,0,1,1,2,5,0,26.278696
1,1,0,1,0,0,1,0,1,2,2,5,0,41.659724
1,1,0,1,0,0,1,0,1,3,2,5,0,52.093533
1,1,0,1,0,0,1,0,1,4,2,5,0,58.676191
1,1,0,1,0,0,1,0,1,1,0,15,0,26.975652
1,1,0,1,0,0,1,0,1,2,0,15,0,41.794483
1,1,0,1,0,0,1,0,1,3,0,15,0,51.7257
1,1,0,1,0,0,1,0,1,4,0,15,0,59.774805
1,1,0,1,0,0,1,0,1,1,1,15,0,26.3
1,1,0,1,0,0,1,0,1,2,1,15,0,41.998092
1,1,0,1,0,0,1,0,1,3,1,15,0,52.087133
1,1,0,1,0,0,1,0,1,4,1,15,0,59.592901
1,1,0,1,0,0,1,0,1,1,2,15,0,26.723839
1,1,0,1,0,0,1,0,1,2,2,15,0,41.811379
1,1,0,1,0,0,1,0,1,3,2,15,0,52.1703
1,1,0,1,0,0,1,0,1,4,2,15,0,59.062554
1,1,0,1,0,0,1,0,1,1,0,0,3,26.533894
1,1,0,1,0,0,1,0,1,2,0,0,3,42.601333
1,1,0,1,0,0,1,0,1,3,0,0,3,52.481133
1,1,0,1,0,0,1,0,1,4,0,0,3,59.186104
1,1,0,1,0,0,1,0,1,1,1,0,3,26.282627
1,1,0,1,0,0,1,0,1,2,1,0,3,41.324138
1,1,0,1,0,0,1,0,1,3,1,0,3,52.210267
1,1,0,1,0,0,1,0,1,4,1,0,3,58.971255
1,1,0,1,0,0,1,0,1,1,2,0,3,27.070398
1,1,0,1,0,0,1,0,1,2,2,0,3,42.269655
1,1,0,1,0,0,1,0,1,3,2,0,3,52.0439
1,1,0,1,0,0,1,0,1,4,2,0,3,59.620433
1,1,0,1,0,0,1,0,1,1,0,5,3,26.726115
1,1,0,1,0,0,1,0,1,2,0,5,3,40.950222
1,1,0,1,0,0,1,0,1,3,0,5,3,52.5184
1,1,0,1,0,0,1,0,1,4,0,5,3,59.872727
1,1,0,1,0,0,1,0,1,1,1,5,3,26.541647
1,1,0,1,0,0,1,0,1,2,1,5,3,42.348437
1,1,0,1,0,0,1,0,1,3,1,5,3,51.366667
1,1,0,1,0,0,1,0,1,4,1,5,3,60.044545
1,1,0,1,0,0,1,0,1,1,2,5,3,26.407882
1,1,0,1,0,0,1,0,1,2,2,5,3,41.78823
1,1,0,1,0,0,1,0,1,3,2,5,3,51.715833
1,1,0,1,0,0,1,0,1,4,2,5,3,58.621256
1,1,0,1,0,0,1,0,1,1,0,15,3,26.922562
1,1,0,1,0,0,1,0,1,2,0,15,3,42.401724
1,1,0,1,0,0,1,0,1,3,0,15,3,52.407633
1,1,0,1,0,0,1,0,1,4,0,15,3,59.412294
1,1,0,1,0,0,1,0,1,1,1,15,3,26.992294
1,1,0,1,0,0,1,0,1,2,1,15,3,41.984828
1,1,0,1,0,0,1,0,1,3,1,15,3,52.508667
1,1,0,1,0,0,1,0,1,4,1,15,3,59.741385
1,1,0,1,0,0,1,0,1,1,2,15,3,26.526531
1,1,0,1,0,0,1,0,1,2,2,15,3,41.801103
1,1,0,1,0,0,1,0,1,3,2,15,3,52.040833
1,1,0,1,0,0,1,0,1,4,2,15,3,58.466493
1,1,0,1,0,0,1,0,1,1,0,0,6,26.201739
1,1,0,1,0,0,1,0,1,2,0,0,6,41.835747
1,1,0,1,0,0,1,0,1,3,0,0,6,52.345567
1,1,0,1,0,0,1,0,1,4,0,0,6,59.882684
1,1,0,1,0,0,1,0,1,1,1,0,6,26.530832
1,1,0,1,0,0,1,0,1,2,1,0,6,42.12292
1,1,0,1,0,0,1,0,1,3,1,0,6,51.896333
1,1,0,1,0,0,1,0,1,4,1,0,6,59.946364
1,1,0,1,0,0,1,0,1,1,2,0,6,26.74642
1,1,0,1,0,0,1,0,1,2,2,0,6,42.592529
1,1,0,1,0,0,1,0,1,3,2,0,6,52.138733
1,1,0,1,0,0,1,0,1,4,2,0,6,59.631299
1,1,0,1,0,0,1,0,1,1,0,5,6,26.187734
1,1,0,1,0,0,1,0,1,2,0,5,6,42.510713
1,1,0,1,0,0,1,0,1,3,0,5,6,51.8193
1,1,0,1,0,0,1,0,1,4,0,5,6,59.271255
1,1,0,1,0,0,1,0,1,1,1,5,6,26.934089
1,1,0,1,0,0,1,0,1,2,1,5,6,42.46223
1,1,0,1,0,0,1,0,1,3,1,5,6,52.304933
1,1,0,1,0,0,1,0,1,4,1,5,6,58.688571
1,1,0,1,0,0,1,0,1,1,2,5,6,27.014394
1,1,0,1,0,0,1,0,1,2,2,5,6,41.870092
1,1,0,1,0,0,1,0,1,3,2,5,6,52.030333
1,1,0,1,0,0,1,0,1,4,2,5,6,58.98
1,1,0,1,0,0,1,0,1,1,0,15,6,26.674799
1,1,0,1,0,0,1,0,1,2,0,15,6,41.731724
1,1,0,1,0,0,1,0,1,3,0,15,6,51.8711
1,1,0,1,0,0,1,0,1,4,0,15,6,60.02
1,1,0,1,0,0,1,0,1,1,1,15,6,26.456457
1,1,0,1,0,0,1,0,1,2,1,15,6,41.71931
1,1,0,1,0,0,1,0,1,3,1,15,6,51.206594
1,1,0,1,0,0,1,0,1,4,1,15,6,59.334805
1,1,0,1,0,0,1,0,1,1,2,15,6,26.28885
1,1,0,1,0,0,1,0,1,2,2,15,6,42.631075
1,1,0,1,0,0,1,0,1,3,2,15,6,52.148633
1,1,0,1,0,0,1,0,1,4,2,15,6,59.404546
1,1,0,1,0,1,0,1,0,1,0,0,0,26.747041
1,1,0,1,0,1,0,1,0,2,0,0,0,42.052
1,1,0,1,0,1,0,1,0,3,0,0,0,52.569533
1,1,0,1,0,1,0,1,0,4,0,0,0,59.34632
1,1,0,1,0,1,0,1,0,1,1,0,0,26.730384
1,1,0,1,0,1,0,1,0,2,1,0,0,42.316188
1,1,0,1,0,1,0,1,0,3,1,0,0,52.6752
1,1,0,1,0,1,0,1,0,4,1,0,0,60.501699
1,1,0,1,0,1,0,1,0,1,2,0,0,26.665833
1,1,0,1,0,1,0,1,0,2,2,0,0,42.191793
1,1,0,1,0,1,0,1,0,3,2,0,0,52.648
1,1,0,1,0,1,0,1,0,4,2,0,0,59.357489
1,1,0,1,0,1,0,1,1,1,0,0,0,26.686012
1,1,0,1,0,1,0,1,1,2,0,0,0,42.529287
1,1,0,1,0,1,0,1,1,3,0,0,0,52.5512
1,1,0,1,0,1,0,1,1,4,0,0,0,60.200301
1,1,0,1,0,1,0,1,1,1,1,0,0,26.44415
1,1,0,1,0,1,0,1,1,2,1,0,0,42.53
1,1,0,1,0,1,0,1,1,3,1,0,0,52.0289
1,1,0,1,0,1,0,1,1,4,1,0,0,60.396838
1,1,0,1,0,1,0,1,1,1,2,0,0,26.503023
1,1,0,1,0,1,0,1,1,2,2,0,0,42.449655
1,1,0,1,0,1,0,1,1,3,2,0,0,52.364833
1,1,0,1,0,1,0,1,1,4,2,0,0,59.903636
1,1,0,1,0,1,1,0,0,1,0,0,0,26.794771
1,1,0,1,0,1,1,0,0,2,0,0,0,42.717333
1,1,0,1,0,1,1,0,0,3,0,0,0,52.3952
1,1,0,1,0,1,1,0,0,4,0,0,0,60.257947
1,1,0,1,0,1,1,0,0,1,1,0,0,26.131913
1,1,0,1,0,1,1,0,0,2,1,0,0,42.597333
1,1,0,1,0,1,1,0,0,3,1,0,0,52.439033
1,1,0,1,0,1,1,0,0,4,1,0,0,60.599091
1,1,0,1,0,1,1,0,0,1,2,0,0,26.459308
1,1,0,1,0,1,1,0,0,2,2,0,0,42.404138
1,1,0,1,0,1,1,0,0,3,2,0,0,52.664
1,1,0,1,0,1,1,0,0,4,2,0,0,60.357273
1,1,0,1,0,1,1,0,0,1,0,5,0,26.771734
1,1,0,1,0,1,1,0,0,2,0,5,0,42.852
1,1,0,1,0,1,1,0,0,3,0,5,0,52.7368
1,1,0,1,0,1,1,0,0,4,0,5,0,60.619565
1,1,0,1,0,1,1,0,0,1,1,5,0,26.431148
1,1,0,1,0,1,1,0,0,2,1,5,0,42.616667
1,1,0,1,0,1,1,0,0,3,1,5,0,52.511233
1,1,0,1,0,1,1,0,0,4,1,5,0,60.594387
1,1,0,1,0,1,1,0,0,1,2,5,0,26.717793
1,1,0,1,0,1,1,0,0,2,2,5,0,42.46069
1,1,0,1,0,1,1,0,0,3,2,5,0,51.937833
1,1,0,1,0,1,1,0,0,4,2,5,0,60.207745
1,1,0,1,0,1,1,0,0,1,0,15,0,26.598894
1,1,0,1,0,1,1,0,0,2,0,15,0,42.19
1,1,0,1,0,1,1,0,0,3,0,15,0,52.255133
1,1,0,1,0,1,1,0,0,4,0,15,0,60.46332
1,1,0,1,0,1,1,0,0,1,1,15,0,26.637441
1,1,0,1,0,1,1,0,0,2,1,15,0,41.617793
1,1,0,1,0,1,1,0,0,3,1,15,0,52.0524
1,1,0,1,0,1,1,0,0,4,1,15,0,60.557273
1,1,0,1,0,1,1,0,0,1,2,15,0,26.909141
1,1,0,1,0,1,1,0,0,2,2,15,0,42.407563
1,1,0,1,0,1,1,0,0,3,2,15,0,51.8599
1,1,0,1,0,1,1,0,0,4,2,15,0,60.64
1,1,0,1,0,1,1,0,0,1,0,0,3,26.476667
1,1,0,1,0,1,1,0,0,2,0,0,3,41.870667
1,1,0,1,0,1,1,0,0,3,0,0,3,51.903567
1,1,0,1,0,1,1,0,0,4,0,0,3,60.001948
1,1,0,1,0,1,1,0,0,1,1,0,3,27.084898
1,1,0,1,0,1,1,0,0,2,1,0,3,42.063448
1,1,0,1,0,1,1,0,0,3,1,0,3,52.262967
1,1,0,1,0,1,1,0,0,4,1,0,3,60.737668
1,1,0,1,0,1,1,0,0,1,2,0,3,26.086152
1,1,0,1,0,1,1,0,0,2,2,0,3,42.302759
1,1,0,1,0,1,1,0,0,3,2,0,3,52.6768
1,1,0,1,0,1,1,0,0,4,2,0,3,60.08
1,1,0,1,0,1,1,0,0,1,0,5,3,26.617874
1,1,0,1,0,1,1,0,0,2,0,5,3,42.132642
1,1,0,1,0,1,1,0,0,3,0,5,3,52.391367
1,1,0,1,0,1,1,0,0,4,0,5,3,60.431818
1,1,0,1,0,1,1,0,0,1,1,5,3,26.621264
1,1,0,1,0,1,1,0,0,2,1,5,3,42.591035
1,1,0,1,0,1,1,0,0,3,1,5,3,52.66
1,1,0,1,0,1,1,0,0,4,1,5,3,60.407273
1,1,0,1,0,1,1,0,0,1,2,5,3,26.397686
1,1,0,1,0,1,1,0,0,2,2,5,3,42.441379
1,1,0,1,0,1,1,0,0,3,2,5,3,52.68
1,1,0,1,0,1,1,0,0,4,2,5,3,60.151818
1,1,0,1,0,1,1,0,0,1,0,15,3,26.645859
1,1,0,1,0,1,1,0,0,2,0,15,3,42.008
1,1,0,1,0,1,1,0,0,3,0,15,3,52.404667
1,1,0,1,0,1,1,0,0,4,0,15,3,59.531082
1,1,0,1,0,1,1,0,0,1,1,15,3,26.587415
1,1,0,1,0,1,1,0,0,2,1,15,3,41.748552
1,1,0,1,0,1,1,0,0,3,1,15,3,52.605567
1,1,0,1,0,1,1,0,0,4,1,15,3,60.189827
1,1,0,1,0,1,1,0,0,1,2,15,3,26.817883
1,1,0,1,0,1,1,0,0,2,2,15,3,42.116798
1,1,0,1,0,1,1,0,0,3,2,15,3,52.4685
1,1,0,1,0,1,1,0,0,4,2,15,3,60.321818
1,1,0,1,0,1,1,0,0,1,0,0,6,25.875
1,1,0,1,0,1,1,0,0,2,0,0,6,42.737333
1,1,0,1,0,1,1,0,0,3,0,0,6,52.393867
1,1,0,1,0,1,1,0,0,4,0,0,6,60.198854
1,1,0,1,0,1,1,0,0,1,1,0,6,26.851633
1,1,0,1,0,1,1,0,0,2,1,0,6,42.608
1,1,0,1,0,1,1,0,0,3,1,0,6,52.3536
1,1,0,1,0,1,1,0,0,4,1,0,6,60.351818
1,1,0,1,0,1,1,0,0,1,2,0,6,26.909583
1,1,0,1,0,1,1,0,0,2,2,0,6,42.435862
1,1,0,1,0,1,1,0,0,3,2,0,6,51.605067
1,1,0,1,0,1,1,0,0,4,2,0,6,60.168788
1,1,0,1,0,1,1,0,0,1,0,5,6,26.927432
1,1,0,1,0,1,1,0,0,2,0,5,6,42.302667
1,1,0,1,0,1,1,0,0,3,0,5,6,52.3109
1,1,0,1,0,1,1,0,0,4,0,5,6,60.281818
1,1,0,1,0,1,1,0,0,1,1,5,6,26.502041
1,1,0,1,0,1,1,0,0,2,1,5,6,42.246
1,1,0,1,0,1,1,0,0,3,1,5,6,52.6384
1,1,0,1,0,1,1,0,0,4,1,5,6,60.532055
1,1,0,1,0,1,1,0,0,1,2,5,6,26.78125
1,1,0,1,0,1,1,0,0,2,2,5,6,42.250345
1,1,0,1,0,1,1,0,0,3,2,5,6,52.2664
1,1,0,1,0,1,1,0,0,4,2,5,6,59.748312
1,1,0,1,0,1,1,0,0,1,0,15,6,26.93994
1,1,0,1,0,1,1,0,0,2,0,15,6,42.644624
1,1,0,1,0,1,1,0,0,3,0,15,6,52.3696
1,1,0,1,0,1,1,0,0,4,0,15,6,59.581731
1,1,0,1,0,1,1,0,0,1,1,15,6,26.858325
1,1,0,1,0,1,1,0,0,2,1,15,6,42.011885
1,1,0,1,0,1,1,0,0,3,1,15,6,52.466233
1,1,0,1,0,1,1,0,0,4,1,15,6,59.887273
1,1,0,1,0,1,1,0,0,1,2,15,6,26.73523
1,1,0,1,0,1,1,0,0,2,2,15,6,42.365517
1,1,0,1,0,1,1,0,0,3,2,15,6,52.284833
1,1,0,1,0,1,1,0,0,4,2,15,6,60.040905
1,1,0,1,0,1,1,0,1,1,0,0,0,27.016352
1,1,0,1,0,1,1,0,1,2,0,0,0,42.673226
1,1,0,1,0,1,1,0,1,3,0,0,0,52.5656
1,1,0,1,0,1,1,0,1,4,0,0,0,60.385771
1,1,0,1,0,1,1,0,1,1,1,0,0,26.62929
1,1,0,1,0,1,1,0,1,2,1,0,0,42.653333
1,1,0,1,0,1,1,0,1,3,1,0,0,52.4504
1,1,0,1,0,1,1,0,1,4,1,0,0,60.038312
1,1,0,1,0,1,1,0,1,1,2,0,0,26.173662
1,1,0,1,0,1,1,0,1,2,2,0,0,42.402069
1,1,0,1,0,1,1,0,1,3,2,0,0,52.581333
1,1,0,1,0,1,1,0,1,4,2,0,0,60.397273
1,1,0,1,0,1,1,0,1,1,0,5,0,26.519992
1,1,0,1,0,1,1,0,1,2,0,5,0,42.760666
1,1,0,1,0,1,1,0,1,3,0,5,0,52.3576
1,1,0,1,0,1,1,0,1,4,0,5,0,60.610949
1,1,0,1,0,1,1,0,1,1,1,5,0,26.174507
1,1,0,1,0,1,1,0,1,2,1,5,0,42.624667
1,1,0,1,0,1,1,0,1,3,1,5,0,52.4704
1,1,0,1,0,1,1,0,1,4,1,5,0,60.274546
1,1,0,1,0,1,1,0,1,1,2,5,0,26.505
1,1,0,1,0,1,1,0,1,2,2,5,0,41.843448
1,1,0,1,0,1,1,0,1,3,2,5,0,52.4616
1,1,0,1,0,1,1,0,1,4,2,5,0,59.068615
1,1,0,1,0,1,1,0,1,1,0,15,0,26.903979
1,1,0,1,0,1,1,0,1,2,0,15,0,42.536667
1,1,0,1,0,1,1,0,1,3,0,15,0,52.6512
1,1,0,1,0,1,1,0,1,4,0,15,0,60.2
1,1,0,1,0,1,1,0,1,1,1,15,0,26.278197
1,1,0,1,0,1,1,0,1,2,1,15,0,42.636
1,1,0,1,0,1,1,0,1,3,1,15,0,52.624
1,1,0,1,0,1,1,0,1,4,1,15,0,59.979827
1,1,0,1,0,1,1,0,1,1,2,15,0,26.229743
1,1,0,1,0,1,1,0,1,2,2,15,0,42.342069
1,1,0,1,0,1,1,0,1,3,2,15,0,52.8112
1,1,0,1,0,1,1,0,1,4,2,15,0,60.253636
1,1,0,1,0,1,1,0,1,1,0,0,3,26.02625
1,1,0,1,0,1,1,0,1,2,0,0,3,42.520667
1,1,0,1,0,1,1,0,1,3,0,0,3,52.7288
1,1,0,1,0,1,1,0,1,4,0,0,3,60.009091
1,1,0,1,0,1,1,0,1,1,1,0,3,26.742824
1,1,0,1,0,1,1,0,1,2,1,0,3,42.340782
1,1,0,1,0,1,1,0,1,3,1,0,3,52.383333
1,1,0,1,0,1,1,0,1,4,1,0,3,60.306957
1,1,0,1,0,1,1,0,1,1,2,0,3,26.364397
1,1,0,1,0,1,1,0,1,2,2,0,3,42.406207
1,1,0,1,0,1,1,0,1,3,2,0,3,52.6952
1,1,0,1,0,1,1,0,1,4,2,0,3,58.739177
1,1,0,1,0,1,1,0,1,1,0,5,3,26.699532
1,1,0,1,0,1,1,0,1,2,0,5,3,41.835333
1,1,0,1,0,1,1,0,1,3,0,5,3,52.4752
1,1,0,1,0,1,1,0,1,4,0,5,3,59.45039
1,1,0,1,0,1,1,0,1,1,1,5,3,26.933061
1,1,0,1,0,1,1,0,1,2,1,5,3,41.950874
1,1,0,1,0,1,1,0,1,3,1,5,3,52.7536
1,1,0,1,0,1,1,0,1,4,1,5,3,60.165584
1,1,0,1,0,1,1,0,1,1,2,5,3,26.987083
1,1,0,1,0,1,1,0,1,2,2,5,3,42.106872
1,1,0,1,0,1,1,0,1,3,2,5,3,51.8712
1,1,0,1,0,1,1,0,1,4,2,5,3,60.434546
1,1,0,1,0,1,1,0,1,1,0,15,3,26.8004
1,1,0,1,0,1,1,0,1,2,0,15,3,41.90754
1,1,0,1,0,1,1,0,1,3,0,15,3,51.8257
1,1,0,1,0,1,1,0,1,4,0,15,3,60.73
1,1,0,1,0,1,1,0,1,1,1,15,3,26.206603
1,1,0,1,0,1,1,0,1,2,1,15,3,41.952138
1,1,0,1,0,1,1,0,1,3,1,15,3,52.3074
1,1,0,1,0,1,1,0,1,4,1,15,3,60.656759
1,1,0,1,0,1,1,0,1,1,2,15,3,27.04375
1,1,0,1,0,1,1,0,1,2,2,15,3,41.866276
1,1,0,1,0,1,1,0,1,3,2,15,3,52.3667
1,1,0,1,0,1,1,0,1,4,2,15,3,59.688182
1,1,0,1,0,1,1,0,1,1,0,0,6,26.46949
1,1,0,1,0,1,1,0,1,2,0,0,6,42.706774
1,1,0,1,0,1,1,0,1,3,0,0,6,52.397167
1,1,0,1,0,1,1,0,1,4,0,0,6,60.367273
1,1,0,1,0,1,1,0,1,1,1,0,6,26.150365
1,1,0,1,0,1,1,0,1,2,1,0,6,42.312575
1,1,0,1,0,1,1,0,1,3,1,0,6,52.6112
1,1,0,1,0,1,1,0,1,4,1,0,6,60.714901
1,1,0,1,0,1,1,0,1,1,2,0,6,26.399309
1,1,0,1,0,1,1,0,1,2,2,0,6,42.341379
1,1,0,1,0,1,1,0,1,3,2,0,6,52.4305
1,1,0,1,0,1,1,0,1,4,2,0,6,59.57303
1,1,0,1,0,1,1,0,1,1,0,5,6,26.807628
1,1,0,1,0,1,1,0,1,2,0,5,6,41.66377
1,1,0,1,0,1,1,0,1,3,0,5,6,56.788152
1,1,0,1,0,1,1,0,1,4,0,5,6,59.453506
1,1,0,1,0,1,1,0,1,1,1,5,6,26.814039
1,1,0,1,0,1,1,0,1,2,1,5,6,42.174713
1,1,0,1,0,1,1,0,1,3,1,5,6,52.5683
1,1,0,1,0,1,1,0,1,4,1,5,6,60.65253
1,1,0,1,0,1,1,0,1,1,2,5,6,26.975417
1,1,0,1,0,1,1,0,1,2,2,5,6,42.578621
1,1,0,1,0,1,1,0,1,3,2,5,6,52.7728
1,1,0,1,0,1,1,0,1,4,2,5,6,60.022078
1,1,0,1,0,1,1,0,1,1,0,15,6,26.536369
1,1,0,1,0,1,1,0,1,2,0,15,6,42.542
1,1,0,1,0,1,1,0,1,3,0,15,6,52.5016
1,1,0,1,0,1,1,0,1,4,0,15,6,60.029264
1,1,0,1,0,1,1,0,1,1,1,15,6,26.3925
1,1,0,1,0,1,1,0,1,2,1,15,6,42.834667
1,1,0,1,0,1,1,0,1,3,1,15,6,52.6064
1,1,0,1,0,1,1,0,1,4,1,15,6,60.638301
1,1,0,1,0,1,1,0,1,1,2,15,6,26.708271
1,1,0,1,0,1,1,0,1,2,2,15,6,42.195517
1,1,0,1,0,1,1,0,1,3,2,15,6,52.481767
1,1,0,1,0,1,1,0,1,4,2,15,6,60.433636
1,1,1,0,0,0,0,1,0,1,0,0,0,26.400368
1,1,1,0,0,0,0,1,0,2,0,0,0,44.103243
1,1,1,0,0,0,0,1,0,3,0,0,0,55.941678
1,1,1,0,0,0,0,1,0,4,0,0,0,66.282738
1,1,1,0,0,0,0,1,0,1,1,0,0,26.412794
1,1,1,0,0,0,0,1,0,2,1,0,0,44.097883
1,1,1,0,0,0,0,1,0,3,1,0,0,56.037931
1,1,1,0,0,0,0,1,0,4,1,0,0,66.1
1,1,1,0,0,0,0,1,0,1,2,0,0,26.629977
1,1,1,0,0,0,0,1,0,2,2,0,0,43.955238
1,1,1,0,0,0,0,1,0,3,2,0,0,55.275345
1,1,1,0,0,0,0,1,0,4,2,0,0,65.607446
1,1,1,0,0,0,0,1,1,1,0,0,0,26.498498
1,1,1,0,0,0,0,1,1,2,0,0,0,43.902432
1,1,1,0,0,0,0,1,1,3,0,0,0,55.834039
1,1,1,0,0,0,0,1,1,4,0,0,0,65.915415
1,1,1,0,0,0,0,1,1,1,1,0,0,26.402075
1,1,1,0,0,0,0,1,1,2,1,0,0,43.827952
1,1,1,0,0,0,0,1,1,3,1,0,0,55.998621
1,1,1,0,0,0,0,1,1,4,1,0,0,65.557969
1,1,1,0,0,0,0,1,1,1,2,0,0,26.240345
1,1,1,0,0,0,0,1,1,2,2,0,0,43.610873
1,1,1,0,0,0,0,1,1,3,2,0,0,55.68
1,1,1,0,0,0,0,1,1,4,2,0,0,65.424
1,1,1,0,0,0,1,0,0,1,0,0,0,26.633039
1,1,1,0,0,0,1,0,0,2,0,0,0,43.592778
1,1,1,0,0,0,1,0,0,3,0,0,0,55.915172
1,1,1,0,0,0,1,0,0,4,0,0,0,66.295385
1,1,1,0,0,0,1,0,0,1,1,0,0,26.72955
1,1,1,0,0,0,1,0,0,2,1,0,0,43.437127
1,1,1,0,0,0,1,0,0,3,1,0,0,55.648966
1,1,1,0,0,0,1,0,0,4,1,0,0,66.210769
1,1,1,0,0,0,1,0,0,1,2,0,0,26.164126
1,1,1,0,0,0,1,0,0,2,2,0,0,43.473216
1,1,1,0,0,0,1,0,0,3,2,0,0,55.697906
1,1,1,0,0,0,1,0,0,4,2,0,0,65.394708
1,1,1,0,0,0,1,0,0,1,0,5,0,26.456645
1,1,1,0,0,0,1,0,0,2,0,5,0,43.882222
1,1,1,0,0,0,1,0,0,3,0,5,0,55.994138
1,1,1,0,0,0,1,0,0,4,0,5,0,65.959046
1,1,1,0,0,0,1,0,0,1,1,5,0,26.40626
1,1,1,0,0,0,1,0,0,2,1,5,0,44.094054
1,1,1,0,0,0,1,0,0,3,1,5,0,55.772414
1,1,1,0,0,0,1,0,0,4,1,5,0,66.304616
1,1,1,0,0,0,1,0,0,1,2,5,0,25.751059
1,1,1,0,0,0,1,0,0,2,2,5,0,43.608349
1,1,1,0,0,0,1,0,0,3,2,5,0,55.842759
1,1,1,0,0,0,1,0,0,4,2,5,0,65.602708
1,1,1,0,0,0,1,0,0,1,0,15,0,26.533793
1,1,1,0,0,0,1,0,0,2,0,15,0,43.975
1,1,1,0,0,0,1,0,0,3,0,15,0,55.447463
1,1,1,0,0,0,1,0,0,4,0,15,0,66.458461
1,1,1,0,0,0,1,0,0,1,1,15,0,26.42
1,1,1,0,0,0,1,0,0,2,1,15,0,43.747778
1,1,1,0,0,0,1,0,0,3,1,15,0,55.961379
1,1,1,0,0,0,1,0,0,4,1,15,0,65.898677
1,1,1,0,0,0,1,0,0,1,2,15,0,26.177948
1,1,1,0,0,0,1,0,0,2,2,15,0,44.095555
1,1,1,0,0,0,1,0,0,3,2,15,0,54.934902
1,1,1,0,0,0,1,0,0,4,2,15,0,65.563846
1,1,1,0,0,0,1,0,0,1,0,0,3,25.696176
1,1,1,0,0,0,1,0,0,2,0,0,3,43.942462
1,1,1,0,0,0,1,0,0,3,0,0,3,56.071793
1,1,1,0,0,0,1,0,0,4,0,0,3,66.408462
1,1,1,0,0,0,1,0,0,1,1,0,3,26.584786
1,1,1,0,0,0,1,0,0,2,1,0,3,43.248556
1,1,1,0,0,0,1,0,0,3,1,0,3,55.165542
1,1,1,0,0,0,1,0,0,4,1,0,3,65.0736
1,1,1,0,0,0,1,0,0,1,2,0,3,26.721356
1,1,1,0,0,0,1,0,0,2,2,0,3,43.428206
1,1,1,0,0,0,1,0,0,3,2,0,3,55.381379
1,1,1,0,0,0,1,0,0,4,2,0,3,65.391631
1,1,1,0,0,0,1,0,0,1,0,5,3,26.676411
1,1,1,0,0,0,1,0,0,2,0,5,3,44.037943
1,1,1,0,0,0,1,0,0,3,0,5,3,55.704588
1,1,1,0,0,0,1,0,0,4,0,5,3,65.793477
1,1,1,0,0,0,1,0,0,1,1,5,3,26.614483
1,1,1,0,0,0,1,0,0,2,1,5,3,44.166667
1,1,1,0,0,0,1,0,0,3,1,5,3,55.937678
1,1,1,0,0,0,1,0,0,4,1,5,3,65.7936
1,1,1,0,0,0,1,0,0,1,2,5,3,26.35353
1,1,1,0,0,0,1,0,0,2,2,5,3,44.129444
1,1,1,0,0,0,1,0,0,3,2,5,3,55.89931
1,1,1,0,0,0,1,0,0,4,2,5,3,65.2384
1,1,1,0,0,0,1,0,0,1,0,15,3,25.936963
1,1,1,0,0,0,1,0,0,2,0,15,3,43.730555
1,1,1,0,0,0,1,0,0,3,0,15,3,56.075172
1,1,1,0,0,0,1,0,0,4,0,15,3,66.01718
1,1,1,0,0,0,1,0,0,1,1,15,3,26.349384
1,1,1,0,0,0,1,0,0,2,1,15,3,43.911201
1,1,1,0,0,0,1,0,0,3,1,15,3,55.81931
1,1,1,0,0,0,1,0,0,4,1,15,3,66.028615
1,1,1,0,0,0,1,0,0,1,2,15,3,26.71827
1,1,1,0,0,0,1,0,0,2,2,15,3,43.466794
1,1,1,0,0,0,1,0,0,3,2,15,3,54.883003
1,1,1,0,0,0,1,0,0,4,2,15,3,65.313969
1,1,1,0,0,0,1,0,0,1,0,0,6,26.679223
1,1,1,0,0,0,1,0,0,2,0,0,6,43.33
1,1,1,0,0,0,1,0,0,3,0,0,6,55.841503
1,1,1,0,0,0,1,0,0,4,0,0,6,66.378461
1,1,1,0,0,0,1,0,0,1,1,0,6,26.545739
1,1,1,0,0,0,1,0,0,2,1,0,6,43.902778
1,1,1,0,0,0,1,0,0,3,1,0,6,55.9
1,1,1,0,0,0,1,0,0,4,1,0,6,66.210923
1,1,1,0,0,0,1,0,0,1,2,0,6,26.278223
1,1,1,0,0,0,1,0,0,2,2,0,6,44.1
1,1,1,0,0,0,1,0,0,3,2,0,6,55.918621
1,1,1,0,0,0,1,0,0,4,2,0,6,65.521323
1,1,1,0,0,0,1,0,0,1,0,5,6,26.316376
1,1,1,0,0,0,1,0,0,2,0,5,6,43.833784
1,1,1,0,0,0,1,0,0,3,0,5,6,56.051035
1,1,1,0,0,0,1,0,0,4,0,5,6,65.984677
1,1,1,0,0,0,1,0,0,1,1,5,6,25.84709
1,1,1,0,0,0,1,0,0,2,1,5,6,43.531111
1,1,1,0,0,0,1,0,0,3,1,5,6,56.009655
1,1,1,0,0,0,1,0,0,4,1,5,6,66.073108
1,1,1,0,0,0,1,0,0,1,2,5,6,26.424231
1,1,1,0,0,0,1,0,0,2,2,5,6,42.89373
1,1,1,0,0,0,1,0,0,3,2,5,6,55.34
1,1,1,0,0,0,1,0,0,4,2,5,6,65.579323
1,1,1,0,0,0,1,0,0,1,0,15,6,26.652875
1,1,1,0,0,0,1,0,0,2,0,15,6,44.04949
1,1,1,0,0,0,1,0,0,3,0,15,6,55.926207
1,1,1,0,0,0,1,0,0,4,0,15,6,66.484615
1,1,1,0,0,0,1,0,0,1,1,15,6,26.67069
1,1,1,0,0,0,1,0,0,2,1,15,6,44.064444
1,1,1,0,0,0,1,0,0,3,1,15,6,55.888965
1,1,1,0,0,0,1,0,0,4,1,15,6,66.147692
1,1,1,0,0,0,1,0,0,1,2,15,6,26.67744
1,1,1,0,0,0,1,0,0,2,2,15,6,43.602004
1,1,1,0,0,0,1,0,0,3,2,15,6,55.911724
1,1,1,0,0,0,1,0,0,4,2,15,6,65.291015
1,1,1,0,0,0,1,0,1,1,0,0,0,26.31218
1,1,1,0,0,0,1,0,1,2,0,0,0,44.100045
1,1,1,0,0,0,1,0,1,3,0,0,0,55.953494
1,1,1,0,0,0,1,0,1,4,0,0,0,66.406923
1,1,1,0,0,0,1,0,1,1,1,0,0,26.459217
1,1,1,0,0,0,1,0,1,2,1,0,0,43.241826
1,1,1,0,0,0,1,0,1,3,1,0,0,55.669956
1,1,1,0,0,0,1,0,1,4,1,0,0,66.073419
1,1,1,0,0,0,1,0,1,1,2,0,0,26.786102
1,1,1,0,0,0,1,0,1,2,2,0,0,43.675191
1,1,1,0,0,0,1,0,1,3,2,0,0,55.817242
1,1,1,0,0,0,1,0,1,4,2,0,0,65.3336
1,1,1,0,0,0,1,0,1,1,0,5,0,26.708913
1,1,1,0,0,0,1,0,1,2,0,5,0,43.592825
1,1,1,0,0,0,1,0,1,3,0,5,0,55.871862
1,1,1,0,0,0,1,0,1,4,0,5,0,66.273846
1,1,1,0,0,0,1,0,1,1,1,5,0,26.685248
1,1,1,0,0,0,1,0,1,2,1,5,0,43.663889
1,1,1,0,0,0,1,0,1,3,1,5,0,54.643251
1,1,1,0,0,0,1,0,1,4,1,5,0,66.361539
1,1,1,0,0,0,1,0,1,1,2,5,0,26.494284
1,1,1,0,0,0,1,0,1,2,2,5,0,43.56364
1,1,1,0,0,0,1,0,1,3,2,5,0,55.703572
1,1,1,0,0,0,1,0,1,4,2,5,0,64.3326
1,1,1,0,0,0,1,0,1,1,0,15,0,26.67391
1,1,1,0,0,0,1,0,1,2,0,15,0,43.850429
1,1,1,0,0,0,1,0,1,3,0,15,0,55.72298
1,1,1,0,0,0,1,0,1,4,0,15,0,66.166923
1,1,1,0,0,0,1,0,1,1,1,15,0,26.703653
1,1,1,0,0,0,1,0,1,2,1,15,0,43.468952
1,1,1,0,0,0,1,0,1,3,1,15,0,55.818552
1,1,1,0,0,0,1,0,1,4,1,15,0,66.056492
1,1,1,0,0,0,1,0,1,1,2,15,0,26.251034
1,1,1,0,0,0,1,0,1,2,2,15,0,43.595555
1,1,1,0,0,0,1,0,1,3,2,15,0,55.728965
1,1,1,0,0,0,1,0,1,4,2,15,0,65.1
1,1,1,0,0,0,1,0,1,1,0,0,3,26.452145
1,1,1,0,0,0,1,0,1,2,0,0,3,43.561556
1,1,1,0,0,0,1,0,1,3,0,0,3,55.606576
1,1,1,0,0,0,1,0,1,4,0,0,3,66.052154
1,1,1,0,0,0,1,0,1,1,1,0,3,26.58533
1,1,1,0,0,0,1,0,1,2,1,0,3,43.601397
1,1,1,0,0,0,1,0,1,3,1,0,3,56.0
1,1,1,0,0,0,1,0,1,4,1,0,3,65.408892
1,1,1,0,0,0,1,0,1,1,2,0,3,26.325091
1,1,1,0,0,0,1,0,1,2,2,0,3,43.91
1,1,1,0,0,0,1,0,1,3,2,0,3,55.078571
1,1,1,0,0,0,1,0,1,4,2,0,3,64.867067
1,1,1,0,0,0,1,0,1,1,0,5,3,26.646441
1,1,1,0,0,0,1,0,1,2,0,5,3,43.645876
1,1,1,0,0,0,1,0,1,3,0,5,3,56.072897
1,1,1,0,0,0,1,0,1,4,0,5,3,66.35
1,1,1,0,0,0,1,0,1,1,1,5,3,26.723133
1,1,1,0,0,0,1,0,1,2,1,5,3,44.17021
1,1,1,0,0,0,1,0,1,3,1,5,3,55.895517
1,1,1,0,0,0,1,0,1,4,1,5,3,66.363108
1,1,1,0,0,0,1,0,1,1,2,5,3,26.066785
1,1,1,0,0,0,1,0,1,2,2,5,3,43.713175
1,1,1,0,0,0,1,0,1,3,2,5,3,55.749154
1,1,1,0,0,0,1,0,1,4,2,5,3,64.525767
1,1,1,0,0,0,1,0,1,1,0,15,3,26.657358
1,1,1,0,0,0,1,0,1,2,0,15,3,43.951396
1,1,1,0,0,0,1,0,1,3,0,15,3,56.035862
1,1,1,0,0,0,1,0,1,4,0,15,3,65.743323
1,1,1,0,0,0,1,0,1,1,1,15,3,26.652741
1,1,1,0,0,0,1,0,1,2,1,15,3,43.667778
1,1,1,0,0,0,1,0,1,3,1,15,3,55.822758
1,1,1,0,0,0,1,0,1,4,1,15,3,66.141652
1,1,1,0,0,0,1,0,1,1,2,15,3,26.587569
1,1,1,0,0,0,1,0,1,2,2,15,3,43.27681
1,1,1,0,0,0,1,0,1,3,2,15,3,55.534384
1,1,1,0,0,0,1,0,1,4,2,15,3,65.0648
1,1,1,0,0,0,1,0,1,1,0,0,6,26.37931
1,1,1,0,0,0,1,0,1,2,0,0,6,43.949985
1,1,1,0,0,0,1,0,1,3,0,0,6,55.951724
1,1,1,0,0,0,1,0,1,4,0,0,6,66.174523
1,1,1,0,0,0,1,0,1,1,1,0,6,26.174029
1,1,1,0,0,0,1,0,1,2,1,0,6,43.571104
1,1,1,0,0,0,1,0,1,3,1,0,6,55.727414
1,1,1,0,0,0,1,0,1,4,1,0,6,65.3592
1,1,1,0,0,0,1,0,1,1,2,0,6,26.871186
1,1,1,0,0,0,1,0,1,2,2,0,6,43.597381
1,1,1,0,0,0,1,0,1,3,2,0,6,55.822069
1,1,1,0,0,0,1,0,1,4,2,0,6,65.267769
1,1,1,0,0,0,1,0,1,1,0,5,6,26.602308
1,1,1,0,0,0,1,0,1,2,0,5,6,44.035556
1,1,1,0,0,0,1,0,1,3,0,5,6,55.756552
1,1,1,0,0,0,1,0,1,4,0,5,6,66.299323
1,1,1,0,0,0,1,0,1,1,1,5,6,26.379728
1,1,1,0,0,0,1,0,1,2,1,5,6,44.288333
1,1,1,0,0,0,1,0,1,3,1,5,6,55.785494
1,1,1,0,0,0,1,0,1,4,1,5,6,66.400769
1,1,1,0,0,0,1,0,1,1,2,5,6,26.410736
1,1,1,0,0,0,1,0,1,2,2,5,6,44.024445
1,1,1,0,0,0,1,0,1,3,2,5,6,55.84138
1,1,1,0,0,0,1,0,1,4,2,5,6,65.5976
1,1,1,0,0,0,1,0,1,1,0,15,6,26.568439
1,1,1,0,0,0,1,0,1,2,0,15,6,44.046667
1,1,1,0,0,0,1,0,1,3,0,15,6,55.886092
1,1,1,0,0,0,1,0,1,4,0,15,6,65.818092
1,1,1,0,0,0,1,0,1,1,1,15,6,26.408714
1,1,1,0,0,0,1,0,1,2,1,15,6,44.205555
1,1,1,0,0,0,1,0,1,3,1,15,6,55.610128
1,1,1,0,0,0,1,0,1,4,1,15,6,65.5384
1,1,1,0,0,0,1,0,1,1,2,15,6,26.442151
1,1,1,0,0,0,1,0,1,2,2,15,6,43.478603
1,1,1,0,0,0,1,0,1,3,2,15,6,55.771872
1,1,1,0,0,0,1,0,1,4,2,15,6,64.8976
1,1,1,0,0,1,0,1,0,1,0,0,0,26.583189
1,1,1,0,0,1,0,1,0,2,0,0,0,43.814921
1,1,1,0,0,1,0,1,0,3,0,0,0,56.273218
1,1,1,0,0,1,0,1,0,4,0,0,0,66.637692
1,1,1,0,0,1,0,1,0,1,1,0,0,26.772
1,1,1,0,0,1,0,1,0,2,1,0,0,43.772222
1,1,1,0,0,1,0,1,0,3,1,0,0,56.296276
1,1,1,0,0,1,0,1,0,4,1,0,0,66.762137
1,1,1,0,0,1,0,1,0,1,2,0,0,26.547582
1,1,1,0,0,1,0,1,0,2,2,0,0,44.247032
1,1,1,0,0,1,0,1,0,3,2,0,0,56.093199
1,1,1,0,0,1,0,1,0,4,2,0,0,67.10037
1,1,1,0,0,1,0,1,1,1,0,0,0,26.54111
1,1,1,0,0,1,0,1,1,2,0,0,0,44.299095
1,1,1,0,0,1,0,1,1,3,0,0,0,55.472734
1,1,1,0,0,1,0,1,1,4,0,0,0,66.766125
1,1,1,0,0,1,0,1,1,1,1,0,0,26.845666
1,1,1,0,0,1,0,1,1,2,1,0,0,43.823048
1,1,1,0,0,1,0,1,1,3,1,0,0,56.356667
1,1,1,0,0,1,0,1,1,4,1,0,0,66.698091
1,1,1,0,0,1,0,1,1,1,2,0,0,26.785825
1,1,1,0,0,1,0,1,1,2,2,0,0,44.054508
1,1,1,0,0,1,0,1,1,3,2,0,0,56.000391
1,1,1,0,0,1,0,1,1,4,2,0,0,66.851795
1,1,1,0,0,1,1,0,0,1,0,0,0,26.452344
1,1,1,0,0,1,1,0,0,2,0,0,0,43.80946
1,1,1,0,0,1,1,0,0,3,0,0,0,56.465333
1,1,1,0,0,1,1,0,0,4,0,0,0,65.486369
1,1,1,0,0,1,1,0,0,1,1,0,0,26.800333
1,1,1,0,0,1,1,0,0,2,1,0,0,43.528333
1,1,1,0,0,1,1,0,0,3,1,0,0,56.457333
1,1,1,0,0,1,1,0,0,4,1,0,0,66.297179
1,1,1,0,0,1,1,0,0,1,2,0,0,26.614819
1,1,1,0,0,1,1,0,0,2,2,0,0,43.962508
1,1,1,0,0,1,1,0,0,3,2,0,0,56.015862
1,1,1,0,0,1,1,0,0,4,2,0,0,66.578461
1,1,1,0,0,1,1,0,0,1,0,5,0,26.219344
1,1,1,0,0,1,1,0,0,2,0,5,0,44.034921
1,1,1,0,0,1,1,0,0,3,0,5,0,55.824115
1,1,1,0,0,1,1,0,0,4,0,5,0,66.75151
1,1,1,0,0,1,1,0,0,1,1,5,0,26.314874
1,1,1,0,0,1,1,0,0,2,1,5,0,44.08464
1,1,1,0,0,1,1,0,0,3,1,5,0,56.221586
1,1,1,0,0,1,1,0,0,4,1,5,0,66.755869
1,1,1,0,0,1,1,0,0,1,2,5,0,26.669627
1,1,1,0,0,1,1,0,0,2,2,5,0,43.53591
1,1,1,0,0,1,1,0,0,3,2,5,0,55.68892
1,1,1,0,0,1,1,0,0,4,2,5,0,66.793077
1,1,1,0,0,1,1,0,0,1,0,15,0,26.396853
1,1,1,0,0,1,1,0,0,2,0,15,0,43.881556
1,1,1,0,0,1,1,0,0,3,0,15,0,55.799311
1,1,1,0,0,1,1,0,0,4,0,15,0,66.722935
1,1,1,0,0,1,1,0,0,1,1,15,0,26.535867
1,1,1,0,0,1,1,0,0,2,1,15,0,43.351667
1,1,1,0,0,1,1,0,0,3,1,15,0,56.214437
1,1,1,0,0,1,1,0,0,4,1,15,0,66.394558
1,1,1,0,0,1,1,0,0,1,2,15,0,26.831859
1,1,1,0,0,1,1,0,0,2,2,15,0,43.865826
1,1,1,0,0,1,1,0,0,3,2,15,0,55.323744
1,1,1,0,0,1,1,0,0,4,2,15,0,67.145328
1,1,1,0,0,1,1,0,0,1,0,0,3,26.010513
1,1,1,0,0,1,1,0,0,2,0,0,3,43.726286
1,1,1,0,0,1,1,0,0,3,0,0,3,55.45646
1,1,1,0,0,1,1,0,0,4,0,0,3,66.926296
1,1,1,0,0,1,1,0,0,1,1,0,3,26.195728
1,1,1,0,0,1,1,0,0,2,1,0,3,43.826413
1,1,1,0,0,1,1,0,0,3,1,0,3,56.475333
1,1,1,0,0,1,1,0,0,4,1,0,3,66.824672
1,1,1,0,0,1,1,0,0,1,2,0,3,26.811333
1,1,1,0,0,1,1,0,0,2,2,0,3,44.031206
1,1,1,0,0,1,1,0,0,3,2,0,3,55.874782
1,1,1,0,0,1,1,0,0,4,2,0,3,66.695384
1,1,1,0,0,1,1,0,0,1,0,5,3,26.686457
1,1,1,0,0,1,1,0,0,2,0,5,3,44.094556
1,1,1,0,0,1,1,0,0,3,0,5,3,55.995609
1,1,1,0,0,1,1,0,0,4,0,5,3,66.700741
1,1,1,0,0,1,1,0,0,1,1,5,3,26.450618
1,1,1,0,0,1,1,0,0,2,1,5,3,44.171216
1,1,1,0,0,1,1,0,0,3,1,5,3,56.245655
1,1,1,0,0,1,1,0,0,4,1,5,3,66.783305
1,1,1,0,0,1,1,0,0,1,2,5,3,26.172955
1,1,1,0,0,1,1,0,0,2,2,5,3,44.050873
1,1,1,0,0,1,1,0,0,3,2,5,3,55.88468
1,1,1,0,0,1,1,0,0,4,2,5,3,66.618034
1,1,1,0,0,1,1,0,0,1,0,15,3,26.137929
1,1,1,0,0,1,1,0,0,2,0,15,3,43.190538
1,1,1,0,0,1,1,0,0,3,0,15,3,56.349793
1,1,1,0,0,1,1,0,0,4,0,15,3,66.645584
1,1,1,0,0,1,1,0,0,1,1,15,3,26.711006
1,1,1,0,0,1,1,0,0,2,1,15,3,44.109445
1,1,1,0,0,1,1,0,0,3,1,15,3,56.442
1,1,1,0,0,1,1,0,0,4,1,15,3,66.635128
1,1,1,0,0,1,1,0,0,1,2,15,3,26.580237
1,1,1,0,0,1,1,0,0,2,2,15,3,44.085222
1,1,1,0,0,1,1,0,0,3,2,15,3,55.608966
1,1,1,0,0,1,1,0,0,4,2,15,3,66.677293
1,1,1,0,0,1,1,0,0,1,0,0,6,25.855442
1,1,1,0,0,1,1,0,0,2,0,0,6,43.602786
1,1,1,0,0,1,1,0,0,3,0,0,6,55.944138
1,1,1,0,0,1,1,0,0,4,0,0,6,66.717806
1,1,1,0,0,1,1,0,0,1,1,0,6,26.233333
1,1,1,0,0,1,1,0,0,2,1,0,6,43.668964
1,1,1,0,0,1,1,0,0,3,1,0,6,56.501333
1,1,1,0,0,1,1,0,0,4,1,0,6,66.506467
1,1,1,0,0,1,1,0,0,1,2,0,6,26.718435
1,1,1,0,0,1,1,0,0,2,2,0,6,43.781825
1,1,1,0,0,1,1,0,0,3,2,0,6,55.965287
1,1,1,0,0,1,1,0,0,4,2,0,6,66.829601
1,1,1,0,0,1,1,0,0,1,0,5,6,26.479016
1,1,1,0,0,1,1,0,0,2,0,5,6,44.02627
1,1,1,0,0,1,1,0,0,3,0,5,6,56.220207
1,1,1,0,0,1,1,0,0,4,0,5,6,66.298277
1,1,1,0,0,1,1,0,0,1,1,5,6,26.028214
1,1,1,0,0,1,1,0,0,2,1,5,6,44.054519
1,1,1,0,0,1,1,0,0,3,1,5,6,56.522
1,1,1,0,0,1,1,0,0,4,1,5,6,66.762222
1,1,1,0,0,1,1,0,0,1,2,5,6,26.476254
1,1,1,0,0,1,1,0,0,2,2,5,6,43.890302
1,1,1,0,0,1,1,0,0,3,2,5,6,55.579951
1,1,1,0,0,1,1,0,0,4,2,5,6,67.164445
1,1,1,0,0,1,1,0,0,1,0,15,6,26.361716
1,1,1,0,0,1,1,0,0,2,0,15,6,43.955921
1,1,1,0,0,1,1,0,0,3,0,15,6,55.379173
1,1,1,0,0,1,1,0,0,4,0,15,6,66.770513
1,1,1,0,0,1,1,0,0,1,1,15,6,26.703
1,1,1,0,0,1,1,0,0,2,1,15,6,43.843483
1,1,1,0,0,1,1,0,0,3,1,15,6,56.147678
1,1,1,0,0,1,1,0,0,4,1,15,6,66.616239
1,1,1,0,0,1,1,0,0,1,2,15,6,26.566723
1,1,1,0,0,1,1,0,0,2,2,15,6,43.761524
1,1,1,0,0,1,1,0,0,3,2,15,6,56.046897
1,1,1,0,0,1,1,0,0,4,2,15,6,66.972536
1,1,1,0,0,1,1,0,1,1,0,0,0,26.320656
1,1,1,0,0,1,1,0,1,2,0,0,0,43.946841
1,1,1,0,0,1,1,0,1,3,0,0,0,55.933839
1,1,1,0,0,1,1,0,1,4,0,0,0,66.695783
1,1,1,0,0,1,1,0,1,1,1,0,0,26.088763
1,1,1,0,0,1,1,0,1,2,1,0,0,44.173333
1,1,1,0,0,1,1,0,1,3,1,0,0,56.265333
1,1,1,0,0,1,1,0,1,4,1,0,0,67.125555
1,1,1,0,0,1,1,0,1,1,2,0,0,26.527537
1,1,1,0,0,1,1,0,1,2,2,0,0,43.997238
1,1,1,0,0,1,1,0,1,3,2,0,0,56.294391
1,1,1,0,0,1,1,0,1,4,2,0,0,66.900655
1,1,1,0,0,1,1,0,1,1,0,5,0,26.522623
1,1,1,0,0,1,1,0,1,2,0,5,0,44.031873
1,1,1,0,0,1,1,0,1,3,0,5,0,56.183356
1,1,1,0,0,1,1,0,1,4,0,5,0,66.536923
1,1,1,0,0,1,1,0,1,1,1,5,0,26.323667
1,1,1,0,0,1,1,0,1,2,1,5,0,43.921667
1,1,1,0,0,1,1,0,1,3,1,5,0,56.327333
1,1,1,0,0,1,1,0,1,4,1,5,0,66.879231
1,1,1,0,0,1,1,0,1,1,2,5,0,26.320661
1,1,1,0,0,1,1,0,1,2,2,5,0,43.933603
1,1,1,0,0,1,1,0,1,3,2,5,0,56.002023
1,1,1,0,0,1,1,0,1,4,2,5,0,66.691111
1,1,1,0,0,1,1,0,1,1,0,15,0,26.654669
1,1,1,0,0,1,1,0,1,2,0,15,0,43.88646
1,1,1,0,0,1,1,0,1,3,0,15,0,56.281379
1,1,1,0,0,1,1,0,1,4,0,15,0,66.356923
1,1,1,0,0,1,1,0,1,1,1,15,0,26.594956
1,1,1,0,0,1,1,0,1,2,1,15,0,44.048904
1,1,1,0,0,1,1,0,1,3,1,15,0,56.240414
1,1,1,0,0,1,1,0,1,4,1,15,0,65.974831
1,1,1,0,0,1,1,0,1,1,2,15,0,26.636322
1,1,1,0,0,1,1,0,1,2,2,15,0,43.376571
1,1,1,0,0,1,1,0,1,3,2,15,0,55.62
1,1,1,0,0,1,1,0,1,4,2,15,0,67.195527
1,1,1,0,0,1,1,0,1,1,0,0,3,25.88971
1,1,1,0,0,1,1,0,1,2,0,0,3,43.523824
1,1,1,0,0,1,1,0,1,3,0,0,3,56.188276
1,1,1,0,0,1,1,0,1,4,0,0,3,66.685385
1,1,1,0,0,1,1,0,1,1,1,0,3,26.17391
1,1,1,0,0,1,1,0,1,2,1,0,3,43.553127
1,1,1,0,0,1,1,0,1,3,1,0,3,56.331333
1,1,1,0,0,1,1,0,1,4,1,0,3,66.619231
1,1,1,0,0,1,1,0,1,1,2,0,3,26.583192
1,1,1,0,0,1,1,0,1,2,2,0,3,43.689405
1,1,1,0,0,1,1,0,1,3,2,0,3,56.117931
1,1,1,0,0,1,1,0,1,4,2,0,3,66.58037
1,1,1,0,0,1,1,0,1,1,0,5,3,26.338557
1,1,1,0,0,1,1,0,1,2,0,5,3,43.849543
1,1,1,0,0,1,1,0,1,3,0,5,3,55.925609
1,1,1,0,0,1,1,0,1,4,0,5,3,65.729538
1,1,1,0,0,1,1,0,1,1,1,5,3,26.077977
1,1,1,0,0,1,1,0,1,2,1,5,3,43.831712
1,1,1,0,0,1,1,0,1,3,1,5,3,56.172897
1,1,1,0,0,1,1,0,1,4,1,5,3,66.564644
1,1,1,0,0,1,1,0,1,1,2,5,3,26.572667
1,1,1,0,0,1,1,0,1,2,2,5,3,43.145042
1,1,1,0,0,1,1,0,1,3,2,5,3,55.764781
1,1,1,0,0,1,1,0,1,4,2,5,3,66.619231
1,1,1,0,0,1,1,0,1,1,0,15,3,26.799471
1,1,1,0,0,1,1,0,1,2,0,15,3,43.226639
1,1,1,0,0,1,1,0,1,3,0,15,3,56.197057
1,1,1,0,0,1,1,0,1,4,0,15,3,66.856781
1,1,1,0,0,1,1,0,1,1,1,15,3,26.493463
1,1,1,0,0,1,1,0,1,2,1,15,3,44.011742
1,1,1,0,0,1,1,0,1,3,1,15,3,55.616502
1,1,1,0,0,1,1,0,1,4,1,15,3,66.170123
1,1,1,0,0,1,1,0,1,1,2,15,3,26.504299
1,1,1,0,0,1,1,0,1,2,2,15,3,43.878444
1,1,1,0,0,1,1,0,1,3,2,15,3,56.019701
1,1,1,0,0,1,1,0,1,4,2,15,3,67.073105
1,1,1,0,0,1,1,0,1,1,0,0,6,26.601978
1,1,1,0,0,1,1,0,1,2,0,0,6,43.300067
1,1,1,0,0,1,1,0,1,3,0,0,6,56.243379
1,1,1,0,0,1,1,0,1,4,0,0,6,66.46
1,1,1,0,0,1,1,0,1,1,1,0,6,26.720333
1,1,1,0,0,1,1,0,1,2,1,0,6,43.946577
1,1,1,0,0,1,1,0,1,3,1,0,6,56.284781
1,1,1,0,0,1,1,0,1,4,1,0,6,66.758547
1,1,1,0,0,1,1,0,1,1,2,0,6,26.218186
1,1,1,0,0,1,1,0,1,2,2,0,6,44.012762
1,1,1,0,0,1,1,0,1,3,2,0,6,55.477167
1,1,1,0,0,1,1,0,1,4,2,0,6,66.395385
1,1,1,0,0,1,1,0,1,1,0,5,6,26.622453
1,1,1,0,0,1,1,0,1,2,0,5,6,43.929556
1,1,1,0,0,1,1,0,1,3,0,5,6,55.989586
1,1,1,0,0,1,1,0,1,4,0,5,6,66.603077
1,1,1,0,0,1,1,0,1,1,1,5,6,26.443708
1,1,1,0,0,1,1,0,1,2,1,5,6,44.009294
1,1,1,0,0,1,1,0,1,3,1,5,6,56.482
1,1,1,0,0,1,1,0,1,4,1,5,6,66.722023
1,1,1,0,0,1,1,0,1,1,2,5,6,26.442865
1,1,1,0,0,1,1,0,1,2,2,5,6,43.895413
1,1,1,0,0,1,1,0,1,3,2,5,6,55.932379
1,1,1,0,0,1,1,0,1,4,2,5,6,67.022507
1,1,1,0,0,1,1,0,1,1,0,15,6,26.354754
1,1,1,0,0,1,1,0,1,2,0,15,6,43.817667
1,1,1,0,0,1,1,0,1,3,0,15,6,56.392667
1,1,1,0,0,1,1,0,1,4,0,15,6,66.66
1,1,1,0,0,1,1,0,1,1,1,15,6,26.511
1,1,1,0,0,1,1,0,1,2,1,15,6,44.235811
1,1,1,0,0,1,1,0,1,3,1,15,6,56.338874
1,1,1,0,0,1,1,0,1,4,1,15,6,66.564907
1,1,1,0,0,1,1,0,1,1,2,15,6,26.804085
1,1,1,0,0,1,1,0,1,2,2,15,6,43.981603
1,1,1,0,0,1,1,0,1,3,2,15,6,56.029655
1,1,1,0,0,1,1,0,1,4,2,15,6,66.393077
