twoPass,quality,bestQuality,goodQuality,rtQuality,constantBitrate,autoAltRef,noAltRef,allowResize,Threads,TokenParts,ArnrMaxFrames,ArnrStrength,Energy-
0,1,0,0,1,0,0,0,0,1,0,0,0,355.2
0,1,0,0,1,0,0,0,0,2,0,0,0,274.6
0,1,0,0,1,0,0,0,0,3,0,0,0,284.0
0,1,0,0,1,0,0,0,0,4,0,0,0,273.0
0,1,0,0,1,0,0,0,0,1,1,0,0,339.0
0,1,0,0,1,0,0,0,0,2,1,0,0,287.6
0,1,0,0,1,0,0,0,0,3,1,0,0,283.6
0,1,0,0,1,0,0,0,0,4,1,0,0,272.4
0,1,0,0,1,0,0,0,0,1,2,0,0,331.6
0,1,0,0,1,0,0,0,0,2,2,0,0,271.8
0,1,0,0,1,0,0,0,0,3,2,0,0,313.8
0,1,0,0,1,0,0,0,0,4,2,0,0,299.0
0,1,0,0,1,0,0,0,0,1,0,5,0,336.4
0,1,0,0,1,0,0,0,0,2,0,5,0,274.2
0,1,0,0,1,0,0,0,0,3,0,5,0,315.2
0,1,0,0,1,0,0,0,0,4,0,5,0,275.0
0,1,0,0,1,0,0,0,0,1,1,5,0,336.2
0,1,0,0,1,0,0,0,0,2,1,5,0,314.2
0,1,0,0,1,0,0,0,0,3,1,5,0,316.8
0,1,0,0,1,0,0,0,0,4,1,5,0,248.8
0,1,0,0,1,0,0,0,0,1,2,5,0,363.2
0,1,0,0,1,0,0,0,0,2,2,5,0,311.0
0,1,0,0,1,0,0,0,0,3,2,5,0,299.6
0,1,0,0,1,0,0,0,0,4,2,5,0,286.6
0,1,0,0,1,0,0,0,0,1,0,15,0,321.2
0,1,0,0,1,0,0,0,0,2,0,15,0,256.2
0,1,0,0,1,0,0,0,0,3,0,15,0,320.2
0,1,0,0,1,0,0,0,0,4,0,15,0,292.2
0,1,0,0,1,0,0,0,0,1,1,15,0,317.2
0,1,0,0,1,0,0,0,0,2,1,15,0,260.8
0,1,0,0,1,0,0,0,0,3,1,15,0,306.8
0,1,0,0,1,0,0,0,0,4,1,15,0,280.6
0,1,0,0,1,0,0,0,0,1,2,15,0,318.6
0,1,0,0,1,0,0,0,0,2,2,15,0,266.4
0,1,0,0,1,0,0,0,0,3,2,15,0,273.8
0,1,0,0,1,0,0,0,0,4,2,15,0,243.8
0,1,0,0,1,0,0,0,0,1,0,0,3,328.8
0,1,0,0,1,0,0,0,0,2,0,0,3,304.6
0,1,0,0,1,0,0,0,0,3,0,0,3,298.6
0,1,0,0,1,0,0,0,0,4,0,0,3,284.0
0,1,0,0,1,0,0,0,0,1,1,0,3,339.0
0,1,0,0,1,0,0,0,0,2,1,0,3,306.4
0,1,0,0,1,0,0,0,0,3,1,0,3,275.0
0,1,0,0,1,0,0,0,0,4,1,0,3,286.2
0,1,0,0,1,0,0,0,0,1,2,0,3,317.8
0,1,0,0,1,0,0,0,0,2,2,0,3,283.8
0,1,0,0,1,0,0,0,0,3,2,0,3,319.4
0,1,0,0,1,0,0,0,0,4,2,0,3,297.0
0,1,0,0,1,0,0,0,0,1,0,5,3,357.8
0,1,0,0,1,0,0,0,0,2,0,5,3,331.6
0,1,0,0,1,0,0,0,0,3,0,5,3,269.4
0,1,0,0,1,0,0,0,0,4,0,5,3,278.0
0,1,0,0,1,0,0,0,0,1,1,5,3,311.4
0,1,0,0,1,0,0,0,0,2,1,5,3,313.2
0,1,0,0,1,0,0,0,0,3,1,5,3,290.8
0,1,0,0,1,0,0,0,0,4,1,5,3,313.4
0,1,0,0,1,0,0,0,0,1,2,5,3,330.8
0,1,0,0,1,0,0,0,0,2,2,5,3,254.2
0,1,0,0,1,0,0,0,0,3,2,5,3,262.2
0,1,0,0,1,0,0,0,0,4,2,5,3,285.0
0,1,0,0,1,0,0,0,0,1,0,15,3,321.2
0,1,0,0,1,0,0,0,0,2,0,15,3,279.8
0,1,0,0,1,0,0,0,0,3,0,15,3,280.6
0,1,0,0,1,0,0,0,0,4,0,15,3,227.0
0,1,0,0,1,0,0,0,0,1,1,15,3,328.8
0,1,0,0,1,0,0,0,0,2,1,15,3,269.0
0,1,0,0,1,0,0,0,0,3,1,15,3,270.8
0,1,0,0,1,0,0,0,0,4,1,15,3,269.4
0,1,0,0,1,0,0,0,0,1,2,15,3,370.8
0,1,0,0,1,0,0,0,0,2,2,15,3,301.0
0,1,0,0,1,0,0,0,0,3,2,15,3,274.6
0,1,0,0,1,0,0,0,0,4,2,15,3,256.4
0,1,0,0,1,0,0,0,0,1,0,0,6,335.4
0,1,0,0,1,0,0,0,0,2,0,0,6,278.6
0,1,0,0,1,0,0,0,0,3,0,0,6,296.6
0,1,0,0,1,0,0,0,0,4,0,0,6,238.6
0,1,0,0,1,0,0,0,0,1,1,0,6,339.4
0,1,0,0,1,0,0,0,0,2,1,0,6,259.2
0,1,0,0,1,0,0,0,0,3,1,0,6,266.2
0,1,0,0,1,0,0,0,0,4,1,0,6,262.2
0,1,0,0,1,0,0,0,0,1,2,0,6,302.4
0,1,0,0,1,0,0,0,0,2,2,0,6,305.4
0,1,0,0,1,0,0,0,0,3,2,0,6,264.0
0,1,0,0,1,0,0,0,0,4,2,0,6,289.8
0,1,0,0,1,0,0,0,0,1,0,5,6,325.0
0,1,0,0,1,0,0,0,0,2,0,5,6,281.8
0,1,0,0,1,0,0,0,0,3,0,5,6,269.0
0,1,0,0,1,0,0,0,0,4,0,5,6,229.0
0,1,0,0,1,0,0,0,0,1,1,5,6,346.6
0,1,0,0,1,0,0,0,0,2,1,5,6,274.0
0,1,0,0,1,0,0,0,0,3,1,5,6,265.2
0,1,0,0,1,0,0,0,0,4,1,5,6,250.4
0,1,0,0,1,0,0,0,0,1,2,5,6,333.0
0,1,0,0,1,0,0,0,0,2,2,5,6,290.4
0,1,0,0,1,0,0,0,0,3,2,5,6,284.2
0,1,0,0,1,0,0,0,0,4,2,5,6,286.0
0,1,0,0,1,0,0,0,0,1,0,15,6,333.4
0,1,0,0,1,0,0,0,0,2,0,15,6,293.8
0,1,0,0,1,0,0,0,0,3,0,15,6,311.8
0,1,0,0,1,0,0,0,0,4,0,15,6,282.4
0,1,0,0,1,0,0,0,0,1,1,15,6,338.6
0,1,0,0,1,0,0,0,0,2,1,15,6,262.2
0,1,0,0,1,0,0,0,0,3,1,15,6,304.4
0,1,0,0,1,0,0,0,0,4,1,15,6,275.4
0,1,0,0,1,0,0,0,0,1,2,15,6,321.6
0,1,0,0,1,0,0,0,0,2,2,15,6,267.0
0,1,0,0,1,0,0,0,0,3,2,15,6,286.8
0,1,0,0,1,0,0,0,0,4,2,15,6,253.0
0,1,0,0,1,0,0,0,1,1,0,0,0,310.6
0,1,0,0,1,0,0,0,1,2,0,0,0,307.4
0,1,0,0,1,0,0,0,1,3,0,0,0,306.2
0,1,0,0,1,0,0,0,1,4,0,0,0,271.8
0,1,0,0,1,0,0,0,1,1,1,0,0,321.4
0,1,0,0,1,0,0,0,1,2,1,0,0,272.6
0,1,0,0,1,0,0,0,1,3,1,0,0,272.8
0,1,0,0,1,0,0,0,1,4,1,0,0,225.8
0,1,0,0,1,0,0,0,1,1,2,0,0,338.4
0,1,0,0,1,0,0,0,1,2,2,0,0,302.8
0,1,0,0,1,0,0,0,1,3,2,0,0,308.8
0,1,0,0,1,0,0,0,1,4,2,0,0,237.4
0,1,0,0,1,0,0,0,1,1,0,5,0,319.8
0,1,0,0,1,0,0,0,1,2,0,5,0,288.8
0,1,0,0,1,0,0,0,1,3,0,5,0,265.4
0,1,0,0,1,0,0,0,1,4,0,5,0,249.6
0,1,0,0,1,0,0,0,1,1,1,5,0,328.0
0,1,0,0,1,0,0,0,1,2,1,5,0,274.2
0,1,0,0,1,0,0,0,1,3,1,5,0,270.2
0,1,0,0,1,0,0,0,1,4,1,5,0,255.6
0,1,0,0,1,0,0,0,1,1,2,5,0,339.8
0,1,0,0,1,0,0,0,1,2,2,5,0,264.2
0,1,0,0,1,0,0,0,1,3,2,5,0,270.6
0,1,0,0,1,0,0,0,1,4,2,5,0,243.8
0,1,0,0,1,0,0,0,1,1,0,15,0,314.4
0,1,0,0,1,0,0,0,1,2,0,15,0,301.0
0,1,0,0,1,0,0,0,1,3,0,15,0,280.8
0,1,0,0,1,0,0,0,1,4,0,15,0,256.8
0,1,0,0,1,0,0,0,1,1,1,15,0,375.0
0,1,0,0,1,0,0,0,1,2,1,15,0,281.8
0,1,0,0,1,0,0,0,1,3,1,15,0,296.2
0,1,0,0,1,0,0,0,1,4,1,15,0,283.2
0,1,0,0,1,0,0,0,1,1,2,15,0,359.4
0,1,0,0,1,0,0,0,1,2,2,15,0,281.6
0,1,0,0,1,0,0,0,1,3,2,15,0,272.4
0,1,0,0,1,0,0,0,1,4,2,15,0,224.4
0,1,0,0,1,0,0,0,1,1,0,0,3,330.6
0,1,0,0,1,0,0,0,1,2,0,0,3,290.4
0,1,0,0,1,0,0,0,1,3,0,0,3,266.4
0,1,0,0,1,0,0,0,1,4,0,0,3,266.8
0,1,0,0,1,0,0,0,1,1,1,0,3,336.2
0,1,0,0,1,0,0,0,1,2,1,0,3,279.4
0,1,0,0,1,0,0,0,1,3,1,0,3,262.0
0,1,0,0,1,0,0,0,1,4,1,0,3,267.6
0,1,0,0,1,0,0,0,1,1,2,0,3,323.6
0,1,0,0,1,0,0,0,1,2,2,0,3,274.2
0,1,0,0,1,0,0,0,1,3,2,0,3,298.2
0,1,0,0,1,0,0,0,1,4,2,0,3,300.6
0,1,0,0,1,0,0,0,1,1,0,5,3,338.6
0,1,0,0,1,0,0,0,1,2,0,5,3,302.2
0,1,0,0,1,0,0,0,1,3,0,5,3,309.0
0,1,0,0,1,0,0,0,1,4,0,5,3,247.8
0,1,0,0,1,0,0,0,1,1,1,5,3,356.8
0,1,0,0,1,0,0,0,1,2,1,5,3,278.2
0,1,0,0,1,0,0,0,1,3,1,5,3,266.4
0,1,0,0,1,0,0,0,1,4,1,5,3,263.8
0,1,0,0,1,0,0,0,1,1,2,5,3,330.2
0,1,0,0,1,0,0,0,1,2,2,5,3,300.0
0,1,0,0,1,0,0,0,1,3,2,5,3,316.0
0,1,0,0,1,0,0,0,1,4,2,5,3,264.6
0,1,0,0,1,0,0,0,1,1,0,15,3,325.8
0,1,0,0,1,0,0,0,1,2,0,15,3,308.0
0,1,0,0,1,0,0,0,1,3,0,15,3,282.4
0,1,0,0,1,0,0,0,1,4,0,15,3,281.0
0,1,0,0,1,0,0,0,1,1,1,15,3,339.8
0,1,0,0,1,0,0,0,1,2,1,15,3,280.6
0,1,0,0,1,0,0,0,1,3,1,15,3,271.8
0,1,0,0,1,0,0,0,1,4,1,15,3,305.8
0,1,0,0,1,0,0,0,1,1,2,15,3,341.2
0,1,0,0,1,0,0,0,1,2,2,15,3,280.0
0,1,0,0,1,0,0,0,1,3,2,15,3,266.0
0,1,0,0,1,0,0,0,1,4,2,15,3,264.0
0,1,0,0,1,0,0,0,1,1,0,0,6,315.6
0,1,0,0,1,0,0,0,1,2,0,0,6,285.6
0,1,0,0,1,0,0,0,1,3,0,0,6,288.0
0,1,0,0,1,0,0,0,1,4,0,0,6,284.4
0,1,0,0,1,0,0,0,1,1,1,0,6,337.4
0,1,0,0,1,0,0,0,1,2,1,0,6,296.6
0,1,0,0,1,0,0,0,1,3,1,0,6,272.8
0,1,0,0,1,0,0,0,1,4,1,0,6,250.6
0,1,0,0,1,0,0,0,1,1,2,0,6,330.6
0,1,0,0,1,0,0,0,1,2,2,0,6,286.8
0,1,0,0,1,0,0,0,1,3,2,0,6,274.0
0,1,0,0,1,0,0,0,1,4,2,0,6,255.6
0,1,0,0,1,0,0,0,1,1,0,5,6,328.0
0,1,0,0,1,0,0,0,1,2,0,5,6,313.4
0,1,0,0,1,0,0,0,1,3,0,5,6,312.0
0,1,0,0,1,0,0,0,1,4,0,5,6,274.0
0,1,0,0,1,0,0,0,1,1,1,5,6,363.6
0,1,0,0,1,0,0,0,1,2,1,5,6,312.8
0,1,0,0,1,0,0,0,1,3,1,5,6,292.8
0,1,0,0,1,0,0,0,1,4,1,5,6,242.8
0,1,0,0,1,0,0,0,1,1,2,5,6,319.2
0,1,0,0,1,0,0,0,1,2,2,5,6,269.8
0,1,0,0,1,0,0,0,1,3,2,5,6,273.8
0,1,0,0,1,0,0,0,1,4,2,5,6,267.2
0,1,0,0,1,0,0,0,1,1,0,15,6,327.2
0,1,0,0,1,0,0,0,1,2,0,15,6,296.0
0,1,0,0,1,0,0,0,1,3,0,15,6,290.4
0,1,0,0,1,0,0,0,1,4,0,15,6,251.4
0,1,0,0,1,0,0,0,1,1,1,15,6,345.4
0,1,0,0,1,0,0,0,1,2,1,15,6,251.6
0,1,0,0,1,0,0,0,1,3,1,15,6,269.6
0,1,0,0,1,0,0,0,1,4,1,15,6,231.0
0,1,0,0,1,0,0,0,1,1,2,15,6,334.6
0,1,0,0,1,0,0,0,1,2,2,15,6,289.4
0,1,0,0,1,0,0,0,1,3,2,15,6,290.8
0,1,0,0,1,0,0,0,1,4,2,15,6,298.6
0,1,0,0,1,1,0,0,0,1,0,0,0,358.0
0,1,0,0,1,1,0,0,0,2,0,0,0,292.2
0,1,0,0,1,1,0,0,0,3,0,0,0,298.6
0,1,0,0,1,1,0,0,0,4,0,0,0,297.2
0,1,0,0,1,1,0,0,0,1,1,0,0,345.6
0,1,0,0,1,1,0,0,0,2,1,0,0,305.8
0,1,0,0,1,1,0,0,0,3,1,0,0,293.2
0,1,0,0,1,1,0,0,0,4,1,0,0,266.8
0,1,0,0,1,1,0,0,0,1,2,0,0,319.8
0,1,0,0,1,1,0,0,0,2,2,0,0,265.4
0,1,0,0,1,1,0,0,0,3,2,0,0,266.6
0,1,0,0,1,1,0,0,0,4,2,0,0,260.2
0,1,0,0,1,1,0,0,0,1,0,5,0,316.8
0,1,0,0,1,1,0,0,0,2,0,5,0,272.2
0,1,0,0,1,1,0,0,0,3,0,5,0,276.0
0,1,0,0,1,1,0,0,0,4,0,5,0,239.4
0,1,0,0,1,1,0,0,0,1,1,5,0,320.4
0,1,0,0,1,1,0,0,0,2,1,5,0,273.2
0,1,0,0,1,1,0,0,0,3,1,5,0,280.2
0,1,0,0,1,1,0,0,0,4,1,5,0,247.2
0,1,0,0,1,1,0,0,0,1,2,5,0,298.6
0,1,0,0,1,1,0,0,0,2,2,5,0,264.6
0,1,0,0,1,1,0,0,0,3,2,5,0,284.4
0,1,0,0,1,1,0,0,0,4,2,5,0,281.4
0,1,0,0,1,1,0,0,0,1,0,15,0,327.6
0,1,0,0,1,1,0,0,0,2,0,15,0,276.2
0,1,0,0,1,1,0,0,0,3,0,15,0,247.6
0,1,0,0,1,1,0,0,0,4,0,15,0,268.6
0,1,0,0,1,1,0,0,0,1,1,15,0,317.2
0,1,0,0,1,1,0,0,0,2,1,15,0,285.4
0,1,0,0,1,1,0,0,0,3,1,15,0,268.2
0,1,0,0,1,1,0,0,0,4,1,15,0,271.2
0,1,0,0,1,1,0,0,0,1,2,15,0,322.0
0,1,0,0,1,1,0,0,0,2,2,15,0,296.2
0,1,0,0,1,1,0,0,0,3,2,15,0,272.6
0,1,0,0,1,1,0,0,0,4,2,15,0,240.4
0,1,0,0,1,1,0,0,0,1,0,0,3,327.4
0,1,0,0,1,1,0,0,0,2,0,0,3,259.0
0,1,0,0,1,1,0,0,0,3,0,0,3,229.0
0,1,0,0,1,1,0,0,0,4,0,0,3,246.0
0,1,0,0,1,1,0,0,0,1,1,0,3,333.8
0,1,0,0,1,1,0,0,0,2,1,0,3,280.6
0,1,0,0,1,1,0,0,0,3,1,0,3,257.6
0,1,0,0,1,1,0,0,0,4,1,0,3,246.8
0,1,0,0,1,1,0,0,0,1,2,0,3,319.2
0,1,0,0,1,1,0,0,0,2,2,0,3,277.4
0,1,0,0,1,1,0,0,0,3,2,0,3,241.6
0,1,0,0,1,1,0,0,0,4,2,0,3,287.6
0,1,0,0,1,1,0,0,0,1,0,5,3,359.6
0,1,0,0,1,1,0,0,0,2,0,5,3,261.0
0,1,0,0,1,1,0,0,0,3,0,5,3,310.8
0,1,0,0,1,1,0,0,0,4,0,5,3,280.4
0,1,0,0,1,1,0,0,0,1,1,5,3,330.2
0,1,0,0,1,1,0,0,0,2,1,5,3,275.0
0,1,0,0,1,1,0,0,0,3,1,5,3,288.8
0,1,0,0,1,1,0,0,0,4,1,5,3,286.0
0,1,0,0,1,1,0,0,0,1,2,5,3,325.8
0,1,0,0,1,1,0,0,0,2,2,5,3,292.0
0,1,0,0,1,1,0,0,0,3,2,5,3,255.6
0,1,0,0,1,1,0,0,0,4,2,5,3,260.2
0,1,0,0,1,1,0,0,0,1,0,15,3,335.6
0,1,0,0,1,1,0,0,0,2,0,15,3,280.4
0,1,0,0,1,1,0,0,0,3,0,15,3,267.2
0,1,0,0,1,1,0,0,0,4,0,15,3,278.6
0,1,0,0,1,1,0,0,0,1,1,15,3,323.8
0,1,0,0,1,1,0,0,0,2,1,15,3,267.4
0,1,0,0,1,1,0,0,0,3,1,15,3,249.2
0,1,0,0,1,1,0,0,0,4,1,15,3,243.0
0,1,0,0,1,1,0,0,0,1,2,15,3,330.4
0,1,0,0,1,1,0,0,0,2,2,15,3,270.8
0,1,0,0,1,1,0,0,0,3,2,15,3,246.4
0,1,0,0,1,1,0,0,0,4,2,15,3,233.8
0,1,0,0,1,1,0,0,0,1,0,0,6,318.6
0,1,0,0,1,1,0,0,0,2,0,0,6,305.8
0,1,0,0,1,1,0,0,0,3,0,0,6,300.2
0,1,0,0,1,1,0,0,0,4,0,0,6,244.8
0,1,0,0,1,1,0,0,0,1,1,0,6,320.8
0,1,0,0,1,1,0,0,0,2,1,0,6,272.8
0,1,0,0,1,1,0,0,0,3,1,0,6,272.6
0,1,0,0,1,1,0,0,0,4,1,0,6,243.8
0,1,0,0,1,1,0,0,0,1,2,0,6,315.6
0,1,0,0,1,1,0,0,0,2,2,0,6,261.2
0,1,0,0,1,1,0,0,0,3,2,0,6,238.2
0,1,0,0,1,1,0,0,0,4,2,0,6,265.4
0,1,0,0,1,1,0,0,0,1,0,5,6,325.6
0,1,0,0,1,1,0,0,0,2,0,5,6,283.4
0,1,0,0,1,1,0,0,0,3,0,5,6,239.4
0,1,0,0,1,1,0,0,0,4,0,5,6,227.6
0,1,0,0,1,1,0,0,0,1,1,5,6,336.6
0,1,0,0,1,1,0,0,0,2,1,5,6,275.6
0,1,0,0,1,1,0,0,0,3,1,5,6,256.8
0,1,0,0,1,1,0,0,0,4,1,5,6,257.4
0,1,0,0,1,1,0,0,0,1,2,5,6,326.6
0,1,0,0,1,1,0,0,0,2,2,5,6,275.4
0,1,0,0,1,1,0,0,0,3,2,5,6,276.8
0,1,0,0,1,1,0,0,0,4,2,5,6,274.6
0,1,0,0,1,1,0,0,0,1,0,15,6,327.0
0,1,0,0,1,1,0,0,0,2,0,15,6,277.0
0,1,0,0,1,1,0,0,0,3,0,15,6,254.6
0,1,0,0,1,1,0,0,0,4,0,15,6,274.8
0,1,0,0,1,1,0,0,0,1,1,15,6,332.4
0,1,0,0,1,1,0,0,0,2,1,15,6,260.0
0,1,0,0,1,1,0,0,0,3,1,15,6,252.6
0,1,0,0,1,1,0,0,0,4,1,15,6,247.4
0,1,0,0,1,1,0,0,0,1,2,15,6,328.2
0,1,0,0,1,1,0,0,0,2,2,15,6,306.8
0,1,0,0,1,1,0,0,0,3,2,15,6,257.0
0,1,0,0,1,1,0,0,0,4,2,15,6,266.4
0,1,0,0,1,1,0,0,1,1,0,0,0,318.6
0,1,0,0,1,1,0,0,1,2,0,0,0,272.0
0,1,0,0,1,1,0,0,1,3,0,0,0,248.8
0,1,0,0,1,1,0,0,1,4,0,0,0,261.0
0,1,0,0,1,1,0,0,1,1,1,0,0,327.0
0,1,0,0,1,1,0,0,1,2,1,0,0,268.4
0,1,0,0,1,1,0,0,1,3,1,0,0,269.6
0,1,0,0,1,1,0,0,1,4,1,0,0,272.6
0,1,0,0,1,1,0,0,1,1,2,0,0,329.8
0,1,0,0,1,1,0,0,1,2,2,0,0,284.0
0,1,0,0,1,1,0,0,1,3,2,0,0,279.4
0,1,0,0,1,1,0,0,1,4,2,0,0,279.0
0,1,0,0,1,1,0,0,1,1,0,5,0,329.0
0,1,0,0,1,1,0,0,1,2,0,5,0,271.0
0,1,0,0,1,1,0,0,1,3,0,5,0,295.0
0,1,0,0,1,1,0,0,1,4,0,5,0,266.0
0,1,0,0,1,1,0,0,1,1,1,5,0,326.4
0,1,0,0,1,1,0,0,1,2,1,5,0,310.4
0,1,0,0,1,1,0,0,1,3,1,5,0,273.0
0,1,0,0,1,1,0,0,1,4,1,5,0,238.8
0,1,0,0,1,1,0,0,1,1,2,5,0,340.8
0,1,0,0,1,1,0,0,1,2,2,5,0,267.2
0,1,0,0,1,1,0,0,1,3,2,5,0,272.0
0,1,0,0,1,1,0,0,1,4,2,5,0,276.8
0,1,0,0,1,1,0,0,1,1,0,15,0,317.2
0,1,0,0,1,1,0,0,1,2,0,15,0,252.8
0,1,0,0,1,1,0,0,1,3,0,15,0,232.8
0,1,0,0,1,1,0,0,1,4,0,15,0,240.0
0,1,0,0,1,1,0,0,1,1,1,15,0,332.0
0,1,0,0,1,1,0,0,1,2,1,15,0,265.0
0,1,0,0,1,1,0,0,1,3,1,15,0,268.0
0,1,0,0,1,1,0,0,1,4,1,15,0,231.8
0,1,0,0,1,1,0,0,1,1,2,15,0,315.4
0,1,0,0,1,1,0,0,1,2,2,15,0,263.6
0,1,0,0,1,1,0,0,1,3,2,15,0,286.2
0,1,0,0,1,1,0,0,1,4,2,15,0,287.8
0,1,0,0,1,1,0,0,1,1,0,0,3,320.6
0,1,0,0,1,1,0,0,1,2,0,0,3,272.0
0,1,0,0,1,1,0,0,1,3,0,0,3,262.8
0,1,0,0,1,1,0,0,1,4,0,0,3,276.8
0,1,0,0,1,1,0,0,1,1,1,0,3,356.4
0,1,0,0,1,1,0,0,1,2,1,0,3,306.6
0,1,0,0,1,1,0,0,1,3,1,0,3,256.6
0,1,0,0,1,1,0,0,1,4,1,0,3,229.0
0,1,0,0,1,1,0,0,1,1,2,0,3,317.8
0,1,0,0,1,1,0,0,1,2,2,0,3,263.6
0,1,0,0,1,1,0,0,1,3,2,0,3,289.2
0,1,0,0,1,1,0,0,1,4,2,0,3,275.8
0,1,0,0,1,1,0,0,1,1,0,5,3,326.0
0,1,0,0,1,1,0,0,1,2,0,5,3,308.0
0,1,0,0,1,1,0,0,1,3,0,5,3,217.6
0,1,0,0,1,1,0,0,1,4,0,5,3,289.6
0,1,0,0,1,1,0,0,1,1,1,5,3,333.0
0,1,0,0,1,1,0,0,1,2,1,5,3,258.6
0,1,0,0,1,1,0,0,1,3,1,5,3,266.6
0,1,0,0,1,1,0,0,1,4,1,5,3,282.6
0,1,0,0,1,1,0,0,1,1,2,5,3,312.2
0,1,0,0,1,1,0,0,1,2,2,5,3,279.6
0,1,0,0,1,1,0,0,1,3,2,5,3,282.8
0,1,0,0,1,1,0,0,1,4,2,5,3,256.6
0,1,0,0,1,1,0,0,1,1,0,15,3,332.2
0,1,0,0,1,1,0,0,1,2,0,15,3,258.8
0,1,0,0,1,1,0,0,1,3,0,15,3,252.2
0,1,0,0,1,1,0,0,1,4,0,15,3,239.4
0,1,0,0,1,1,0,0,1,1,1,15,3,318.6
0,1,0,0,1,1,0,0,1,2,1,15,3,278.0
0,1,0,0,1,1,0,0,1,3,1,15,3,247.4
0,1,0,0,1,1,0,0,1,4,1,15,3,232.0
0,1,0,0,1,1,0,0,1,1,2,15,3,331.0
0,1,0,0,1,1,0,0,1,2,2,15,3,313.2
0,1,0,0,1,1,0,0,1,3,2,15,3,281.2
0,1,0,0,1,1,0,0,1,4,2,15,3,245.8
0,1,0,0,1,1,0,0,1,1,0,0,6,368.6
0,1,0,0,1,1,0,0,1,2,0,0,6,301.6
0,1,0,0,1,1,0,0,1,3,0,0,6,259.8
0,1,0,0,1,1,0,0,1,4,0,0,6,276.4
0,1,0,0,1,1,0,0,1,1,1,0,6,330.8
0,1,0,0,1,1,0,0,1,2,1,0,6,263.6
0,1,0,0,1,1,0,0,1,3,1,0,6,258.0
0,1,0,0,1,1,0,0,1,4,1,0,6,270.8
0,1,0,0,1,1,0,0,1,1,2,0,6,329.6
0,1,0,0,1,1,0,0,1,2,2,0,6,309.6
0,1,0,0,1,1,0,0,1,3,2,0,6,250.2
0,1,0,0,1,1,0,0,1,4,2,0,6,227.6
0,1,0,0,1,1,0,0,1,1,0,5,6,310.6
0,1,0,0,1,1,0,0,1,2,0,5,6,268.0
0,1,0,0,1,1,0,0,1,3,0,5,6,292.2
0,1,0,0,1,1,0,0,1,4,0,5,6,256.2
0,1,0,0,1,1,0,0,1,1,1,5,6,313.2
0,1,0,0,1,1,0,0,1,2,1,5,6,276.0
0,1,0,0,1,1,0,0,1,3,1,5,6,247.6
0,1,0,0,1,1,0,0,1,4,1,5,6,251.0
0,1,0,0,1,1,0,0,1,1,2,5,6,321.6
0,1,0,0,1,1,0,0,1,2,2,5,6,275.0
0,1,0,0,1,1,0,0,1,3,2,5,6,232.0
0,1,0,0,1,1,0,0,1,4,2,5,6,279.4
0,1,0,0,1,1,0,0,1,1,0,15,6,319.8
0,1,0,0,1,1,0,0,1,2,0,15,6,285.0
0,1,0,0,1,1,0,0,1,3,0,15,6,252.0
0,1,0,0,1,1,0,0,1,4,0,15,6,241.8
0,1,0,0,1,1,0,0,1,1,1,15,6,340.2
0,1,0,0,1,1,0,0,1,2,1,15,6,262.6
0,1,0,0,1,1,0,0,1,3,1,15,6,262.2
0,1,0,0,1,1,0,0,1,4,1,15,6,242.2
0,1,0,0,1,1,0,0,1,1,2,15,6,315.8
0,1,0,0,1,1,0,0,1,2,2,15,6,269.2
0,1,0,0,1,1,0,0,1,3,2,15,6,245.0
0,1,0,0,1,1,0,0,1,4,2,15,6,233.2
0,1,0,1,0,0,0,0,0,1,0,0,0,1609.8
0,1,0,1,0,0,0,0,0,2,0,0,0,1106.0
0,1,0,1,0,0,0,0,0,3,0,0,0,1006.4
0,1,0,1,0,0,0,0,0,4,0,0,0,940.0
0,1,0,1,0,0,0,0,0,1,1,0,0,1641.4
0,1,0,1,0,0,0,0,0,2,1,0,0,1160.0
0,1,0,1,0,0,0,0,0,3,1,0,0,1000.0
0,1,0,1,0,0,0,0,0,4,1,0,0,900.8
0,1,0,1,0,0,0,0,0,1,2,0,0,1622.0
0,1,0,1,0,0,0,0,0,2,2,0,0,1149.8
0,1,0,1,0,0,0,0,0,3,2,0,0,986.0
0,1,0,1,0,0,0,0,0,4,2,0,0,923.8
0,1,0,1,0,0,0,0,0,1,0,5,0,1653.0
0,1,0,1,0,0,0,0,0,2,0,5,0,1113.4
0,1,0,1,0,0,0,0,0,3,0,5,0,1000.8
0,1,0,1,0,0,0,0,0,4,0,5,0,920.6
0,1,0,1,0,0,0,0,0,1,1,5,0,1684.6
0,1,0,1,0,0,0,0,0,2,1,5,0,1146.2
0,1,0,1,0,0,0,0,0,3,1,5,0,978.2
0,1,0,1,0,0,0,0,0,4,1,5,0,916.6
0,1,0,1,0,0,0,0,0,1,2,5,0,1599.4
0,1,0,1,0,0,0,0,0,2,2,5,0,1119.2
0,1,0,1,0,0,0,0,0,3,2,5,0,1041.8
0,1,0,1,0,0,0,0,0,4,2,5,0,903.0
0,1,0,1,0,0,0,0,0,1,0,15,0,1599.4
0,1,0,1,0,0,0,0,0,2,0,15,0,1129.0
0,1,0,1,0,0,0,0,0,3,0,15,0,1032.6
0,1,0,1,0,0,0,0,0,4,0,15,0,957.6
0,1,0,1,0,0,0,0,0,1,1,15,0,1632.8
0,1,0,1,0,0,0,0,0,2,1,15,0,1152.4
0,1,0,1,0,0,0,0,0,3,1,15,0,1005.8
0,1,0,1,0,0,0,0,0,4,1,15,0,904.6
0,1,0,1,0,0,0,0,0,1,2,15,0,1592.0
0,1,0,1,0,0,0,0,0,2,2,15,0,1145.2
0,1,0,1,0,0,0,0,0,3,2,15,0,1009.2
0,1,0,1,0,0,0,0,0,4,2,15,0,946.0
0,1,0,1,0,0,0,0,0,1,0,0,3,1611.6
0,1,0,1,0,0,0,0,0,2,0,0,3,1129.6
0,1,0,1,0,0,0,0,0,3,0,0,3,1015.8
0,1,0,1,0,0,0,0,0,4,0,0,3,936.4
0,1,0,1,0,0,0,0,0,1,1,0,3,1650.4
0,1,0,1,0,0,0,0,0,2,1,0,3,1125.4
0,1,0,1,0,0,0,0,0,3,1,0,3,982.0
0,1,0,1,0,0,0,0,0,4,1,0,3,951.4
0,1,0,1,0,0,0,0,0,1,2,0,3,1613.0
0,1,0,1,0,0,0,0,0,2,2,0,3,1146.6
0,1,0,1,0,0,0,0,0,3,2,0,3,959.6
0,1,0,1,0,0,0,0,0,4,2,0,3,897.0
0,1,0,1,0,0,0,0,0,1,0,5,3,1630.4
0,1,0,1,0,0,0,0,0,2,0,5,3,1158.4
0,1,0,1,0,0,0,0,0,3,0,5,3,999.0
0,1,0,1,0,0,0,0,0,4,0,5,3,909.4
0,1,0,1,0,0,0,0,0,1,1,5,3,1664.0
0,1,0,1,0,0,0,0,0,2,1,5,3,1113.8
0,1,0,1,0,0,0,0,0,3,1,5,3,1001.6
0,1,0,1,0,0,0,0,0,4,1,5,3,947.2
0,1,0,1,0,0,0,0,0,1,2,5,3,1631.2
0,1,0,1,0,0,0,0,0,2,2,5,3,1169.6
0,1,0,1,0,0,0,0,0,3,2,5,3,1016.6
0,1,0,1,0,0,0,0,0,4,2,5,3,941.0
0,1,0,1,0,0,0,0,0,1,0,15,3,1630.2
0,1,0,1,0,0,0,0,0,2,0,15,3,1098.4
0,1,0,1,0,0,0,0,0,3,0,15,3,1008.8
0,1,0,1,0,0,0,0,0,4,0,15,3,930.2
0,1,0,1,0,0,0,0,0,1,1,15,3,1618.4
0,1,0,1,0,0,0,0,0,2,1,15,3,1139.8
0,1,0,1,0,0,0,0,0,3,1,15,3,1010.6
0,1,0,1,0,0,0,0,0,4,1,15,3,923.4
0,1,0,1,0,0,0,0,0,1,2,15,3,1602.8
0,1,0,1,0,0,0,0,0,2,2,15,3,1136.8
0,1,0,1,0,0,0,0,0,3,2,15,3,1014.4
0,1,0,1,0,0,0,0,0,4,2,15,3,929.0
0,1,0,1,0,0,0,0,0,1,0,0,6,1650.6
0,1,0,1,0,0,0,0,0,2,0,0,6,1132.8
0,1,0,1,0,0,0,0,0,3,0,0,6,1010.6
0,1,0,1,0,0,0,0,0,4,0,0,6,937.2
0,1,0,1,0,0,0,0,0,1,1,0,6,1670.0
0,1,0,1,0,0,0,0,0,2,1,0,6,1150.0
0,1,0,1,0,0,0,0,0,3,1,0,6,987.2
0,1,0,1,0,0,0,0,0,4,1,0,6,906.8
0,1,0,1,0,0,0,0,0,1,2,0,6,1629.8
0,1,0,1,0,0,0,0,0,2,2,0,6,1149.2
0,1,0,1,0,0,0,0,0,3,2,0,6,995.2
0,1,0,1,0,0,0,0,0,4,2,0,6,935.2
0,1,0,1,0,0,0,0,0,1,0,5,6,1614.8
0,1,0,1,0,0,0,0,0,2,0,5,6,1177.0
0,1,0,1,0,0,0,0,0,3,0,5,6,1011.0
0,1,0,1,0,0,0,0,0,4,0,5,6,928.2
0,1,0,1,0,0,0,0,0,1,1,5,6,1677.4
0,1,0,1,0,0,0,0,0,2,1,5,6,1123.4
0,1,0,1,0,0,0,0,0,3,1,5,6,1003.2
0,1,0,1,0,0,0,0,0,4,1,5,6,922.2
0,1,0,1,0,0,0,0,0,1,2,5,6,1618.0
0,1,0,1,0,0,0,0,0,2,2,5,6,1176.8
0,1,0,1,0,0,0,0,0,3,2,5,6,1015.4
0,1,0,1,0,0,0,0,0,4,2,5,6,923.2
0,1,0,1,0,0,0,0,0,1,0,15,6,1616.8
0,1,0,1,0,0,0,0,0,2,0,15,6,1158.4
0,1,0,1,0,0,0,0,0,3,0,15,6,1024.4
0,1,0,1,0,0,0,0,0,4,0,15,6,938.4
0,1,0,1,0,0,0,0,0,1,1,15,6,1654.6
0,1,0,1,0,0,0,0,0,2,1,15,6,1146.4
0,1,0,1,0,0,0,0,0,3,1,15,6,1005.0
0,1,0,1,0,0,0,0,0,4,1,15,6,980.6
0,1,0,1,0,0,0,0,0,1,2,15,6,1613.4
0,1,0,1,0,0,0,0,0,2,2,15,6,1134.0
0,1,0,1,0,0,0,0,0,3,2,15,6,1025.6
0,1,0,1,0,0,0,0,0,4,2,15,6,948.0
0,1,0,1,0,0,0,0,1,1,0,0,0,1644.2
0,1,0,1,0,0,0,0,1,2,0,0,0,1160.0
0,1,0,1,0,0,0,0,1,3,0,0,0,1014.6
0,1,0,1,0,0,0,0,1,4,0,0,0,970.6
0,1,0,1,0,0,0,0,1,1,1,0,0,1645.8
0,1,0,1,0,0,0,0,1,2,1,0,0,1151.0
0,1,0,1,0,0,0,0,1,3,1,0,0,997.4
0,1,0,1,0,0,0,0,1,4,1,0,0,930.8
0,1,0,1,0,0,0,0,1,1,2,0,0,1588.0
0,1,0,1,0,0,0,0,1,2,2,0,0,1183.0
0,1,0,1,0,0,0,0,1,3,2,0,0,983.8
0,1,0,1,0,0,0,0,1,4,2,0,0,938.8
0,1,0,1,0,0,0,0,1,1,0,5,0,1634.0
0,1,0,1,0,0,0,0,1,2,0,5,0,1150.4
0,1,0,1,0,0,0,0,1,3,0,5,0,1038.6
0,1,0,1,0,0,0,0,1,4,0,5,0,920.4
0,1,0,1,0,0,0,0,1,1,1,5,0,1660.4
0,1,0,1,0,0,0,0,1,2,1,5,0,1130.2
0,1,0,1,0,0,0,0,1,3,1,5,0,986.2
0,1,0,1,0,0,0,0,1,4,1,5,0,955.8
0,1,0,1,0,0,0,0,1,1,2,5,0,1689.6
0,1,0,1,0,0,0,0,1,2,2,5,0,1119.2
0,1,0,1,0,0,0,0,1,3,2,5,0,1013.0
0,1,0,1,0,0,0,0,1,4,2,5,0,905.6
0,1,0,1,0,0,0,0,1,1,0,15,0,1673.8
0,1,0,1,0,0,0,0,1,2,0,15,0,1140.4
0,1,0,1,0,0,0,0,1,3,0,15,0,1018.8
0,1,0,1,0,0,0,0,1,4,0,15,0,966.0
0,1,0,1,0,0,0,0,1,1,1,15,0,1625.6
0,1,0,1,0,0,0,0,1,2,1,15,0,1160.2
0,1,0,1,0,0,0,0,1,3,1,15,0,1011.2
0,1,0,1,0,0,0,0,1,4,1,15,0,934.8
0,1,0,1,0,0,0,0,1,1,2,15,0,1602.6
0,1,0,1,0,0,0,0,1,2,2,15,0,1145.6
0,1,0,1,0,0,0,0,1,3,2,15,0,1005.0
0,1,0,1,0,0,0,0,1,4,2,15,0,966.0
0,1,0,1,0,0,0,0,1,1,0,0,3,1614.8
0,1,0,1,0,0,0,0,1,2,0,0,3,1145.8
0,1,0,1,0,0,0,0,1,3,0,0,3,1024.8
0,1,0,1,0,0,0,0,1,4,0,0,3,963.2
0,1,0,1,0,0,0,0,1,1,1,0,3,1674.6
0,1,0,1,0,0,0,0,1,2,1,0,3,1112.0
0,1,0,1,0,0,0,0,1,3,1,0,3,980.0
0,1,0,1,0,0,0,0,1,4,1,0,3,940.8
0,1,0,1,0,0,0,0,1,1,2,0,3,1646.2
0,1,0,1,0,0,0,0,1,2,2,0,3,1143.8
0,1,0,1,0,0,0,0,1,3,2,0,3,987.2
0,1,0,1,0,0,0,0,1,4,2,0,3,968.0
0,1,0,1,0,0,0,0,1,1,0,5,3,1593.0
0,1,0,1,0,0,0,0,1,2,0,5,3,1131.6
0,1,0,1,0,0,0,0,1,3,0,5,3,1025.4
0,1,0,1,0,0,0,0,1,4,0,5,3,990.4
0,1,0,1,0,0,0,0,1,1,1,5,3,1633.8
0,1,0,1,0,0,0,0,1,2,1,5,3,1152.4
0,1,0,1,0,0,0,0,1,3,1,5,3,1004.2
0,1,0,1,0,0,0,0,1,4,1,5,3,918.4
0,1,0,1,0,0,0,0,1,1,2,5,3,1628.2
0,1,0,1,0,0,0,0,1,2,2,5,3,1160.2
0,1,0,1,0,0,0,0,1,3,2,5,3,1021.2
0,1,0,1,0,0,0,0,1,4,2,5,3,927.8
0,1,0,1,0,0,0,0,1,1,0,15,3,1613.6
0,1,0,1,0,0,0,0,1,2,0,15,3,1169.6
0,1,0,1,0,0,0,0,1,3,0,15,3,1038.8
0,1,0,1,0,0,0,0,1,4,0,15,3,912.6
0,1,0,1,0,0,0,0,1,1,1,15,3,1660.8
0,1,0,1,0,0,0,0,1,2,1,15,3,1118.0
0,1,0,1,0,0,0,0,1,3,1,15,3,1012.6
0,1,0,1,0,0,0,0,1,4,1,15,3,907.6
0,1,0,1,0,0,0,0,1,1,2,15,3,1630.4
0,1,0,1,0,0,0,0,1,2,2,15,3,1128.4
0,1,0,1,0,0,0,0,1,3,2,15,3,988.8
0,1,0,1,0,0,0,0,1,4,2,15,3,927.2
0,1,0,1,0,0,0,0,1,1,0,0,6,1625.4
0,1,0,1,0,0,0,0,1,2,0,0,6,1166.0
0,1,0,1,0,0,0,0,1,3,0,0,6,1026.0
0,1,0,1,0,0,0,0,1,4,0,0,6,968.6
0,1,0,1,0,0,0,0,1,1,1,0,6,1649.6
0,1,0,1,0,0,0,0,1,2,1,0,6,1081.4
0,1,0,1,0,0,0,0,1,3,1,0,6,990.6
0,1,0,1,0,0,0,0,1,4,1,0,6,950.8
0,1,0,1,0,0,0,0,1,1,2,0,6,1628.0
0,1,0,1,0,0,0,0,1,2,2,0,6,1125.0
0,1,0,1,0,0,0,0,1,3,2,0,6,987.0
0,1,0,1,0,0,0,0,1,4,2,0,6,944.4
0,1,0,1,0,0,0,0,1,1,0,5,6,1650.0
0,1,0,1,0,0,0,0,1,2,0,5,6,1087.4
0,1,0,1,0,0,0,0,1,3,0,5,6,970.4
0,1,0,1,0,0,0,0,1,4,0,5,6,935.0
0,1,0,1,0,0,0,0,1,1,1,5,6,1638.6
0,1,0,1,0,0,0,0,1,2,1,5,6,1167.0
0,1,0,1,0,0,0,0,1,3,1,5,6,1041.0
0,1,0,1,0,0,0,0,1,4,1,5,6,944.6
0,1,0,1,0,0,0,0,1,1,2,5,6,1607.6
0,1,0,1,0,0,0,0,1,2,2,5,6,1163.2
0,1,0,1,0,0,0,0,1,3,2,5,6,1025.4
0,1,0,1,0,0,0,0,1,4,2,5,6,957.0
0,1,0,1,0,0,0,0,1,1,0,15,6,1655.2
0,1,0,1,0,0,0,0,1,2,0,15,6,1130.0
0,1,0,1,0,0,0,0,1,3,0,15,6,1012.4
0,1,0,1,0,0,0,0,1,4,0,15,6,939.2
0,1,0,1,0,0,0,0,1,1,1,15,6,1656.0
0,1,0,1,0,0,0,0,1,2,1,15,6,1133.6
0,1,0,1,0,0,0,0,1,3,1,15,6,989.8
0,1,0,1,0,0,0,0,1,4,1,15,6,911.4
0,1,0,1,0,0,0,0,1,1,2,15,6,1621.4
0,1,0,1,0,0,0,0,1,2,2,15,6,1196.0
0,1,0,1,0,0,0,0,1,3,2,15,6,1006.0
0,1,0,1,0,0,0,0,1,4,2,15,6,925.8
0,1,0,1,0,1,0,0,0,1,0,0,0,1468.2
0,1,0,1,0,1,0,0,0,2,0,0,0,1008.8
0,1,0,1,0,1,0,0,0,3,0,0,0,923.4
0,1,0,1,0,1,0,0,0,4,0,0,0,820.0
0,1,0,1,0,1,0,0,0,1,1,0,0,1557.2
0,1,0,1,0,1,0,0,0,2,1,0,0,997.6
0,1,0,1,0,1,0,0,0,3,1,0,0,868.4
0,1,0,1,0,1,0,0,0,4,1,0,0,752.0
0,1,0,1,0,1,0,0,0,1,2,0,0,1441.6
0,1,0,1,0,1,0,0,0,2,2,0,0,1032.2
0,1,0,1,0,1,0,0,0,3,2,0,0,856.4
0,1,0,1,0,1,0,0,0,4,2,0,0,797.0
0,1,0,1,0,1,0,0,0,1,0,5,0,1490.4
0,1,0,1,0,1,0,0,0,2,0,5,0,1002.0
0,1,0,1,0,1,0,0,0,3,0,5,0,903.0
0,1,0,1,0,1,0,0,0,4,0,5,0,806.0
0,1,0,1,0,1,0,0,0,1,1,5,0,1568.8
0,1,0,1,0,1,0,0,0,2,1,5,0,983.4
0,1,0,1,0,1,0,0,0,3,1,5,0,850.2
0,1,0,1,0,1,0,0,0,4,1,5,0,799.4
0,1,0,1,0,1,0,0,0,1,2,5,0,1429.0
0,1,0,1,0,1,0,0,0,2,2,5,0,1022.0
0,1,0,1,0,1,0,0,0,3,2,5,0,875.6
0,1,0,1,0,1,0,0,0,4,2,5,0,787.4
0,1,0,1,0,1,0,0,0,1,0,15,0,1447.0
0,1,0,1,0,1,0,0,0,2,0,15,0,999.0
0,1,0,1,0,1,0,0,0,3,0,15,0,908.8
0,1,0,1,0,1,0,0,0,4,0,15,0,784.2
0,1,0,1,0,1,0,0,0,1,1,15,0,1529.8
0,1,0,1,0,1,0,0,0,2,1,15,0,987.0
0,1,0,1,0,1,0,0,0,3,1,15,0,807.6
0,1,0,1,0,1,0,0,0,4,1,15,0,836.6
0,1,0,1,0,1,0,0,0,1,2,15,0,1455.8
0,1,0,1,0,1,0,0,0,2,2,15,0,991.2
0,1,0,1,0,1,0,0,0,3,2,15,0,848.4
0,1,0,1,0,1,0,0,0,4,2,15,0,811.2
0,1,0,1,0,1,0,0,0,1,0,0,3,1463.4
0,1,0,1,0,1,0,0,0,2,0,0,3,1016.2
0,1,0,1,0,1,0,0,0,3,0,0,3,902.8
0,1,0,1,0,1,0,0,0,4,0,0,3,823.0
0,1,0,1,0,1,0,0,0,1,1,0,3,1531.4
0,1,0,1,0,1,0,0,0,2,1,0,3,1008.2
0,1,0,1,0,1,0,0,0,3,1,0,3,864.8
0,1,0,1,0,1,0,0,0,4,1,0,3,790.6
0,1,0,1,0,1,0,0,0,1,2,0,3,1434.8
0,1,0,1,0,1,0,0,0,2,2,0,3,1014.8
0,1,0,1,0,1,0,0,0,3,2,0,3,844.0
0,1,0,1,0,1,0,0,0,4,2,0,3,786.6
0,1,0,1,0,1,0,0,0,1,0,5,3,1409.8
0,1,0,1,0,1,0,0,0,2,0,5,3,989.8
0,1,0,1,0,1,0,0,0,3,0,5,3,920.2
0,1,0,1,0,1,0,0,0,4,0,5,3,805.8
0,1,0,1,0,1,0,0,0,1,1,5,3,1501.6
0,1,0,1,0,1,0,0,0,2,1,5,3,1030.4
0,1,0,1,0,1,0,0,0,3,1,5,3,849.6
0,1,0,1,0,1,0,0,0,4,1,5,3,750.6
0,1,0,1,0,1,0,0,0,1,2,5,3,1439.6
0,1,0,1,0,1,0,0,0,2,2,5,3,1021.0
0,1,0,1,0,1,0,0,0,3,2,5,3,858.2
0,1,0,1,0,1,0,0,0,4,2,5,3,813.2
0,1,0,1,0,1,0,0,0,1,0,15,3,1466.8
0,1,0,1,0,1,0,0,0,2,0,15,3,988.4
0,1,0,1,0,1,0,0,0,3,0,15,3,844.4
0,1,0,1,0,1,0,0,0,4,0,15,3,809.0
0,1,0,1,0,1,0,0,0,1,1,15,3,1474.4
0,1,0,1,0,1,0,0,0,2,1,15,3,980.6
0,1,0,1,0,1,0,0,0,3,1,15,3,868.8
0,1,0,1,0,1,0,0,0,4,1,15,3,792.4
0,1,0,1,0,1,0,0,0,1,2,15,3,1409.6
0,1,0,1,0,1,0,0,0,2,2,15,3,1035.0
0,1,0,1,0,1,0,0,0,3,2,15,3,872.0
0,1,0,1,0,1,0,0,0,4,2,15,3,813.2
0,1,0,1,0,1,0,0,0,1,0,0,6,1458.4
0,1,0,1,0,1,0,0,0,2,0,0,6,988.0
0,1,0,1,0,1,0,0,0,3,0,0,6,911.6
0,1,0,1,0,1,0,0,0,4,0,0,6,782.4
0,1,0,1,0,1,0,0,0,1,1,0,6,1495.0
0,1,0,1,0,1,0,0,0,2,1,0,6,985.4
0,1,0,1,0,1,0,0,0,3,1,0,6,856.2
0,1,0,1,0,1,0,0,0,4,1,0,6,790.4
0,1,0,1,0,1,0,0,0,1,2,0,6,1455.2
0,1,0,1,0,1,0,0,0,2,2,0,6,1008.4
0,1,0,1,0,1,0,0,0,3,2,0,6,872.8
0,1,0,1,0,1,0,0,0,4,2,0,6,841.4
0,1,0,1,0,1,0,0,0,1,0,5,6,1419.6
0,1,0,1,0,1,0,0,0,2,0,5,6,1010.8
0,1,0,1,0,1,0,0,0,3,0,5,6,892.8
0,1,0,1,0,1,0,0,0,4,0,5,6,841.2
0,1,0,1,0,1,0,0,0,1,1,5,6,1542.0
0,1,0,1,0,1,0,0,0,2,1,5,6,1017.6
0,1,0,1,0,1,0,0,0,3,1,5,6,837.6
0,1,0,1,0,1,0,0,0,4,1,5,6,822.4
0,1,0,1,0,1,0,0,0,1,2,5,6,1447.8
0,1,0,1,0,1,0,0,0,2,2,5,6,997.4
0,1,0,1,0,1,0,0,0,3,2,5,6,873.0
0,1,0,1,0,1,0,0,0,4,2,5,6,824.4
0,1,0,1,0,1,0,0,0,1,0,15,6,1482.0
0,1,0,1,0,1,0,0,0,2,0,15,6,986.6
0,1,0,1,0,1,0,0,0,3,0,15,6,908.8
0,1,0,1,0,1,0,0,0,4,0,15,6,805.8
0,1,0,1,0,1,0,0,0,1,1,15,6,1522.4
0,1,0,1,0,1,0,0,0,2,1,15,6,993.8
0,1,0,1,0,1,0,0,0,3,1,15,6,848.6
0,1,0,1,0,1,0,0,0,4,1,15,6,801.0
0,1,0,1,0,1,0,0,0,1,2,15,6,1436.6
0,1,0,1,0,1,0,0,0,2,2,15,6,1012.0
0,1,0,1,0,1,0,0,0,3,2,15,6,862.4
0,1,0,1,0,1,0,0,0,4,2,15,6,797.2
0,1,0,1,0,1,0,0,1,1,0,0,0,1437.2
0,1,0,1,0,1,0,0,1,2,0,0,0,1009.8
0,1,0,1,0,1,0,0,1,3,0,0,0,899.4
0,1,0,1,0,1,0,0,1,4,0,0,0,814.6
0,1,0,1,0,1,0,0,1,1,1,0,0,1504.8
0,1,0,1,0,1,0,0,1,2,1,0,0,987.6
0,1,0,1,0,1,0,0,1,3,1,0,0,872.2
0,1,0,1,0,1,0,0,1,4,1,0,0,760.0
0,1,0,1,0,1,0,0,1,1,2,0,0,1471.2
0,1,0,1,0,1,0,0,1,2,2,0,0,994.4
0,1,0,1,0,1,0,0,1,3,2,0,0,864.0
0,1,0,1,0,1,0,0,1,4,2,0,0,794.0
0,1,0,1,0,1,0,0,1,1,0,5,0,1456.8
0,1,0,1,0,1,0,0,1,2,0,5,0,967.2
0,1,0,1,0,1,0,0,1,3,0,5,0,931.8
0,1,0,1,0,1,0,0,1,4,0,5,0,790.6
0,1,0,1,0,1,0,0,1,1,1,5,0,1510.0
0,1,0,1,0,1,0,0,1,2,1,5,0,958.2
0,1,0,1,0,1,0,0,1,3,1,5,0,863.0
0,1,0,1,0,1,0,0,1,4,1,5,0,817.0
0,1,0,1,0,1,0,0,1,1,2,5,0,1477.0
0,1,0,1,0,1,0,0,1,2,2,5,0,1003.4
0,1,0,1,0,1,0,0,1,3,2,5,0,869.0
0,1,0,1,0,1,0,0,1,4,2,5,0,802.4
0,1,0,1,0,1,0,0,1,1,0,15,0,1481.2
0,1,0,1,0,1,0,0,1,2,0,15,0,1004.8
0,1,0,1,0,1,0,0,1,3,0,15,0,889.2
0,1,0,1,0,1,0,0,1,4,0,15,0,736.8
0,1,0,1,0,1,0,0,1,1,1,15,0,1500.4
0,1,0,1,0,1,0,0,1,2,1,15,0,1017.0
0,1,0,1,0,1,0,0,1,3,1,15,0,872.2
0,1,0,1,0,1,0,0,1,4,1,15,0,799.8
0,1,0,1,0,1,0,0,1,1,2,15,0,1453.6
0,1,0,1,0,1,0,0,1,2,2,15,0,1005.6
0,1,0,1,0,1,0,0,1,3,2,15,0,856.2
0,1,0,1,0,1,0,0,1,4,2,15,0,846.8
0,1,0,1,0,1,0,0,1,1,0,0,3,1453.6
0,1,0,1,0,1,0,0,1,2,0,0,3,1011.2
0,1,0,1,0,1,0,0,1,3,0,0,3,926.4
0,1,0,1,0,1,0,0,1,4,0,0,3,822.4
0,1,0,1,0,1,0,0,1,1,1,0,3,1533.6
0,1,0,1,0,1,0,0,1,2,1,0,3,1016.6
0,1,0,1,0,1,0,0,1,3,1,0,3,868.0
0,1,0,1,0,1,0,0,1,4,1,0,3,815.2
0,1,0,1,0,1,0,0,1,1,2,0,3,1444.4
0,1,0,1,0,1,0,0,1,2,2,0,3,1003.8
0,1,0,1,0,1,0,0,1,3,2,0,3,890.8
0,1,0,1,0,1,0,0,1,4,2,0,3,825.4
0,1,0,1,0,1,0,0,1,1,0,5,3,1462.0
0,1,0,1,0,1,0,0,1,2,0,5,3,1003.2
0,1,0,1,0,1,0,0,1,3,0,5,3,928.8
0,1,0,1,0,1,0,0,1,4,0,5,3,812.8
0,1,0,1,0,1,0,0,1,1,1,5,3,1521.8
0,1,0,1,0,1,0,0,1,2,1,5,3,1030.0
0,1,0,1,0,1,0,0,1,3,1,5,3,858.4
0,1,0,1,0,1,0,0,1,4,1,5,3,788.4
0,1,0,1,0,1,0,0,1,1,2,5,3,1460.4
0,1,0,1,0,1,0,0,1,2,2,5,3,1004.6
0,1,0,1,0,1,0,0,1,3,2,5,3,873.0
0,1,0,1,0,1,0,0,1,4,2,5,3,788.0
0,1,0,1,0,1,0,0,1,1,0,15,3,1419.2
0,1,0,1,0,1,0,0,1,2,0,15,3,979.2
0,1,0,1,0,1,0,0,1,3,0,15,3,909.4
0,1,0,1,0,1,0,0,1,4,0,15,3,824.8
0,1,0,1,0,1,0,0,1,1,1,15,3,1520.6
0,1,0,1,0,1,0,0,1,2,1,15,3,1012.8
0,1,0,1,0,1,0,0,1,3,1,15,3,829.6
0,1,0,1,0,1,0,0,1,4,1,15,3,823.2
0,1,0,1,0,1,0,0,1,1,2,15,3,1449.8
0,1,0,1,0,1,0,0,1,2,2,15,3,993.4
0,1,0,1,0,1,0,0,1,3,2,15,3,868.0
0,1,0,1,0,1,0,0,1,4,2,15,3,790.6
0,1,0,1,0,1,0,0,1,1,0,0,6,1499.8
0,1,0,1,0,1,0,0,1,2,0,0,6,996.4
0,1,0,1,0,1,0,0,1,3,0,0,6,905.2
0,1,0,1,0,1,0,0,1,4,0,0,6,812.8
0,1,0,1,0,1,0,0,1,1,1,0,6,1520.6
0,1,0,1,0,1,0,0,1,2,1,0,6,1003.6
0,1,0,1,0,1,0,0,1,3,1,0,6,849.6
0,1,0,1,0,1,0,0,1,4,1,0,6,807.2
0,1,0,1,0,1,0,0,1,1,2,0,6,1421.6
0,1,0,1,0,1,0,0,1,2,2,0,6,1032.0
0,1,0,1,0,1,0,0,1,3,2,0,6,891.0
0,1,0,1,0,1,0,0,1,4,2,0,6,828.8
0,1,0,1,0,1,0,0,1,1,0,5,6,1432.2
0,1,0,1,0,1,0,0,1,2,0,5,6,1003.0
0,1,0,1,0,1,0,0,1,3,0,5,6,912.0
0,1,0,1,0,1,0,0,1,4,0,5,6,783.0
0,1,0,1,0,1,0,0,1,1,1,5,6,1503.2
0,1,0,1,0,1,0,0,1,2,1,5,6,1004.8
0,1,0,1,0,1,0,0,1,3,1,5,6,865.4
0,1,0,1,0,1,0,0,1,4,1,5,6,837.0
0,1,0,1,0,1,0,0,1,1,2,5,6,1453.2
0,1,0,1,0,1,0,0,1,2,2,5,6,984.0
0,1,0,1,0,1,0,0,1,3,2,5,6,888.0
0,1,0,1,0,1,0,0,1,4,2,5,6,771.0
0,1,0,1,0,1,0,0,1,1,0,15,6,1470.4
0,1,0,1,0,1,0,0,1,2,0,15,6,994.0
0,1,0,1,0,1,0,0,1,3,0,15,6,868.4
0,1,0,1,0,1,0,0,1,4,0,15,6,803.0
0,1,0,1,0,1,0,0,1,1,1,15,6,1502.8
0,1,0,1,0,1,0,0,1,2,1,15,6,1005.8
0,1,0,1,0,1,0,0,1,3,1,15,6,867.2
0,1,0,1,0,1,0,0,1,4,1,15,6,810.2
0,1,0,1,0,1,0,0,1,1,2,15,6,1449.2
0,1,0,1,0,1,0,0,1,2,2,15,6,998.8
0,1,0,1,0,1,0,0,1,3,2,15,6,873.2
0,1,0,1,0,1,0,0,1,4,2,15,6,786.4
0,1,1,0,0,0,0,0,0,1,0,0,0,2213.2
0,1,1,0,0,0,0,0,0,2,0,0,0,1501.8
0,1,1,0,0,0,0,0,0,3,0,0,0,1367.8
0,1,1,0,0,0,0,0,0,4,0,0,0,1248.6
0,1,1,0,0,0,0,0,0,1,1,0,0,2112.2
0,1,1,0,0,0,0,0,0,2,1,0,0,1518.6
0,1,1,0,0,0,0,0,0,3,1,0,0,1389.2
0,1,1,0,0,0,0,0,0,4,1,0,0,1352.0
0,1,1,0,0,0,0,0,0,1,2,0,0,2169.0
0,1,1,0,0,0,0,0,0,2,2,0,0,1514.6
0,1,1,0,0,0,0,0,0,3,2,0,0,1344.0
0,1,1,0,0,0,0,0,0,4,2,0,0,1311.6
0,1,1,0,0,0,0,0,0,1,0,5,0,2168.6
0,1,1,0,0,0,0,0,0,2,0,5,0,1521.8
0,1,1,0,0,0,0,0,0,3,0,5,0,1359.8
0,1,1,0,0,0,0,0,0,4,0,5,0,1258.8
0,1,1,0,0,0,0,0,0,1,1,5,0,2119.8
0,1,1,0,0,0,0,0,0,2,1,5,0,1518.2
0,1,1,0,0,0,0,0,0,3,1,5,0,1368.0
0,1,1,0,0,0,0,0,0,4,1,5,0,1313.2
0,1,1,0,0,0,0,0,0,1,2,5,0,2152.4
0,1,1,0,0,0,0,0,0,2,2,5,0,1537.6
0,1,1,0,0,0,0,0,0,3,2,5,0,1355.8
0,1,1,0,0,0,0,0,0,4,2,5,0,1311.6
0,1,1,0,0,0,0,0,0,1,0,15,0,2168.2
0,1,1,0,0,0,0,0,0,2,0,15,0,1513.8
0,1,1,0,0,0,0,0,0,3,0,15,0,1355.6
0,1,1,0,0,0,0,0,0,4,0,15,0,1299.8
0,1,1,0,0,0,0,0,0,1,1,15,0,2159.0
0,1,1,0,0,0,0,0,0,2,1,15,0,1505.0
0,1,1,0,0,0,0,0,0,3,1,15,0,1357.8
0,1,1,0,0,0,0,0,0,4,1,15,0,1316.6
0,1,1,0,0,0,0,0,0,1,2,15,0,2205.6
0,1,1,0,0,0,0,0,0,2,2,15,0,1450.8
0,1,1,0,0,0,0,0,0,3,2,15,0,1332.4
0,1,1,0,0,0,0,0,0,4,2,15,0,1335.0
0,1,1,0,0,0,0,0,0,1,0,0,3,2132.2
0,1,1,0,0,0,0,0,0,2,0,0,3,1496.8
0,1,1,0,0,0,0,0,0,3,0,0,3,1378.6
0,1,1,0,0,0,0,0,0,4,0,0,3,1308.0
0,1,1,0,0,0,0,0,0,1,1,0,3,2122.0
0,1,1,0,0,0,0,0,0,2,1,0,3,1554.4
0,1,1,0,0,0,0,0,0,3,1,0,3,1387.0
0,1,1,0,0,0,0,0,0,4,1,0,3,1344.0
0,1,1,0,0,0,0,0,0,1,2,0,3,2153.8
0,1,1,0,0,0,0,0,0,2,2,0,3,1525.0
0,1,1,0,0,0,0,0,0,3,2,0,3,1359.4
0,1,1,0,0,0,0,0,0,4,2,0,3,1304.6
0,1,1,0,0,0,0,0,0,1,0,5,3,2217.0
0,1,1,0,0,0,0,0,0,2,0,5,3,1483.4
0,1,1,0,0,0,0,0,0,3,0,5,3,1354.0
0,1,1,0,0,0,0,0,0,4,0,5,3,1256.4
0,1,1,0,0,0,0,0,0,1,1,5,3,2161.4
0,1,1,0,0,0,0,0,0,2,1,5,3,1517.4
0,1,1,0,0,0,0,0,0,3,1,5,3,1344.0
0,1,1,0,0,0,0,0,0,4,1,5,3,1325.8
0,1,1,0,0,0,0,0,0,1,2,5,3,2145.4
0,1,1,0,0,0,0,0,0,2,2,5,3,1543.8
0,1,1,0,0,0,0,0,0,3,2,5,3,1327.6
0,1,1,0,0,0,0,0,0,4,2,5,3,1263.6
0,1,1,0,0,0,0,0,0,1,0,15,3,2171.6
0,1,1,0,0,0,0,0,0,2,0,15,3,1535.8
0,1,1,0,0,0,0,0,0,3,0,15,3,1371.4
0,1,1,0,0,0,0,0,0,4,0,15,3,1259.8
0,1,1,0,0,0,0,0,0,1,1,15,3,2080.4
0,1,1,0,0,0,0,0,0,2,1,15,3,1506.4
0,1,1,0,0,0,0,0,0,3,1,15,3,1356.6
0,1,1,0,0,0,0,0,0,4,1,15,3,1340.6
0,1,1,0,0,0,0,0,0,1,2,15,3,2124.2
0,1,1,0,0,0,0,0,0,2,2,15,3,1540.0
0,1,1,0,0,0,0,0,0,3,2,15,3,1351.2
0,1,1,0,0,0,0,0,0,4,2,15,3,1321.8
0,1,1,0,0,0,0,0,0,1,0,0,6,2146.2
0,1,1,0,0,0,0,0,0,2,0,0,6,1492.8
0,1,1,0,0,0,0,0,0,3,0,0,6,1299.4
0,1,1,0,0,0,0,0,0,4,0,0,6,1258.2
0,1,1,0,0,0,0,0,0,1,1,0,6,2149.6
0,1,1,0,0,0,0,0,0,2,1,0,6,1538.4
0,1,1,0,0,0,0,0,0,3,1,0,6,1337.4
0,1,1,0,0,0,0,0,0,4,1,0,6,1313.8
0,1,1,0,0,0,0,0,0,1,2,0,6,2213.0
0,1,1,0,0,0,0,0,0,2,2,0,6,1485.8
0,1,1,0,0,0,0,0,0,3,2,0,6,1357.6
0,1,1,0,0,0,0,0,0,4,2,0,6,1307.2
0,1,1,0,0,0,0,0,0,1,0,5,6,2204.8
0,1,1,0,0,0,0,0,0,2,0,5,6,1512.8
0,1,1,0,0,0,0,0,0,3,0,5,6,1354.6
0,1,1,0,0,0,0,0,0,4,0,5,6,1284.8
0,1,1,0,0,0,0,0,0,1,1,5,6,2125.4
0,1,1,0,0,0,0,0,0,2,1,5,6,1532.0
0,1,1,0,0,0,0,0,0,3,1,5,6,1346.0
0,1,1,0,0,0,0,0,0,4,1,5,6,1344.8
0,1,1,0,0,0,0,0,0,1,2,5,6,2121.4
0,1,1,0,0,0,0,0,0,2,2,5,6,1514.4
0,1,1,0,0,0,0,0,0,3,2,5,6,1377.4
0,1,1,0,0,0,0,0,0,4,2,5,6,1335.2
0,1,1,0,0,0,0,0,0,1,0,15,6,2159.8
0,1,1,0,0,0,0,0,0,2,0,15,6,1509.2
0,1,1,0,0,0,0,0,0,3,0,15,6,1405.2
0,1,1,0,0,0,0,0,0,4,0,15,6,1267.6
0,1,1,0,0,0,0,0,0,1,1,15,6,2140.0
0,1,1,0,0,0,0,0,0,2,1,15,6,1509.4
0,1,1,0,0,0,0,0,0,3,1,15,6,1300.4
0,1,1,0,0,0,0,0,0,4,1,15,6,1356.0
0,1,1,0,0,0,0,0,0,1,2,15,6,2161.4
0,1,1,0,0,0,0,0,0,2,2,15,6,1524.4
0,1,1,0,0,0,0,0,0,3,2,15,6,1348.6
0,1,1,0,0,0,0,0,0,4,2,15,6,1324.6
0,1,1,0,0,0,0,0,1,1,0,0,0,2194.2
0,1,1,0,0,0,0,0,1,2,0,0,0,1542.2
0,1,1,0,0,0,0,0,1,3,0,0,0,1334.4
0,1,1,0,0,0,0,0,1,4,0,0,0,1271.4
0,1,1,0,0,0,0,0,1,1,1,0,0,2160.2
0,1,1,0,0,0,0,0,1,2,1,0,0,1484.2
0,1,1,0,0,0,0,0,1,3,1,0,0,1350.0
0,1,1,0,0,0,0,0,1,4,1,0,0,1309.2
0,1,1,0,0,0,0,0,1,1,2,0,0,2159.8
0,1,1,0,0,0,0,0,1,2,2,0,0,1510.8
0,1,1,0,0,0,0,0,1,3,2,0,0,1355.6
0,1,1,0,0,0,0,0,1,4,2,0,0,1337.0
0,1,1,0,0,0,0,0,1,1,0,5,0,2187.0
0,1,1,0,0,0,0,0,1,2,0,5,0,1522.0
0,1,1,0,0,0,0,0,1,3,0,5,0,1362.4
0,1,1,0,0,0,0,0,1,4,0,5,0,1274.4
0,1,1,0,0,0,0,0,1,1,1,5,0,2125.6
0,1,1,0,0,0,0,0,1,2,1,5,0,1509.2
0,1,1,0,0,0,0,0,1,3,1,5,0,1399.4
0,1,1,0,0,0,0,0,1,4,1,5,0,1348.4
0,1,1,0,0,0,0,0,1,1,2,5,0,2134.0
0,1,1,0,0,0,0,0,1,2,2,5,0,1494.0
0,1,1,0,0,0,0,0,1,3,2,5,0,1385.4
0,1,1,0,0,0,0,0,1,4,2,5,0,1307.2
0,1,1,0,0,0,0,0,1,1,0,15,0,2163.8
0,1,1,0,0,0,0,0,1,2,0,15,0,1519.4
0,1,1,0,0,0,0,0,1,3,0,15,0,1284.0
0,1,1,0,0,0,0,0,1,4,0,15,0,1338.0
0,1,1,0,0,0,0,0,1,1,1,15,0,2142.6
0,1,1,0,0,0,0,0,1,2,1,15,0,1504.8
0,1,1,0,0,0,0,0,1,3,1,15,0,1393.2
0,1,1,0,0,0,0,0,1,4,1,15,0,1322.8
0,1,1,0,0,0,0,0,1,1,2,15,0,2156.8
0,1,1,0,0,0,0,0,1,2,2,15,0,1521.6
0,1,1,0,0,0,0,0,1,3,2,15,0,1372.8
0,1,1,0,0,0,0,0,1,4,2,15,0,1354.8
0,1,1,0,0,0,0,0,1,1,0,0,3,2139.0
0,1,1,0,0,0,0,0,1,2,0,0,3,1516.8
0,1,1,0,0,0,0,0,1,3,0,0,3,1386.4
0,1,1,0,0,0,0,0,1,4,0,0,3,1296.4
0,1,1,0,0,0,0,0,1,1,1,0,3,2149.0
0,1,1,0,0,0,0,0,1,2,1,0,3,1503.6
0,1,1,0,0,0,0,0,1,3,1,0,3,1362.0
0,1,1,0,0,0,0,0,1,4,1,0,3,1329.4
0,1,1,0,0,0,0,0,1,1,2,0,3,2155.2
0,1,1,0,0,0,0,0,1,2,2,0,3,1509.6
0,1,1,0,0,0,0,0,1,3,2,0,3,1348.6
0,1,1,0,0,0,0,0,1,4,2,0,3,1312.4
0,1,1,0,0,0,0,0,1,1,0,5,3,2209.0
0,1,1,0,0,0,0,0,1,2,0,5,3,1548.6
0,1,1,0,0,0,0,0,1,3,0,5,3,1353.8
0,1,1,0,0,0,0,0,1,4,0,5,3,1214.8
0,1,1,0,0,0,0,0,1,1,1,5,3,2191.4
0,1,1,0,0,0,0,0,1,2,1,5,3,1513.0
0,1,1,0,0,0,0,0,1,3,1,5,3,1342.0
0,1,1,0,0,0,0,0,1,4,1,5,3,1292.4
0,1,1,0,0,0,0,0,1,1,2,5,3,2147.0
0,1,1,0,0,0,0,0,1,2,2,5,3,1543.0
0,1,1,0,0,0,0,0,1,3,2,5,3,1357.2
0,1,1,0,0,0,0,0,1,4,2,5,3,1341.8
0,1,1,0,0,0,0,0,1,1,0,15,3,2109.6
0,1,1,0,0,0,0,0,1,2,0,15,3,1491.2
0,1,1,0,0,0,0,0,1,3,0,15,3,1355.2
0,1,1,0,0,0,0,0,1,4,0,15,3,1289.4
0,1,1,0,0,0,0,0,1,1,1,15,3,2146.4
0,1,1,0,0,0,0,0,1,2,1,15,3,1500.0
0,1,1,0,0,0,0,0,1,3,1,15,3,1377.6
0,1,1,0,0,0,0,0,1,4,1,15,3,1296.6
0,1,1,0,0,0,0,0,1,1,2,15,3,2104.4
0,1,1,0,0,0,0,0,1,2,2,15,3,1551.8
0,1,1,0,0,0,0,0,1,3,2,15,3,1343.4
0,1,1,0,0,0,0,0,1,4,2,15,3,1293.8
0,1,1,0,0,0,0,0,1,1,0,0,6,2216.2
0,1,1,0,0,0,0,0,1,2,0,0,6,1513.2
0,1,1,0,0,0,0,0,1,3,0,0,6,1368.8
0,1,1,0,0,0,0,0,1,4,0,0,6,1235.4
0,1,1,0,0,0,0,0,1,1,1,0,6,2079.0
0,1,1,0,0,0,0,0,1,2,1,0,6,1592.6
0,1,1,0,0,0,0,0,1,3,1,0,6,1389.2
0,1,1,0,0,0,0,0,1,4,1,0,6,1247.6
0,1,1,0,0,0,0,0,1,1,2,0,6,2196.4
0,1,1,0,0,0,0,0,1,2,2,0,6,1520.8
0,1,1,0,0,0,0,0,1,3,2,0,6,1346.0
0,1,1,0,0,0,0,0,1,4,2,0,6,1286.2
0,1,1,0,0,0,0,0,1,1,0,5,6,2181.8
0,1,1,0,0,0,0,0,1,2,0,5,6,1504.8
0,1,1,0,0,0,0,0,1,3,0,5,6,1325.8
0,1,1,0,0,0,0,0,1,4,0,5,6,1317.8
0,1,1,0,0,0,0,0,1,1,1,5,6,2110.0
0,1,1,0,0,0,0,0,1,2,1,5,6,1539.2
0,1,1,0,0,0,0,0,1,3,1,5,6,1344.2
0,1,1,0,0,0,0,0,1,4,1,5,6,1342.8
0,1,1,0,0,0,0,0,1,1,2,5,6,2175.0
0,1,1,0,0,0,0,0,1,2,2,5,6,1497.6
0,1,1,0,0,0,0,0,1,3,2,5,6,1336.8
0,1,1,0,0,0,0,0,1,4,2,5,6,1336.8
0,1,1,0,0,0,0,0,1,1,0,15,6,2164.0
0,1,1,0,0,0,0,0,1,2,0,15,6,1521.6
0,1,1,0,0,0,0,0,1,3,0,15,6,1357.8
0,1,1,0,0,0,0,0,1,4,0,15,6,1317.4
0,1,1,0,0,0,0,0,1,1,1,15,6,2126.8
0,1,1,0,0,0,0,0,1,2,1,15,6,1504.2
0,1,1,0,0,0,0,0,1,3,1,15,6,1374.2
0,1,1,0,0,0,0,0,1,4,1,15,6,1341.4
0,1,1,0,0,0,0,0,1,1,2,15,6,2151.2
0,1,1,0,0,0,0,0,1,2,2,15,6,1529.2
0,1,1,0,0,0,0,0,1,3,2,15,6,1351.8
0,1,1,0,0,0,0,0,1,4,2,15,6,1283.4
0,1,1,0,0,1,0,0,0,1,0,0,0,1900.2
0,1,1,0,0,1,0,0,0,2,0,0,0,1300.4
0,1,1,0,0,1,0,0,0,3,0,0,0,1149.0
0,1,1,0,0,1,0,0,0,4,0,0,0,1092.0
0,1,1,0,0,1,0,0,0,1,1,0,0,1945.0
0,1,1,0,0,1,0,0,0,2,1,0,0,1278.6
0,1,1,0,0,1,0,0,0,3,1,0,0,1194.8
0,1,1,0,0,1,0,0,0,4,1,0,0,1036.0
0,1,1,0,0,1,0,0,0,1,2,0,0,1965.4
0,1,1,0,0,1,0,0,0,2,2,0,0,1338.4
0,1,1,0,0,1,0,0,0,3,2,0,0,1181.2
0,1,1,0,0,1,0,0,0,4,2,0,0,1124.6
0,1,1,0,0,1,0,0,0,1,0,5,0,1927.6
0,1,1,0,0,1,0,0,0,2,0,5,0,1310.8
0,1,1,0,0,1,0,0,0,3,0,5,0,1126.0
0,1,1,0,0,1,0,0,0,4,0,5,0,1106.0
0,1,1,0,0,1,0,0,0,1,1,5,0,1956.4
0,1,1,0,0,1,0,0,0,2,1,5,0,1307.2
0,1,1,0,0,1,0,0,0,3,1,5,0,1152.8
0,1,1,0,0,1,0,0,0,4,1,5,0,1012.2
0,1,1,0,0,1,0,0,0,1,2,5,0,1969.6
0,1,1,0,0,1,0,0,0,2,2,5,0,1286.8
0,1,1,0,0,1,0,0,0,3,2,5,0,1171.6
0,1,1,0,0,1,0,0,0,4,2,5,0,1093.2
0,1,1,0,0,1,0,0,0,1,0,15,0,1934.2
0,1,1,0,0,1,0,0,0,2,0,15,0,1297.6
0,1,1,0,0,1,0,0,0,3,0,15,0,1159.2
0,1,1,0,0,1,0,0,0,4,0,15,0,1060.4
0,1,1,0,0,1,0,0,0,1,1,15,0,1943.6
0,1,1,0,0,1,0,0,0,2,1,15,0,1277.0
0,1,1,0,0,1,0,0,0,3,1,15,0,1223.4
0,1,1,0,0,1,0,0,0,4,1,15,0,1046.6
0,1,1,0,0,1,0,0,0,1,2,15,0,1983.2
0,1,1,0,0,1,0,0,0,2,2,15,0,1315.2
0,1,1,0,0,1,0,0,0,3,2,15,0,1096.0
0,1,1,0,0,1,0,0,0,4,2,15,0,1079.2
0,1,1,0,0,1,0,0,0,1,0,0,3,1961.0
0,1,1,0,0,1,0,0,0,2,0,0,3,1317.0
0,1,1,0,0,1,0,0,0,3,0,0,3,1160.0
0,1,1,0,0,1,0,0,0,4,0,0,3,1097.4
0,1,1,0,0,1,0,0,0,1,1,0,3,1905.4
0,1,1,0,0,1,0,0,0,2,1,0,3,1315.4
0,1,1,0,0,1,0,0,0,3,1,0,3,1205.4
0,1,1,0,0,1,0,0,0,4,1,0,3,1039.0
0,1,1,0,0,1,0,0,0,1,2,0,3,1986.8
0,1,1,0,0,1,0,0,0,2,2,0,3,1311.8
0,1,1,0,0,1,0,0,0,3,2,0,3,1164.0
0,1,1,0,0,1,0,0,0,4,2,0,3,1090.0
0,1,1,0,0,1,0,0,0,1,0,5,3,1949.4
0,1,1,0,0,1,0,0,0,2,0,5,3,1317.6
0,1,1,0,0,1,0,0,0,3,0,5,3,1155.2
0,1,1,0,0,1,0,0,0,4,0,5,3,1078.2
0,1,1,0,0,1,0,0,0,1,1,5,3,1963.2
0,1,1,0,0,1,0,0,0,2,1,5,3,1280.6
0,1,1,0,0,1,0,0,0,3,1,5,3,1187.0
0,1,1,0,0,1,0,0,0,4,1,5,3,1041.2
0,1,1,0,0,1,0,0,0,1,2,5,3,2006.6
0,1,1,0,0,1,0,0,0,2,2,5,3,1333.4
0,1,1,0,0,1,0,0,0,3,2,5,3,1141.0
0,1,1,0,0,1,0,0,0,4,2,5,3,1090.8
0,1,1,0,0,1,0,0,0,1,0,15,3,1927.8
0,1,1,0,0,1,0,0,0,2,0,15,3,1311.4
0,1,1,0,0,1,0,0,0,3,0,15,3,1168.6
0,1,1,0,0,1,0,0,0,4,0,15,3,1115.0
0,1,1,0,0,1,0,0,0,1,1,15,3,1904.8
0,1,1,0,0,1,0,0,0,2,1,15,3,1309.2
0,1,1,0,0,1,0,0,0,3,1,15,3,1199.6
0,1,1,0,0,1,0,0,0,4,1,15,3,1043.8
0,1,1,0,0,1,0,0,0,1,2,15,3,2015.2
0,1,1,0,0,1,0,0,0,2,2,15,3,1325.0
0,1,1,0,0,1,0,0,0,3,2,15,3,1120.8
0,1,1,0,0,1,0,0,0,4,2,15,3,1094.2
0,1,1,0,0,1,0,0,0,1,0,0,6,1902.2
0,1,1,0,0,1,0,0,0,2,0,0,6,1321.8
0,1,1,0,0,1,0,0,0,3,0,0,6,1186.0
0,1,1,0,0,1,0,0,0,4,0,0,6,1086.6
0,1,1,0,0,1,0,0,0,1,1,0,6,1956.6
0,1,1,0,0,1,0,0,0,2,1,0,6,1253.6
0,1,1,0,0,1,0,0,0,3,1,0,6,1162.8
0,1,1,0,0,1,0,0,0,4,1,0,6,1065.2
0,1,1,0,0,1,0,0,0,1,2,0,6,1967.8
0,1,1,0,0,1,0,0,0,2,2,0,6,1354.6
0,1,1,0,0,1,0,0,0,3,2,0,6,1135.8
0,1,1,0,0,1,0,0,0,4,2,0,6,1024.0
0,1,1,0,0,1,0,0,0,1,0,5,6,1915.8
0,1,1,0,0,1,0,0,0,2,0,5,6,1314.8
0,1,1,0,0,1,0,0,0,3,0,5,6,1170.8
0,1,1,0,0,1,0,0,0,4,0,5,6,1075.6
0,1,1,0,0,1,0,0,0,1,1,5,6,1963.0
0,1,1,0,0,1,0,0,0,2,1,5,6,1301.4
0,1,1,0,0,1,0,0,0,3,1,5,6,1190.8
0,1,1,0,0,1,0,0,0,4,1,5,6,1051.0
0,1,1,0,0,1,0,0,0,1,2,5,6,1990.2
0,1,1,0,0,1,0,0,0,2,2,5,6,1307.0
0,1,1,0,0,1,0,0,0,3,2,5,6,1164.2
0,1,1,0,0,1,0,0,0,4,2,5,6,1106.0
0,1,1,0,0,1,0,0,0,1,0,15,6,1873.8
0,1,1,0,0,1,0,0,0,2,0,15,6,1321.0
0,1,1,0,0,1,0,0,0,3,0,15,6,1184.8
0,1,1,0,0,1,0,0,0,4,0,15,6,1117.4
0,1,1,0,0,1,0,0,0,1,1,15,6,1909.6
0,1,1,0,0,1,0,0,0,2,1,15,6,1281.0
0,1,1,0,0,1,0,0,0,3,1,15,6,1234.2
0,1,1,0,0,1,0,0,0,4,1,15,6,1039.6
0,1,1,0,0,1,0,0,0,1,2,15,6,2000.0
0,1,1,0,0,1,0,0,0,2,2,15,6,1316.2
0,1,1,0,0,1,0,0,0,3,2,15,6,1157.4
0,1,1,0,0,1,0,0,0,4,2,15,6,1071.4
0,1,1,0,0,1,0,0,1,1,0,0,0,1943.4
0,1,1,0,0,1,0,0,1,2,0,0,0,1306.6
0,1,1,0,0,1,0,0,1,3,0,0,0,1177.2
0,1,1,0,0,1,0,0,1,4,0,0,0,1029.8
0,1,1,0,0,1,0,0,1,1,1,0,0,1944.6
0,1,1,0,0,1,0,0,1,2,1,0,0,1267.0
0,1,1,0,0,1,0,0,1,3,1,0,0,1125.4
0,1,1,0,0,1,0,0,1,4,1,0,0,1074.4
0,1,1,0,0,1,0,0,1,1,2,0,0,1953.2
0,1,1,0,0,1,0,0,1,2,2,0,0,1334.0
0,1,1,0,0,1,0,0,1,3,2,0,0,1172.0
0,1,1,0,0,1,0,0,1,4,2,0,0,1106.2
0,1,1,0,0,1,0,0,1,1,0,5,0,1904.2
0,1,1,0,0,1,0,0,1,2,0,5,0,1314.2
0,1,1,0,0,1,0,0,1,3,0,5,0,1212.6
0,1,1,0,0,1,0,0,1,4,0,5,0,1100.6
0,1,1,0,0,1,0,0,1,1,1,5,0,1949.2
0,1,1,0,0,1,0,0,1,2,1,5,0,1275.0
0,1,1,0,0,1,0,0,1,3,1,5,0,1199.2
0,1,1,0,0,1,0,0,1,4,1,5,0,1044.4
0,1,1,0,0,1,0,0,1,1,2,5,0,1958.8
0,1,1,0,0,1,0,0,1,2,2,5,0,1326.4
0,1,1,0,0,1,0,0,1,3,2,5,0,1168.8
0,1,1,0,0,1,0,0,1,4,2,5,0,1089.8
0,1,1,0,0,1,0,0,1,1,0,15,0,1896.8
0,1,1,0,0,1,0,0,1,2,0,15,0,1315.2
0,1,1,0,0,1,0,0,1,3,0,15,0,1199.0
0,1,1,0,0,1,0,0,1,4,0,15,0,1100.8
0,1,1,0,0,1,0,0,1,1,1,15,0,1921.6
0,1,1,0,0,1,0,0,1,2,1,15,0,1248.8
0,1,1,0,0,1,0,0,1,3,1,15,0,1189.4
0,1,1,0,0,1,0,0,1,4,1,15,0,1061.8
0,1,1,0,0,1,0,0,1,1,2,15,0,1972.0
0,1,1,0,0,1,0,0,1,2,2,15,0,1365.4
0,1,1,0,0,1,0,0,1,3,2,15,0,1106.8
0,1,1,0,0,1,0,0,1,4,2,15,0,1060.8
0,1,1,0,0,1,0,0,1,1,0,0,3,1902.4
0,1,1,0,0,1,0,0,1,2,0,0,3,1326.6
0,1,1,0,0,1,0,0,1,3,0,0,3,1155.2
0,1,1,0,0,1,0,0,1,4,0,0,3,1116.0
0,1,1,0,0,1,0,0,1,1,1,0,3,1970.8
0,1,1,0,0,1,0,0,1,2,1,0,3,1297.0
0,1,1,0,0,1,0,0,1,3,1,0,3,1198.8
0,1,1,0,0,1,0,0,1,4,1,0,3,1046.6
0,1,1,0,0,1,0,0,1,1,2,0,3,1964.0
0,1,1,0,0,1,0,0,1,2,2,0,3,1354.0
0,1,1,0,0,1,0,0,1,3,2,0,3,1130.0
0,1,1,0,0,1,0,0,1,4,2,0,3,1099.4
0,1,1,0,0,1,0,0,1,1,0,5,3,1905.2
0,1,1,0,0,1,0,0,1,2,0,5,3,1302.6
0,1,1,0,0,1,0,0,1,3,0,5,3,1157.6
0,1,1,0,0,1,0,0,1,4,0,5,3,1063.4
0,1,1,0,0,1,0,0,1,1,1,5,3,1956.0
0,1,1,0,0,1,0,0,1,2,1,5,3,1296.0
0,1,1,0,0,1,0,0,1,3,1,5,3,1205.6
0,1,1,0,0,1,0,0,1,4,1,5,3,997.6
0,1,1,0,0,1,0,0,1,1,2,5,3,1987.6
0,1,1,0,0,1,0,0,1,2,2,5,3,1338.6
0,1,1,0,0,1,0,0,1,3,2,5,3,1148.0
0,1,1,0,0,1,0,0,1,4,2,5,3,1094.6
0,1,1,0,0,1,0,0,1,1,0,15,3,1901.6
0,1,1,0,0,1,0,0,1,2,0,15,3,1329.4
0,1,1,0,0,1,0,0,1,3,0,15,3,1168.4
0,1,1,0,0,1,0,0,1,4,0,15,3,1090.2
0,1,1,0,0,1,0,0,1,1,1,15,3,1937.8
0,1,1,0,0,1,0,0,1,2,1,15,3,1316.0
0,1,1,0,0,1,0,0,1,3,1,15,3,1186.0
0,1,1,0,0,1,0,0,1,4,1,15,3,1044.4
0,1,1,0,0,1,0,0,1,1,2,15,3,1996.6
0,1,1,0,0,1,0,0,1,2,2,15,3,1313.0
0,1,1,0,0,1,0,0,1,3,2,15,3,1097.4
0,1,1,0,0,1,0,0,1,4,2,15,3,1119.2
0,1,1,0,0,1,0,0,1,1,0,0,6,1863.2
0,1,1,0,0,1,0,0,1,2,0,0,6,1279.2
0,1,1,0,0,1,0,0,1,3,0,0,6,1176.4
0,1,1,0,0,1,0,0,1,4,0,0,6,1097.2
0,1,1,0,0,1,0,0,1,1,1,0,6,1904.2
0,1,1,0,0,1,0,0,1,2,1,0,6,1286.2
0,1,1,0,0,1,0,0,1,3,1,0,6,1204.8
0,1,1,0,0,1,0,0,1,4,1,0,6,1075.6
0,1,1,0,0,1,0,0,1,1,2,0,6,1948.4
0,1,1,0,0,1,0,0,1,2,2,0,6,1266.0
0,1,1,0,0,1,0,0,1,3,2,0,6,1136.4
0,1,1,0,0,1,0,0,1,4,2,0,6,1081.6
0,1,1,0,0,1,0,0,1,1,0,5,6,1993.2
0,1,1,0,0,1,0,0,1,2,0,5,6,1283.0
0,1,1,0,0,1,0,0,1,3,0,5,6,1153.2
0,1,1,0,0,1,0,0,1,4,0,5,6,1086.0
0,1,1,0,0,1,0,0,1,1,1,5,6,1860.2
0,1,1,0,0,1,0,0,1,2,1,5,6,1291.8
0,1,1,0,0,1,0,0,1,3,1,5,6,1207.2
0,1,1,0,0,1,0,0,1,4,1,5,6,1020.2
0,1,1,0,0,1,0,0,1,1,2,5,6,1990.4
0,1,1,0,0,1,0,0,1,2,2,5,6,1337.8
0,1,1,0,0,1,0,0,1,3,2,5,6,1136.4
0,1,1,0,0,1,0,0,1,4,2,5,6,1101.2
0,1,1,0,0,1,0,0,1,1,0,15,6,1921.8
0,1,1,0,0,1,0,0,1,2,0,15,6,1333.0
0,1,1,0,0,1,0,0,1,3,0,15,6,1119.4
0,1,1,0,0,1,0,0,1,4,0,15,6,1087.0
0,1,1,0,0,1,0,0,1,1,1,15,6,1921.2
0,1,1,0,0,1,0,0,1,2,1,15,6,1292.6
0,1,1,0,0,1,0,0,1,3,1,15,6,1193.4
0,1,1,0,0,1,0,0,1,4,1,15,6,1044.4
0,1,1,0,0,1,0,0,1,1,2,15,6,1997.6
0,1,1,0,0,1,0,0,1,2,2,15,6,1305.6
0,1,1,0,0,1,0,0,1,3,2,15,6,1166.2
0,1,1,0,0,1,0,0,1,4,2,15,6,1109.6
1,1,0,0,1,0,0,1,0,1,0,0,0,343.2
1,1,0,0,1,0,0,1,0,2,0,0,0,303.8
1,1,0,0,1,0,0,1,0,3,0,0,0,289.2
1,1,0,0,1,0,0,1,0,4,0,0,0,235.2
1,1,0,0,1,0,0,1,0,1,1,0,0,337.2
1,1,0,0,1,0,0,1,0,2,1,0,0,321.0
1,1,0,0,1,0,0,1,0,3,1,0,0,255.2
1,1,0,0,1,0,0,1,0,4,1,0,0,267.4
1,1,0,0,1,0,0,1,0,1,2,0,0,358.4
1,1,0,0,1,0,0,1,0,2,2,0,0,300.2
1,1,0,0,1,0,0,1,0,3,2,0,0,298.8
1,1,0,0,1,0,0,1,0,4,2,0,0,268.0
1,1,0,0,1,0,0,1,1,1,0,0,0,363.2
1,1,0,0,1,0,0,1,1,2,0,0,0,264.8
1,1,0,0,1,0,0,1,1,3,0,0,0,272.0
1,1,0,0,1,0,0,1,1,4,0,0,0,231.8
1,1,0,0,1,0,0,1,1,1,1,0,0,352.0
1,1,0,0,1,0,0,1,1,2,1,0,0,305.4
1,1,0,0,1,0,0,1,1,3,1,0,0,275.2
1,1,0,0,1,0,0,1,1,4,1,0,0,247.0
1,1,0,0,1,0,0,1,1,1,2,0,0,322.8
1,1,0,0,1,0,0,1,1,2,2,0,0,279.0
1,1,0,0,1,0,0,1,1,3,2,0,0,297.4
1,1,0,0,1,0,0,1,1,4,2,0,0,282.6
1,1,0,0,1,0,1,0,0,1,0,0,0,358.8
1,1,0,0,1,0,1,0,0,2,0,0,0,294.8
1,1,0,0,1,0,1,0,0,3,0,0,0,307.8
1,1,0,0,1,0,1,0,0,4,0,0,0,235.8
1,1,0,0,1,0,1,0,0,1,1,0,0,343.2
1,1,0,0,1,0,1,0,0,2,1,0,0,267.8
1,1,0,0,1,0,1,0,0,3,1,0,0,286.4
1,1,0,0,1,0,1,0,0,4,1,0,0,247.4
1,1,0,0,1,0,1,0,0,1,2,0,0,339.4
1,1,0,0,1,0,1,0,0,2,2,0,0,268.6
1,1,0,0,1,0,1,0,0,3,2,0,0,274.0
1,1,0,0,1,0,1,0,0,4,2,0,0,235.4
1,1,0,0,1,0,1,0,0,1,0,5,0,374.2
1,1,0,0,1,0,1,0,0,2,0,5,0,278.8
1,1,0,0,1,0,1,0,0,3,0,5,0,266.2
1,1,0,0,1,0,1,0,0,4,0,5,0,237.0
1,1,0,0,1,0,1,0,0,1,1,5,0,344.8
1,1,0,0,1,0,1,0,0,2,1,5,0,273.2
1,1,0,0,1,0,1,0,0,3,1,5,0,277.8
1,1,0,0,1,0,1,0,0,4,1,5,0,268.6
1,1,0,0,1,0,1,0,0,1,2,5,0,322.2
1,1,0,0,1,0,1,0,0,2,2,5,0,288.8
1,1,0,0,1,0,1,0,0,3,2,5,0,296.8
1,1,0,0,1,0,1,0,0,4,2,5,0,257.4
1,1,0,0,1,0,1,0,0,1,0,15,0,325.2
1,1,0,0,1,0,1,0,0,2,0,15,0,280.0
1,1,0,0,1,0,1,0,0,3,0,15,0,290.8
1,1,0,0,1,0,1,0,0,4,0,15,0,291.0
1,1,0,0,1,0,1,0,0,1,1,15,0,329.2
1,1,0,0,1,0,1,0,0,2,1,15,0,327.6
1,1,0,0,1,0,1,0,0,3,1,15,0,308.6
1,1,0,0,1,0,1,0,0,4,1,15,0,309.0
1,1,0,0,1,0,1,0,0,1,2,15,0,327.8
1,1,0,0,1,0,1,0,0,2,2,15,0,297.8
1,1,0,0,1,0,1,0,0,3,2,15,0,265.8
1,1,0,0,1,0,1,0,0,4,2,15,0,245.6
1,1,0,0,1,0,1,0,0,1,0,0,3,336.0
1,1,0,0,1,0,1,0,0,2,0,0,3,275.4
1,1,0,0,1,0,1,0,0,3,0,0,3,273.8
1,1,0,0,1,0,1,0,0,4,0,0,3,254.0
1,1,0,0,1,0,1,0,0,1,1,0,3,309.6
1,1,0,0,1,0,1,0,0,2,1,0,3,265.0
1,1,0,0,1,0,1,0,0,3,1,0,3,312.6
1,1,0,0,1,0,1,0,0,4,1,0,3,246.6
1,1,0,0,1,0,1,0,0,1,2,0,3,338.2
1,1,0,0,1,0,1,0,0,2,2,0,3,305.8
1,1,0,0,1,0,1,0,0,3,2,0,3,282.6
1,1,0,0,1,0,1,0,0,4,2,0,3,237.0
1,1,0,0,1,0,1,0,0,1,0,5,3,359.2
1,1,0,0,1,0,1,0,0,2,0,5,3,314.6
1,1,0,0,1,0,1,0,0,3,0,5,3,255.6
1,1,0,0,1,0,1,0,0,4,0,5,3,284.8
1,1,0,0,1,0,1,0,0,1,1,5,3,337.2
1,1,0,0,1,0,1,0,0,2,1,5,3,284.6
1,1,0,0,1,0,1,0,0,3,1,5,3,267.8
1,1,0,0,1,0,1,0,0,4,1,5,3,273.4
1,1,0,0,1,0,1,0,0,1,2,5,3,335.0
1,1,0,0,1,0,1,0,0,2,2,5,3,301.6
1,1,0,0,1,0,1,0,0,3,2,5,3,318.4
1,1,0,0,1,0,1,0,0,4,2,5,3,286.6
1,1,0,0,1,0,1,0,0,1,0,15,3,337.4
1,1,0,0,1,0,1,0,0,2,0,15,3,278.2
1,1,0,0,1,0,1,0,0,3,0,15,3,295.2
1,1,0,0,1,0,1,0,0,4,0,15,3,303.6
1,1,0,0,1,0,1,0,0,1,1,15,3,329.4
1,1,0,0,1,0,1,0,0,2,1,15,3,277.4
1,1,0,0,1,0,1,0,0,3,1,15,3,274.6
1,1,0,0,1,0,1,0,0,4,1,15,3,245.4
1,1,0,0,1,0,1,0,0,1,2,15,3,332.2
1,1,0,0,1,0,1,0,0,2,2,15,3,287.8
1,1,0,0,1,0,1,0,0,3,2,15,3,279.2
1,1,0,0,1,0,1,0,0,4,2,15,3,257.6
1,1,0,0,1,0,1,0,0,1,0,0,6,337.4
1,1,0,0,1,0,1,0,0,2,0,0,6,277.0
1,1,0,0,1,0,1,0,0,3,0,0,6,275.8
1,1,0,0,1,0,1,0,0,4,0,0,6,238.6
1,1,0,0,1,0,1,0,0,1,1,0,6,330.4
1,1,0,0,1,0,1,0,0,2,1,0,6,293.0
1,1,0,0,1,0,1,0,0,3,1,0,6,267.4
1,1,0,0,1,0,1,0,0,4,1,0,6,243.2
1,1,0,0,1,0,1,0,0,1,2,0,6,330.8
1,1,0,0,1,0,1,0,0,2,2,0,6,282.4
1,1,0,0,1,0,1,0,0,3,2,0,6,285.4
1,1,0,0,1,0,1,0,0,4,2,0,6,242.6
1,1,0,0,1,0,1,0,0,1,0,5,6,336.2
1,1,0,0,1,0,1,0,0,2,0,5,6,287.8
1,1,0,0,1,0,1,0,0,3,0,5,6,268.2
1,1,0,0,1,0,1,0,0,4,0,5,6,251.4
1,1,0,0,1,0,1,0,0,1,1,5,6,340.4
1,1,0,0,1,0,1,0,0,2,1,5,6,290.4
1,1,0,0,1,0,1,0,0,3,1,5,6,274.6
1,1,0,0,1,0,1,0,0,4,1,5,6,260.2
1,1,0,0,1,0,1,0,0,1,2,5,6,327.8
1,1,0,0,1,0,1,0,0,2,2,5,6,308.0
1,1,0,0,1,0,1,0,0,3,2,5,6,321.6
1,1,0,0,1,0,1,0,0,4,2,5,6,274.4
1,1,0,0,1,0,1,0,0,1,0,15,6,332.8
1,1,0,0,1,0,1,0,0,2,0,15,6,277.4
1,1,0,0,1,0,1,0,0,3,0,15,6,273.4
1,1,0,0,1,0,1,0,0,4,0,15,6,251.2
1,1,0,0,1,0,1,0,0,1,1,15,6,330.4
1,1,0,0,1,0,1,0,0,2,1,15,6,278.0
1,1,0,0,1,0,1,0,0,3,1,15,6,267.0
1,1,0,0,1,0,1,0,0,4,1,15,6,257.6
1,1,0,0,1,0,1,0,0,1,2,15,6,327.4
1,1,0,0,1,0,1,0,0,2,2,15,6,274.4
1,1,0,0,1,0,1,0,0,3,2,15,6,273.0
1,1,0,0,1,0,1,0,0,4,2,15,6,254.0
1,1,0,0,1,0,1,0,1,1,0,0,0,320.8
1,1,0,0,1,0,1,0,1,2,0,0,0,290.2
1,1,0,0,1,0,1,0,1,3,0,0,0,299.4
1,1,0,0,1,0,1,0,1,4,0,0,0,299.2
1,1,0,0,1,0,1,0,1,1,1,0,0,340.6
1,1,0,0,1,0,1,0,1,2,1,0,0,264.0
1,1,0,0,1,0,1,0,1,3,1,0,0,314.8
1,1,0,0,1,0,1,0,1,4,1,0,0,282.6
1,1,0,0,1,0,1,0,1,1,2,0,0,319.8
1,1,0,0,1,0,1,0,1,2,2,0,0,253.6
1,1,0,0,1,0,1,0,1,3,2,0,0,283.8
1,1,0,0,1,0,1,0,1,4,2,0,0,296.8
1,1,0,0,1,0,1,0,1,1,0,5,0,342.0
1,1,0,0,1,0,1,0,1,2,0,5,0,300.6
1,1,0,0,1,0,1,0,1,3,0,5,0,309.6
1,1,0,0,1,0,1,0,1,4,0,5,0,253.0
1,1,0,0,1,0,1,0,1,1,1,5,0,343.6
1,1,0,0,1,0,1,0,1,2,1,5,0,274.6
1,1,0,0,1,0,1,0,1,3,1,5,0,267.2
1,1,0,0,1,0,1,0,1,4,1,5,0,286.0
1,1,0,0,1,0,1,0,1,1,2,5,0,342.4
1,1,0,0,1,0,1,0,1,2,2,5,0,272.0
1,1,0,0,1,0,1,0,1,3,2,5,0,308.8
1,1,0,0,1,0,1,0,1,4,2,5,0,286.8
1,1,0,0,1,0,1,0,1,1,0,15,0,341.0
1,1,0,0,1,0,1,0,1,2,0,15,0,307.8
1,1,0,0,1,0,1,0,1,3,0,15,0,300.4
1,1,0,0,1,0,1,0,1,4,0,15,0,260.6
1,1,0,0,1,0,1,0,1,1,1,15,0,352.6
1,1,0,0,1,0,1,0,1,2,1,15,0,300.0
1,1,0,0,1,0,1,0,1,3,1,15,0,260.8
1,1,0,0,1,0,1,0,1,4,1,15,0,244.2
1,1,0,0,1,0,1,0,1,1,2,15,0,337.6
1,1,0,0,1,0,1,0,1,2,2,15,0,276.4
1,1,0,0,1,0,1,0,1,3,2,15,0,284.6
1,1,0,0,1,0,1,0,1,4,2,15,0,274.8
1,1,0,0,1,0,1,0,1,1,0,0,3,346.0
1,1,0,0,1,0,1,0,1,2,0,0,3,282.8
1,1,0,0,1,0,1,0,1,3,0,0,3,286.8
1,1,0,0,1,0,1,0,1,4,0,0,3,276.8
1,1,0,0,1,0,1,0,1,1,1,0,3,367.4
1,1,0,0,1,0,1,0,1,2,1,0,3,272.6
1,1,0,0,1,0,1,0,1,3,1,0,3,257.4
1,1,0,0,1,0,1,0,1,4,1,0,3,257.0
1,1,0,0,1,0,1,0,1,1,2,0,3,376.0
1,1,0,0,1,0,1,0,1,2,2,0,3,282.6
1,1,0,0,1,0,1,0,1,3,2,0,3,271.4
1,1,0,0,1,0,1,0,1,4,2,0,3,247.8
1,1,0,0,1,0,1,0,1,1,0,5,3,325.0
1,1,0,0,1,0,1,0,1,2,0,5,3,303.8
1,1,0,0,1,0,1,0,1,3,0,5,3,314.2
1,1,0,0,1,0,1,0,1,4,0,5,3,261.2
1,1,0,0,1,0,1,0,1,1,1,5,3,332.2
1,1,0,0,1,0,1,0,1,2,1,5,3,280.8
1,1,0,0,1,0,1,0,1,3,1,5,3,296.0
1,1,0,0,1,0,1,0,1,4,1,5,3,238.6
1,1,0,0,1,0,1,0,1,1,2,5,3,322.8
1,1,0,0,1,0,1,0,1,2,2,5,3,269.8
1,1,0,0,1,0,1,0,1,3,2,5,3,276.8
1,1,0,0,1,0,1,0,1,4,2,5,3,235.0
1,1,0,0,1,0,1,0,1,1,0,15,3,343.0
1,1,0,0,1,0,1,0,1,2,0,15,3,273.0
1,1,0,0,1,0,1,0,1,3,0,15,3,291.4
1,1,0,0,1,0,1,0,1,4,0,15,3,247.6
1,1,0,0,1,0,1,0,1,1,1,15,3,334.2
1,1,0,0,1,0,1,0,1,2,1,15,3,303.8
1,1,0,0,1,0,1,0,1,3,1,15,3,263.4
1,1,0,0,1,0,1,0,1,4,1,15,3,265.4
1,1,0,0,1,0,1,0,1,1,2,15,3,339.2
1,1,0,0,1,0,1,0,1,2,2,15,3,279.8
1,1,0,0,1,0,1,0,1,3,2,15,3,274.6
1,1,0,0,1,0,1,0,1,4,2,15,3,263.4
1,1,0,0,1,0,1,0,1,1,0,0,6,332.8
1,1,0,0,1,0,1,0,1,2,0,0,6,271.0
1,1,0,0,1,0,1,0,1,3,0,0,6,271.2
1,1,0,0,1,0,1,0,1,4,0,0,6,254.6
1,1,0,0,1,0,1,0,1,1,1,0,6,351.6
1,1,0,0,1,0,1,0,1,2,1,0,6,296.0
1,1,0,0,1,0,1,0,1,3,1,0,6,282.2
1,1,0,0,1,0,1,0,1,4,1,0,6,258.2
1,1,0,0,1,0,1,0,1,1,2,0,6,308.8
1,1,0,0,1,0,1,0,1,2,2,0,6,289.0
1,1,0,0,1,0,1,0,1,3,2,0,6,284.2
1,1,0,0,1,0,1,0,1,4,2,0,6,303.0
1,1,0,0,1,0,1,0,1,1,0,5,6,324.4
1,1,0,0,1,0,1,0,1,2,0,5,6,288.6
1,1,0,0,1,0,1,0,1,3,0,5,6,285.2
1,1,0,0,1,0,1,0,1,4,0,5,6,288.8
1,1,0,0,1,0,1,0,1,1,1,5,6,345.6
1,1,0,0,1,0,1,0,1,2,1,5,6,268.6
1,1,0,0,1,0,1,0,1,3,1,5,6,262.8
1,1,0,0,1,0,1,0,1,4,1,5,6,256.4
1,1,0,0,1,0,1,0,1,1,2,5,6,342.2
1,1,0,0,1,0,1,0,1,2,2,5,6,274.6
1,1,0,0,1,0,1,0,1,3,2,5,6,279.4
1,1,0,0,1,0,1,0,1,4,2,5,6,250.4
1,1,0,0,1,0,1,0,1,1,0,15,6,324.2
1,1,0,0,1,0,1,0,1,2,0,15,6,267.4
1,1,0,0,1,0,1,0,1,3,0,15,6,254.0
1,1,0,0,1,0,1,0,1,4,0,15,6,260.2
1,1,0,0,1,0,1,0,1,1,1,15,6,342.8
1,1,0,0,1,0,1,0,1,2,1,15,6,266.2
1,1,0,0,1,0,1,0,1,3,1,15,6,265.6
1,1,0,0,1,0,1,0,1,4,1,15,6,242.8
1,1,0,0,1,0,1,0,1,1,2,15,6,325.4
1,1,0,0,1,0,1,0,1,2,2,15,6,263.8
1,1,0,0,1,0,1,0,1,3,2,15,6,283.4
1,1,0,0,1,0,1,0,1,4,2,15,6,298.0
1,1,0,0,1,1,0,1,0,1,0,0,0,356.8
1,1,0,0,1,1,0,1,0,2,0,0,0,266.6
1,1,0,0,1,1,0,1,0,3,0,0,0,289.8
1,1,0,0,1,1,0,1,0,4,0,0,0,292.4
1,1,0,0,1,1,0,1,0,1,1,0,0,323.2
1,1,0,0,1,1,0,1,0,2,1,0,0,270.6
1,1,0,0,1,1,0,1,0,3,1,0,0,245.6
1,1,0,0,1,1,0,1,0,4,1,0,0,243.2
1,1,0,0,1,1,0,1,0,1,2,0,0,344.2
1,1,0,0,1,1,0,1,0,2,2,0,0,254.8
1,1,0,0,1,1,0,1,0,3,2,0,0,252.2
1,1,0,0,1,1,0,1,0,4,2,0,0,239.0
1,1,0,0,1,1,0,1,1,1,0,0,0,333.4
1,1,0,0,1,1,0,1,1,2,0,0,0,295.0
1,1,0,0,1,1,0,1,1,3,0,0,0,279.8
1,1,0,0,1,1,0,1,1,4,0,0,0,229.0
1,1,0,0,1,1,0,1,1,1,1,0,0,316.8
1,1,0,0,1,1,0,1,1,2,1,0,0,297.8
1,1,0,0,1,1,0,1,1,3,1,0,0,264.4
1,1,0,0,1,1,0,1,1,4,1,0,0,242.8
1,1,0,0,1,1,0,1,1,1,2,0,0,323.4
1,1,0,0,1,1,0,1,1,2,2,0,0,269.0
1,1,0,0,1,1,0,1,1,3,2,0,0,253.6
1,1,0,0,1,1,0,1,1,4,2,0,0,247.2
1,1,0,0,1,1,1,0,0,1,0,0,0,316.8
1,1,0,0,1,1,1,0,0,2,0,0,0,271.6
1,1,0,0,1,1,1,0,0,3,0,0,0,267.0
1,1,0,0,1,1,1,0,0,4,0,0,0,257.0
1,1,0,0,1,1,1,0,0,1,1,0,0,336.4
1,1,0,0,1,1,1,0,0,2,1,0,0,314.6
1,1,0,0,1,1,1,0,0,3,1,0,0,276.6
1,1,0,0,1,1,1,0,0,4,1,0,0,278.8
1,1,0,0,1,1,1,0,0,1,2,0,0,348.2
1,1,0,0,1,1,1,0,0,2,2,0,0,263.2
1,1,0,0,1,1,1,0,0,3,2,0,0,241.4
1,1,0,0,1,1,1,0,0,4,2,0,0,266.2
1,1,0,0,1,1,1,0,0,1,0,5,0,320.8
1,1,0,0,1,1,1,0,0,2,0,5,0,293.8
1,1,0,0,1,1,1,0,0,3,0,5,0,277.4
1,1,0,0,1,1,1,0,0,4,0,5,0,274.8
1,1,0,0,1,1,1,0,0,1,1,5,0,317.2
1,1,0,0,1,1,1,0,0,2,1,5,0,277.6
1,1,0,0,1,1,1,0,0,3,1,5,0,292.0
1,1,0,0,1,1,1,0,0,4,1,5,0,257.0
1,1,0,0,1,1,1,0,0,1,2,5,0,348.0
1,1,0,0,1,1,1,0,0,2,2,5,0,294.8
1,1,0,0,1,1,1,0,0,3,2,5,0,266.6
1,1,0,0,1,1,1,0,0,4,2,5,0,245.8
1,1,0,0,1,1,1,0,0,1,0,15,0,310.8
1,1,0,0,1,1,1,0,0,2,0,15,0,282.8
1,1,0,0,1,1,1,0,0,3,0,15,0,292.4
1,1,0,0,1,1,1,0,0,4,0,15,0,282.4
1,1,0,0,1,1,1,0,0,1,1,15,0,331.8
1,1,0,0,1,1,1,0,0,2,1,15,0,266.2
1,1,0,0,1,1,1,0,0,3,1,15,0,247.4
1,1,0,0,1,1,1,0,0,4,1,15,0,244.8
1,1,0,0,1,1,1,0,0,1,2,15,0,325.4
1,1,0,0,1,1,1,0,0,2,2,15,0,282.2
1,1,0,0,1,1,1,0,0,3,2,15,0,225.6
1,1,0,0,1,1,1,0,0,4,2,15,0,277.6
1,1,0,0,1,1,1,0,0,1,0,0,3,344.2
1,1,0,0,1,1,1,0,0,2,0,0,3,270.0
1,1,0,0,1,1,1,0,0,3,0,0,3,251.0
1,1,0,0,1,1,1,0,0,4,0,0,3,227.8
1,1,0,0,1,1,1,0,0,1,1,0,3,331.6
1,1,0,0,1,1,1,0,0,2,1,0,3,315.0
1,1,0,0,1,1,1,0,0,3,1,0,3,238.4
1,1,0,0,1,1,1,0,0,4,1,0,3,274.8
1,1,0,0,1,1,1,0,0,1,2,0,3,332.6
1,1,0,0,1,1,1,0,0,2,2,0,3,286.6
1,1,0,0,1,1,1,0,0,3,2,0,3,266.8
1,1,0,0,1,1,1,0,0,4,2,0,3,272.2
1,1,0,0,1,1,1,0,0,1,0,5,3,312.0
1,1,0,0,1,1,1,0,0,2,0,5,3,260.2
1,1,0,0,1,1,1,0,0,3,0,5,3,265.2
1,1,0,0,1,1,1,0,0,4,0,5,3,271.6
1,1,0,0,1,1,1,0,0,1,1,5,3,322.2
1,1,0,0,1,1,1,0,0,2,1,5,3,267.6
1,1,0,0,1,1,1,0,0,3,1,5,3,267.8
1,1,0,0,1,1,1,0,0,4,1,5,3,229.8
1,1,0,0,1,1,1,0,0,1,2,5,3,348.8
1,1,0,0,1,1,1,0,0,2,2,5,3,295.4
1,1,0,0,1,1,1,0,0,3,2,5,3,265.4
1,1,0,0,1,1,1,0,0,4,2,5,3,239.8
1,1,0,0,1,1,1,0,0,1,0,15,3,317.8
1,1,0,0,1,1,1,0,0,2,0,15,3,244.4
1,1,0,0,1,1,1,0,0,3,0,15,3,255.2
1,1,0,0,1,1,1,0,0,4,0,15,3,259.0
1,1,0,0,1,1,1,0,0,1,1,15,3,326.0
1,1,0,0,1,1,1,0,0,2,1,15,3,262.2
1,1,0,0,1,1,1,0,0,3,1,15,3,256.8
1,1,0,0,1,1,1,0,0,4,1,15,3,227.0
1,1,0,0,1,1,1,0,0,1,2,15,3,302.8
1,1,0,0,1,1,1,0,0,2,2,15,3,280.4
1,1,0,0,1,1,1,0,0,3,2,15,3,264.2
1,1,0,0,1,1,1,0,0,4,2,15,3,237.6
1,1,0,0,1,1,1,0,0,1,0,0,6,325.4
1,1,0,0,1,1,1,0,0,2,0,0,6,268.6
1,1,0,0,1,1,1,0,0,3,0,0,6,267.0
1,1,0,0,1,1,1,0,0,4,0,0,6,233.6
1,1,0,0,1,1,1,0,0,1,1,0,6,319.2
1,1,0,0,1,1,1,0,0,2,1,0,6,270.2
1,1,0,0,1,1,1,0,0,3,1,0,6,302.8
1,1,0,0,1,1,1,0,0,4,1,0,6,274.2
1,1,0,0,1,1,1,0,0,1,2,0,6,332.4
1,1,0,0,1,1,1,0,0,2,2,0,6,254.2
1,1,0,0,1,1,1,0,0,3,2,0,6,248.2
1,1,0,0,1,1,1,0,0,4,2,0,6,253.4
1,1,0,0,1,1,1,0,0,1,0,5,6,323.4
1,1,0,0,1,1,1,0,0,2,0,5,6,289.0
1,1,0,0,1,1,1,0,0,3,0,5,6,241.0
1,1,0,0,1,1,1,0,0,4,0,5,6,246.2
1,1,0,0,1,1,1,0,0,1,1,5,6,320.2
1,1,0,0,1,1,1,0,0,2,1,5,6,300.0
1,1,0,0,1,1,1,0,0,3,1,5,6,234.4
1,1,0,0,1,1,1,0,0,4,1,5,6,269.4
1,1,0,0,1,1,1,0,0,1,2,5,6,326.4
1,1,0,0,1,1,1,0,0,2,2,5,6,290.8
1,1,0,0,1,1,1,0,0,3,2,5,6,270.0
1,1,0,0,1,1,1,0,0,4,2,5,6,276.6
1,1,0,0,1,1,1,0,0,1,0,15,6,358.4
1,1,0,0,1,1,1,0,0,2,0,15,6,279.4
1,1,0,0,1,1,1,0,0,3,0,15,6,269.6
1,1,0,0,1,1,1,0,0,4,0,15,6,243.8
1,1,0,0,1,1,1,0,0,1,1,15,6,335.4
1,1,0,0,1,1,1,0,0,2,1,15,6,259.0
1,1,0,0,1,1,1,0,0,3,1,15,6,236.6
1,1,0,0,1,1,1,0,0,4,1,15,6,232.0
1,1,0,0,1,1,1,0,0,1,2,15,6,320.8
1,1,0,0,1,1,1,0,0,2,2,15,6,274.2
1,1,0,0,1,1,1,0,0,3,2,15,6,240.6
1,1,0,0,1,1,1,0,0,4,2,15,6,250.8
1,1,0,0,1,1,1,0,1,1,0,0,0,332.6
1,1,0,0,1,1,1,0,1,2,0,0,0,259.2
1,1,0,0,1,1,1,0,1,3,0,0,0,286.4
1,1,0,0,1,1,1,0,1,4,0,0,0,224.0
1,1,0,0,1,1,1,0,1,1,1,0,0,316.6
1,1,0,0,1,1,1,0,1,2,1,0,0,282.6
1,1,0,0,1,1,1,0,1,3,1,0,0,257.4
1,1,0,0,1,1,1,0,1,4,1,0,0,271.2
1,1,0,0,1,1,1,0,1,1,2,0,0,352.6
1,1,0,0,1,1,1,0,1,2,2,0,0,257.8
1,1,0,0,1,1,1,0,1,3,2,0,0,273.8
1,1,0,0,1,1,1,0,1,4,2,0,0,229.2
1,1,0,0,1,1,1,0,1,1,0,5,0,299.6
1,1,0,0,1,1,1,0,1,2,0,5,0,282.2
1,1,0,0,1,1,1,0,1,3,0,5,0,301.0
1,1,0,0,1,1,1,0,1,4,0,5,0,275.4
1,1,0,0,1,1,1,0,1,1,1,5,0,319.0
1,1,0,0,1,1,1,0,1,2,1,5,0,263.0
1,1,0,0,1,1,1,0,1,3,1,5,0,285.2
1,1,0,0,1,1,1,0,1,4,1,5,0,251.0
1,1,0,0,1,1,1,0,1,1,2,5,0,315.0
1,1,0,0,1,1,1,0,1,2,2,5,0,276.8
1,1,0,0,1,1,1,0,1,3,2,5,0,283.2
1,1,0,0,1,1,1,0,1,4,2,5,0,266.8
1,1,0,0,1,1,1,0,1,1,0,15,0,330.6
1,1,0,0,1,1,1,0,1,2,0,15,0,290.6
1,1,0,0,1,1,1,0,1,3,0,15,0,248.8
1,1,0,0,1,1,1,0,1,4,0,15,0,231.2
1,1,0,0,1,1,1,0,1,1,1,15,0,329.8
1,1,0,0,1,1,1,0,1,2,1,15,0,270.2
1,1,0,0,1,1,1,0,1,3,1,15,0,230.0
1,1,0,0,1,1,1,0,1,4,1,15,0,294.2
1,1,0,0,1,1,1,0,1,1,2,15,0,319.6
1,1,0,0,1,1,1,0,1,2,2,15,0,289.4
1,1,0,0,1,1,1,0,1,3,2,15,0,274.8
1,1,0,0,1,1,1,0,1,4,2,15,0,246.8
1,1,0,0,1,1,1,0,1,1,0,0,3,318.2
1,1,0,0,1,1,1,0,1,2,0,0,3,285.0
1,1,0,0,1,1,1,0,1,3,0,0,3,266.6
1,1,0,0,1,1,1,0,1,4,0,0,3,237.6
1,1,0,0,1,1,1,0,1,1,1,0,3,324.2
1,1,0,0,1,1,1,0,1,2,1,0,3,273.0
1,1,0,0,1,1,1,0,1,3,1,0,3,247.6
1,1,0,0,1,1,1,0,1,4,1,0,3,282.8
1,1,0,0,1,1,1,0,1,1,2,0,3,354.6
1,1,0,0,1,1,1,0,1,2,2,0,3,278.2
1,1,0,0,1,1,1,0,1,3,2,0,3,262.6
1,1,0,0,1,1,1,0,1,4,2,0,3,273.6
1,1,0,0,1,1,1,0,1,1,0,5,3,331.0
1,1,0,0,1,1,1,0,1,2,0,5,3,258.8
1,1,0,0,1,1,1,0,1,3,0,5,3,257.0
1,1,0,0,1,1,1,0,1,4,0,5,3,253.4
1,1,0,0,1,1,1,0,1,1,1,5,3,313.6
1,1,0,0,1,1,1,0,1,2,1,5,3,286.4
1,1,0,0,1,1,1,0,1,3,1,5,3,243.4
1,1,0,0,1,1,1,0,1,4,1,5,3,248.4
1,1,0,0,1,1,1,0,1,1,2,5,3,321.4
1,1,0,0,1,1,1,0,1,2,2,5,3,294.4
1,1,0,0,1,1,1,0,1,3,2,5,3,294.6
1,1,0,0,1,1,1,0,1,4,2,5,3,269.6
1,1,0,0,1,1,1,0,1,1,0,15,3,320.2
1,1,0,0,1,1,1,0,1,2,0,15,3,277.4
1,1,0,0,1,1,1,0,1,3,0,15,3,272.6
1,1,0,0,1,1,1,0,1,4,0,15,3,240.0
1,1,0,0,1,1,1,0,1,1,1,15,3,320.6
1,1,0,0,1,1,1,0,1,2,1,15,3,274.2
1,1,0,0,1,1,1,0,1,3,1,15,3,276.6
1,1,0,0,1,1,1,0,1,4,1,15,3,248.0
1,1,0,0,1,1,1,0,1,1,2,15,3,320.6
1,1,0,0,1,1,1,0,1,2,2,15,3,280.6
1,1,0,0,1,1,1,0,1,3,2,15,3,259.8
1,1,0,0,1,1,1,0,1,4,2,15,3,257.2
1,1,0,0,1,1,1,0,1,1,0,0,6,330.0
1,1,0,0,1,1,1,0,1,2,0,0,6,259.8
1,1,0,0,1,1,1,0,1,3,0,0,6,269.2
1,1,0,0,1,1,1,0,1,4,0,0,6,276.4
1,1,0,0,1,1,1,0,1,1,1,0,6,364.2
1,1,0,0,1,1,1,0,1,2,1,0,6,282.8
1,1,0,0,1,1,1,0,1,3,1,0,6,262.2
1,1,0,0,1,1,1,0,1,4,1,0,6,280.2
1,1,0,0,1,1,1,0,1,1,2,0,6,329.6
1,1,0,0,1,1,1,0,1,2,2,0,6,276.8
1,1,0,0,1,1,1,0,1,3,2,0,6,259.6
1,1,0,0,1,1,1,0,1,4,2,0,6,243.0
1,1,0,0,1,1,1,0,1,1,0,5,6,328.0
1,1,0,0,1,1,1,0,1,2,0,5,6,275.4
1,1,0,0,1,1,1,0,1,3,0,5,6,295.8
1,1,0,0,1,1,1,0,1,4,0,5,6,236.6
1,1,0,0,1,1,1,0,1,1,1,5,6,317.0
1,1,0,0,1,1,1,0,1,2,1,5,6,298.6
1,1,0,0,1,1,1,0,1,3,1,5,6,254.0
1,1,0,0,1,1,1,0,1,4,1,5,6,240.6
1,1,0,0,1,1,1,0,1,1,2,5,6,317.2
1,1,0,0,1,1,1,0,1,2,2,5,6,286.2
1,1,0,0,1,1,1,0,1,3,2,5,6,267.6
1,1,0,0,1,1,1,0,1,4,2,5,6,253.8
1,1,0,0,1,1,1,0,1,1,0,15,6,313.8
1,1,0,0,1,1,1,0,1,2,0,15,6,276.2
1,1,0,0,1,1,1,0,1,3,0,15,6,240.0
1,1,0,0,1,1,1,0,1,4,0,15,6,242.2
1,1,0,0,1,1,1,0,1,1,1,15,6,304.6
1,1,0,0,1,1,1,0,1,2,1,15,6,310.0
1,1,0,0,1,1,1,0,1,3,1,15,6,259.8
1,1,0,0,1,1,1,0,1,4,1,15,6,237.6
1,1,0,0,1,1,1,0,1,1,2,15,6,319.6
1,1,0,0,1,1,1,0,1,2,2,15,6,283.0
1,1,0,0,1,1,1,0,1,3,2,15,6,286.4
1,1,0,0,1,1,1,0,1,4,2,15,6,285.8
1,1,0,1,0,0,0,1,0,1,0,0,0,1645.6
1,1,0,1,0,0,0,1,0,2,0,0,0,1202.4
1,1,0,1,0,0,0,1,0,3,0,0,0,1118.4
1,1,0,1,0,0,0,1,0,4,0,0,0,1080.0
1,1,0,1,0,0,0,1,0,1,1,0,0,1597.8
1,1,0,1,0,0,0,1,0,2,1,0,0,1238.6
1,1,0,1,0,0,0,1,0,3,1,0,0,1141.8
1,1,0,1,0,0,0,1,0,4,1,0,0,1044.4
1,1,0,1,0,0,0,1,0,1,2,0,0,1634.6
1,1,0,1,0,0,0,1,0,2,2,0,0,1260.0
1,1,0,1,0,0,0,1,0,3,2,0,0,1089.2
1,1,0,1,0,0,0,1,0,4,2,0,0,1070.2
1,1,0,1,0,0,0,1,1,1,0,0,0,1623.8
1,1,0,1,0,0,0,1,1,2,0,0,0,1211.0
1,1,0,1,0,0,0,1,1,3,0,0,0,1135.4
1,1,0,1,0,0,0,1,1,4,0,0,0,1020.8
1,1,0,1,0,0,0,1,1,1,1,0,0,1645.8
1,1,0,1,0,0,0,1,1,2,1,0,0,1235.8
1,1,0,1,0,0,0,1,1,3,1,0,0,1087.0
1,1,0,1,0,0,0,1,1,4,1,0,0,1023.8
1,1,0,1,0,0,0,1,1,1,2,0,0,1643.2
1,1,0,1,0,0,0,1,1,2,2,0,0,1246.6
1,1,0,1,0,0,0,1,1,3,2,0,0,1100.2
1,1,0,1,0,0,0,1,1,4,2,0,0,1045.4
1,1,0,1,0,0,1,0,0,1,0,0,0,1626.0
1,1,0,1,0,0,1,0,0,2,0,0,0,1215.0
1,1,0,1,0,0,1,0,0,3,0,0,0,1102.4
1,1,0,1,0,0,1,0,0,4,0,0,0,1040.8
1,1,0,1,0,0,1,0,0,1,1,0,0,1621.2
1,1,0,1,0,0,1,0,0,2,1,0,0,1224.8
1,1,0,1,0,0,1,0,0,3,1,0,0,1104.6
1,1,0,1,0,0,1,0,0,4,1,0,0,1050.0
1,1,0,1,0,0,1,0,0,1,2,0,0,1640.4
1,1,0,1,0,0,1,0,0,2,2,0,0,1266.6
1,1,0,1,0,0,1,0,0,3,2,0,0,1074.0
1,1,0,1,0,0,1,0,0,4,2,0,0,1055.4
1,1,0,1,0,0,1,0,0,1,0,5,0,1643.0
1,1,0,1,0,0,1,0,0,2,0,5,0,1229.0
1,1,0,1,0,0,1,0,0,3,0,5,0,1097.4
1,1,0,1,0,0,1,0,0,4,0,5,0,1073.2
1,1,0,1,0,0,1,0,0,1,1,5,0,1614.2
1,1,0,1,0,0,1,0,0,2,1,5,0,1243.0
1,1,0,1,0,0,1,0,0,3,1,5,0,1118.4
1,1,0,1,0,0,1,0,0,4,1,5,0,1033.0
1,1,0,1,0,0,1,0,0,1,2,5,0,1654.2
1,1,0,1,0,0,1,0,0,2,2,5,0,1226.2
1,1,0,1,0,0,1,0,0,3,2,5,0,1080.4
1,1,0,1,0,0,1,0,0,4,2,5,0,1038.0
1,1,0,1,0,0,1,0,0,1,0,15,0,1642.2
1,1,0,1,0,0,1,0,0,2,0,15,0,1217.6
1,1,0,1,0,0,1,0,0,3,0,15,0,1123.2
1,1,0,1,0,0,1,0,0,4,0,15,0,1032.6
1,1,0,1,0,0,1,0,0,1,1,15,0,1614.0
1,1,0,1,0,0,1,0,0,2,1,15,0,1200.4
1,1,0,1,0,0,1,0,0,3,1,15,0,1170.2
1,1,0,1,0,0,1,0,0,4,1,15,0,1028.6
1,1,0,1,0,0,1,0,0,1,2,15,0,1603.6
1,1,0,1,0,0,1,0,0,2,2,15,0,1235.0
1,1,0,1,0,0,1,0,0,3,2,15,0,1097.8
1,1,0,1,0,0,1,0,0,4,2,15,0,1035.2
1,1,0,1,0,0,1,0,0,1,0,0,3,1622.2
1,1,0,1,0,0,1,0,0,2,0,0,3,1195.6
1,1,0,1,0,0,1,0,0,3,0,0,3,1143.2
1,1,0,1,0,0,1,0,0,4,0,0,3,1019.0
1,1,0,1,0,0,1,0,0,1,1,0,3,1637.6
1,1,0,1,0,0,1,0,0,2,1,0,3,1259.2
1,1,0,1,0,0,1,0,0,3,1,0,3,1098.6
1,1,0,1,0,0,1,0,0,4,1,0,3,1047.0
1,1,0,1,0,0,1,0,0,1,2,0,3,1625.6
1,1,0,1,0,0,1,0,0,2,2,0,3,1236.8
1,1,0,1,0,0,1,0,0,3,2,0,3,1098.4
1,1,0,1,0,0,1,0,0,4,2,0,3,1056.4
1,1,0,1,0,0,1,0,0,1,0,5,3,1638.2
1,1,0,1,0,0,1,0,0,2,0,5,3,1235.4
1,1,0,1,0,0,1,0,0,3,0,5,3,1100.8
1,1,0,1,0,0,1,0,0,4,0,5,3,991.8
1,1,0,1,0,0,1,0,0,1,1,5,3,1611.0
1,1,0,1,0,0,1,0,0,2,1,5,3,1256.0
1,1,0,1,0,0,1,0,0,3,1,5,3,1106.0
1,1,0,1,0,0,1,0,0,4,1,5,3,1033.4
1,1,0,1,0,0,1,0,0,1,2,5,3,1619.8
1,1,0,1,0,0,1,0,0,2,2,5,3,1230.6
1,1,0,1,0,0,1,0,0,3,2,5,3,1102.8
1,1,0,1,0,0,1,0,0,4,2,5,3,1040.2
1,1,0,1,0,0,1,0,0,1,0,15,3,1614.0
1,1,0,1,0,0,1,0,0,2,0,15,3,1227.0
1,1,0,1,0,0,1,0,0,3,0,15,3,1124.0
1,1,0,1,0,0,1,0,0,4,0,15,3,1043.2
1,1,0,1,0,0,1,0,0,1,1,15,3,1640.2
1,1,0,1,0,0,1,0,0,2,1,15,3,1222.6
1,1,0,1,0,0,1,0,0,3,1,15,3,1088.6
1,1,0,1,0,0,1,0,0,4,1,15,3,1086.0
1,1,0,1,0,0,1,0,0,1,2,15,3,1656.2
1,1,0,1,0,0,1,0,0,2,2,15,3,1234.4
1,1,0,1,0,0,1,0,0,3,2,15,3,1105.4
1,1,0,1,0,0,1,0,0,4,2,15,3,1033.2
1,1,0,1,0,0,1,0,0,1,0,0,6,1633.6
1,1,0,1,0,0,1,0,0,2,0,0,6,1228.4
1,1,0,1,0,0,1,0,0,3,0,0,6,1153.6
1,1,0,1,0,0,1,0,0,4,0,0,6,1032.4
1,1,0,1,0,0,1,0,0,1,1,0,6,1639.8
1,1,0,1,0,0,1,0,0,2,1,0,6,1232.4
1,1,0,1,0,0,1,0,0,3,1,0,6,1101.0
1,1,0,1,0,0,1,0,0,4,1,0,6,1034.8
1,1,0,1,0,0,1,0,0,1,2,0,6,1629.8
1,1,0,1,0,0,1,0,0,2,2,0,6,1249.8
1,1,0,1,0,0,1,0,0,3,2,0,6,1107.8
1,1,0,1,0,0,1,0,0,4,2,0,6,1053.8
1,1,0,1,0,0,1,0,0,1,0,5,6,1626.0
1,1,0,1,0,0,1,0,0,2,0,5,6,1202.8
1,1,0,1,0,0,1,0,0,3,0,5,6,1110.2
1,1,0,1,0,0,1,0,0,4,0,5,6,1084.6
1,1,0,1,0,0,1,0,0,1,1,5,6,1618.4
1,1,0,1,0,0,1,0,0,2,1,5,6,1249.6
1,1,0,1,0,0,1,0,0,3,1,5,6,1083.2
1,1,0,1,0,0,1,0,0,4,1,5,6,1086.0
1,1,0,1,0,0,1,0,0,1,2,5,6,1641.6
1,1,0,1,0,0,1,0,0,2,2,5,6,1252.4
1,1,0,1,0,0,1,0,0,3,2,5,6,1073.0
1,1,0,1,0,0,1,0,0,4,2,5,6,1073.2
1,1,0,1,0,0,1,0,0,1,0,15,6,1605.8
1,1,0,1,0,0,1,0,0,2,0,15,6,1227.2
1,1,0,1,0,0,1,0,0,3,0,15,6,1127.8
1,1,0,1,0,0,1,0,0,4,0,15,6,1092.4
1,1,0,1,0,0,1,0,0,1,1,15,6,1632.8
1,1,0,1,0,0,1,0,0,2,1,15,6,1250.4
1,1,0,1,0,0,1,0,0,3,1,15,6,1138.2
1,1,0,1,0,0,1,0,0,4,1,15,6,1055.8
1,1,0,1,0,0,1,0,0,1,2,15,6,1624.0
1,1,0,1,0,0,1,0,0,2,2,15,6,1249.6
1,1,0,1,0,0,1,0,0,3,2,15,6,1067.4
1,1,0,1,0,0,1,0,0,4,2,15,6,1049.0
1,1,0,1,0,0,1,0,1,1,0,0,0,1603.4
1,1,0,1,0,0,1,0,1,2,0,0,0,1250.4
1,1,0,1,0,0,1,0,1,3,0,0,0,1129.2
1,1,0,1,0,0,1,0,1,4,0,0,0,1059.6
1,1,0,1,0,0,1,0,1,1,1,0,0,1603.8
1,1,0,1,0,0,1,0,1,2,1,0,0,1241.0
1,1,0,1,0,0,1,0,1,3,1,0,0,1131.2
1,1,0,1,0,0,1,0,1,4,1,0,0,1061.8
1,1,0,1,0,0,1,0,1,1,2,0,0,1636.2
1,1,0,1,0,0,1,0,1,2,2,0,0,1247.2
1,1,0,1,0,0,1,0,1,3,2,0,0,1113.0
1,1,0,1,0,0,1,0,1,4,2,0,0,1055.2
1,1,0,1,0,0,1,0,1,1,0,5,0,1639.2
1,1,0,1,0,0,1,0,1,2,0,5,0,1259.8
1,1,0,1,0,0,1,0,1,3,0,5,0,1120.6
1,1,0,1,0,0,1,0,1,4,0,5,0,1060.0
1,1,0,1,0,0,1,0,1,1,1,5,0,1621.8
1,1,0,1,0,0,1,0,1,2,1,5,0,1239.8
1,1,0,1,0,0,1,0,1,3,1,5,0,1158.8
1,1,0,1,0,0,1,0,1,4,1,5,0,1046.2
1,1,0,1,0,0,1,0,1,1,2,5,0,1623.8
1,1,0,1,0,0,1,0,1,2,2,5,0,1238.2
1,1,0,1,0,0,1,0,1,3,2,5,0,1118.6
1,1,0,1,0,0,1,0,1,4,2,5,0,994.8
1,1,0,1,0,0,1,0,1,1,0,15,0,1631.0
1,1,0,1,0,0,1,0,1,2,0,15,0,1195.8
1,1,0,1,0,0,1,0,1,3,0,15,0,1134.4
1,1,0,1,0,0,1,0,1,4,0,15,0,1053.4
1,1,0,1,0,0,1,0,1,1,1,15,0,1637.8
1,1,0,1,0,0,1,0,1,2,1,15,0,1271.4
1,1,0,1,0,0,1,0,1,3,1,15,0,1079.2
1,1,0,1,0,0,1,0,1,4,1,15,0,1073.2
1,1,0,1,0,0,1,0,1,1,2,15,0,1639.6
1,1,0,1,0,0,1,0,1,2,2,15,0,1234.8
1,1,0,1,0,0,1,0,1,3,2,15,0,1116.8
1,1,0,1,0,0,1,0,1,4,2,15,0,1026.0
1,1,0,1,0,0,1,0,1,1,0,0,3,1639.8
1,1,0,1,0,0,1,0,1,2,0,0,3,1234.4
1,1,0,1,0,0,1,0,1,3,0,0,3,1112.0
1,1,0,1,0,0,1,0,1,4,0,0,3,1066.0
1,1,0,1,0,0,1,0,1,1,1,0,3,1605.2
1,1,0,1,0,0,1,0,1,2,1,0,3,1220.4
1,1,0,1,0,0,1,0,1,3,1,0,3,1107.4
1,1,0,1,0,0,1,0,1,4,1,0,3,1043.6
1,1,0,1,0,0,1,0,1,1,2,0,3,1691.8
1,1,0,1,0,0,1,0,1,2,2,0,3,1244.0
1,1,0,1,0,0,1,0,1,3,2,0,3,1070.6
1,1,0,1,0,0,1,0,1,4,2,0,3,1067.6
1,1,0,1,0,0,1,0,1,1,0,5,3,1638.0
1,1,0,1,0,0,1,0,1,2,0,5,3,1234.6
1,1,0,1,0,0,1,0,1,3,0,5,3,1055.4
1,1,0,1,0,0,1,0,1,4,0,5,3,1074.4
1,1,0,1,0,0,1,0,1,1,1,5,3,1615.6
1,1,0,1,0,0,1,0,1,2,1,5,3,1198.0
1,1,0,1,0,0,1,0,1,3,1,5,3,1118.8
1,1,0,1,0,0,1,0,1,4,1,5,3,1010.6
1,1,0,1,0,0,1,0,1,1,2,5,3,1612.0
1,1,0,1,0,0,1,0,1,2,2,5,3,1256.0
1,1,0,1,0,0,1,0,1,3,2,5,3,1113.8
1,1,0,1,0,0,1,0,1,4,2,5,3,993.6
1,1,0,1,0,0,1,0,1,1,0,15,3,1651.4
1,1,0,1,0,0,1,0,1,2,0,15,3,1221.6
1,1,0,1,0,0,1,0,1,3,0,15,3,1099.6
1,1,0,1,0,0,1,0,1,4,0,15,3,1032.4
1,1,0,1,0,0,1,0,1,1,1,15,3,1644.8
1,1,0,1,0,0,1,0,1,2,1,15,3,1271.2
1,1,0,1,0,0,1,0,1,3,1,15,3,1116.8
1,1,0,1,0,0,1,0,1,4,1,15,3,1042.6
1,1,0,1,0,0,1,0,1,1,2,15,3,1647.0
1,1,0,1,0,0,1,0,1,2,2,15,3,1242.0
1,1,0,1,0,0,1,0,1,3,2,15,3,1105.8
1,1,0,1,0,0,1,0,1,4,2,15,3,1062.6
1,1,0,1,0,0,1,0,1,1,0,0,6,1597.8
1,1,0,1,0,0,1,0,1,2,0,0,6,1218.0
1,1,0,1,0,0,1,0,1,3,0,0,6,1116.4
1,1,0,1,0,0,1,0,1,4,0,0,6,1039.0
1,1,0,1,0,0,1,0,1,1,1,0,6,1630.0
1,1,0,1,0,0,1,0,1,2,1,0,6,1260.0
1,1,0,1,0,0,1,0,1,3,1,0,6,1104.2
1,1,0,1,0,0,1,0,1,4,1,0,6,1061.0
1,1,0,1,0,0,1,0,1,1,2,0,6,1688.4
1,1,0,1,0,0,1,0,1,2,2,0,6,1206.2
1,1,0,1,0,0,1,0,1,3,2,0,6,1108.0
1,1,0,1,0,0,1,0,1,4,2,0,6,1030.4
1,1,0,1,0,0,1,0,1,1,0,5,6,1675.6
1,1,0,1,0,0,1,0,1,2,0,5,6,1238.6
1,1,0,1,0,0,1,0,1,3,0,5,6,1105.8
1,1,0,1,0,0,1,0,1,4,0,5,6,1075.8
1,1,0,1,0,0,1,0,1,1,1,5,6,1630.6
1,1,0,1,0,0,1,0,1,2,1,5,6,1242.2
1,1,0,1,0,0,1,0,1,3,1,5,6,1091.2
1,1,0,1,0,0,1,0,1,4,1,5,6,1045.0
1,1,0,1,0,0,1,0,1,1,2,5,6,1655.2
1,1,0,1,0,0,1,0,1,2,2,5,6,1219.4
1,1,0,1,0,0,1,0,1,3,2,5,6,1120.2
1,1,0,1,0,0,1,0,1,4,2,5,6,1048.8
1,1,0,1,0,0,1,0,1,1,0,15,6,1613.6
1,1,0,1,0,0,1,0,1,2,0,15,6,1204.2
1,1,0,1,0,0,1,0,1,3,0,15,6,1096.4
1,1,0,1,0,0,1,0,1,4,0,15,6,1054.0
1,1,0,1,0,0,1,0,1,1,1,15,6,1641.8
1,1,0,1,0,0,1,0,1,2,1,15,6,1204.4
1,1,0,1,0,0,1,0,1,3,1,15,6,1100.0
1,1,0,1,0,0,1,0,1,4,1,15,6,1054.2
1,1,0,1,0,0,1,0,1,1,2,15,6,1638.6
1,1,0,1,0,0,1,0,1,2,2,15,6,1244.6
1,1,0,1,0,0,1,0,1,3,2,15,6,1069.8
1,1,0,1,0,0,1,0,1,4,2,15,6,1068.0
1,1,0,1,0,1,0,1,0,1,0,0,0,1695.6
1,1,0,1,0,1,0,1,0,2,0,0,0,1243.4
1,1,0,1,0,1,0,1,0,3,0,0,0,1115.4
1,1,0,1,0,1,0,1,0,4,0,0,0,1088.6
1,1,0,1,0,1,0,1,0,1,1,0,0,1760.6
1,1,0,1,0,1,0,1,0,2,1,0,0,1248.4
1,1,0,1,0,1,0,1,0,3,1,0,0,1101.4
1,1,0,1,0,1,0,1,0,4,1,0,0,1096.4
1,1,0,1,0,1,0,1,0,1,2,0,0,1698.8
1,1,0,1,0,1,0,1,0,2,2,0,0,1215.8
1,1,0,1,0,1,0,1,0,3,2,0,0,1147.4
1,1,0,1,0,1,0,1,0,4,2,0,0,1066.2
1,1,0,1,0,1,0,1,1,1,0,0,0,1714.6
1,1,0,1,0,1,0,1,1,2,0,0,0,1272.4
1,1,0,1,0,1,0,1,1,3,0,0,0,1127.6
1,1,0,1,0,1,0,1,1,4,0,0,0,1092.6
1,1,0,1,0,1,0,1,1,1,1,0,0,1694.6
1,1,0,1,0,1,0,1,1,2,1,0,0,1238.2
1,1,0,1,0,1,0,1,1,3,1,0,0,1130.4
1,1,0,1,0,1,0,1,1,4,1,0,0,1122.0
1,1,0,1,0,1,0,1,1,1,2,0,0,1668.4
1,1,0,1,0,1,0,1,1,2,2,0,0,1196.4
1,1,0,1,0,1,0,1,1,3,2,0,0,1191.6
1,1,0,1,0,1,0,1,1,4,2,0,0,1111.6
1,1,0,1,0,1,1,0,0,1,0,0,0,1711.2
1,1,0,1,0,1,1,0,0,2,0,0,0,1222.4
1,1,0,1,0,1,1,0,0,3,0,0,0,1164.0
1,1,0,1,0,1,1,0,0,4,0,0,0,1050.8
1,1,0,1,0,1,1,0,0,1,1,0,0,1752.0
1,1,0,1,0,1,1,0,0,2,1,0,0,1214.4
1,1,0,1,0,1,1,0,0,3,1,0,0,1122.2
1,1,0,1,0,1,1,0,0,4,1,0,0,1055.2
1,1,0,1,0,1,1,0,0,1,2,0,0,1720.2
1,1,0,1,0,1,1,0,0,2,2,0,0,1198.8
1,1,0,1,0,1,1,0,0,3,2,0,0,1136.2
1,1,0,1,0,1,1,0,0,4,2,0,0,1064.8
1,1,0,1,0,1,1,0,0,1,0,5,0,1696.6
1,1,0,1,0,1,1,0,0,2,0,5,0,1252.4
1,1,0,1,0,1,1,0,0,3,0,5,0,1147.8
1,1,0,1,0,1,1,0,0,4,0,5,0,1096.6
1,1,0,1,0,1,1,0,0,1,1,5,0,1736.0
1,1,0,1,0,1,1,0,0,2,1,5,0,1233.4
1,1,0,1,0,1,1,0,0,3,1,5,0,1095.8
1,1,0,1,0,1,1,0,0,4,1,5,0,1102.6
1,1,0,1,0,1,1,0,0,1,2,5,0,1730.0
1,1,0,1,0,1,1,0,0,2,2,5,0,1194.6
1,1,0,1,0,1,1,0,0,3,2,5,0,1103.8
1,1,0,1,0,1,1,0,0,4,2,5,0,1091.8
1,1,0,1,0,1,1,0,0,1,0,15,0,1696.8
1,1,0,1,0,1,1,0,0,2,0,15,0,1195.6
1,1,0,1,0,1,1,0,0,3,0,15,0,1126.2
1,1,0,1,0,1,1,0,0,4,0,15,0,1099.4
1,1,0,1,0,1,1,0,0,1,1,15,0,1747.4
1,1,0,1,0,1,1,0,0,2,1,15,0,1233.4
1,1,0,1,0,1,1,0,0,3,1,15,0,1094.6
1,1,0,1,0,1,1,0,0,4,1,15,0,1101.8
1,1,0,1,0,1,1,0,0,1,2,15,0,1667.4
1,1,0,1,0,1,1,0,0,2,2,15,0,1231.8
1,1,0,1,0,1,1,0,0,3,2,15,0,1080.4
1,1,0,1,0,1,1,0,0,4,2,15,0,1050.8
1,1,0,1,0,1,1,0,0,1,0,0,3,1651.4
1,1,0,1,0,1,1,0,0,2,0,0,3,1234.2
1,1,0,1,0,1,1,0,0,3,0,0,3,1121.0
1,1,0,1,0,1,1,0,0,4,0,0,3,1126.6
1,1,0,1,0,1,1,0,0,1,1,0,3,1727.0
1,1,0,1,0,1,1,0,0,2,1,0,3,1252.0
1,1,0,1,0,1,1,0,0,3,1,0,3,1132.6
1,1,0,1,0,1,1,0,0,4,1,0,3,1089.0
1,1,0,1,0,1,1,0,0,1,2,0,3,1661.2
1,1,0,1,0,1,1,0,0,2,2,0,3,1182.8
1,1,0,1,0,1,1,0,0,3,2,0,3,1189.0
1,1,0,1,0,1,1,0,0,4,2,0,3,1040.0
1,1,0,1,0,1,1,0,0,1,0,5,3,1733.4
1,1,0,1,0,1,1,0,0,2,0,5,3,1222.2
1,1,0,1,0,1,1,0,0,3,0,5,3,1129.0
1,1,0,1,0,1,1,0,0,4,0,5,3,1116.0
1,1,0,1,0,1,1,0,0,1,1,5,3,1706.4
1,1,0,1,0,1,1,0,0,2,1,5,3,1228.0
1,1,0,1,0,1,1,0,0,3,1,5,3,1133.8
1,1,0,1,0,1,1,0,0,4,1,5,3,1119.8
1,1,0,1,0,1,1,0,0,1,2,5,3,1663.8
1,1,0,1,0,1,1,0,0,2,2,5,3,1177.6
1,1,0,1,0,1,1,0,0,3,2,5,3,1184.8
1,1,0,1,0,1,1,0,0,4,2,5,3,1076.6
1,1,0,1,0,1,1,0,0,1,0,15,3,1719.8
1,1,0,1,0,1,1,0,0,2,0,15,3,1262.8
1,1,0,1,0,1,1,0,0,3,0,15,3,1132.0
1,1,0,1,0,1,1,0,0,4,0,15,3,1040.2
1,1,0,1,0,1,1,0,0,1,1,15,3,1744.2
1,1,0,1,0,1,1,0,0,2,1,15,3,1210.6
1,1,0,1,0,1,1,0,0,3,1,15,3,1159.0
1,1,0,1,0,1,1,0,0,4,1,15,3,1122.0
1,1,0,1,0,1,1,0,0,1,2,15,3,1713.6
1,1,0,1,0,1,1,0,0,2,2,15,3,1175.8
1,1,0,1,0,1,1,0,0,3,2,15,3,1172.8
1,1,0,1,0,1,1,0,0,4,2,15,3,1063.4
1,1,0,1,0,1,1,0,0,1,0,0,6,1739.8
1,1,0,1,0,1,1,0,0,2,0,0,6,1242.0
1,1,0,1,0,1,1,0,0,3,0,0,6,1127.0
1,1,0,1,0,1,1,0,0,4,0,0,6,1073.4
1,1,0,1,0,1,1,0,0,1,1,0,6,1735.0
1,1,0,1,0,1,1,0,0,2,1,0,6,1259.2
1,1,0,1,0,1,1,0,0,3,1,0,6,1105.0
1,1,0,1,0,1,1,0,0,4,1,0,6,1153.4
1,1,0,1,0,1,1,0,0,1,2,0,6,1663.0
1,1,0,1,0,1,1,0,0,2,2,0,6,1208.0
1,1,0,1,0,1,1,0,0,3,2,0,6,1132.0
1,1,0,1,0,1,1,0,0,4,2,0,6,1108.6
1,1,0,1,0,1,1,0,0,1,0,5,6,1701.4
1,1,0,1,0,1,1,0,0,2,0,5,6,1227.4
1,1,0,1,0,1,1,0,0,3,0,5,6,1179.4
1,1,0,1,0,1,1,0,0,4,0,5,6,1095.0
1,1,0,1,0,1,1,0,0,1,1,5,6,1684.2
1,1,0,1,0,1,1,0,0,2,1,5,6,1247.0
1,1,0,1,0,1,1,0,0,3,1,5,6,1160.0
1,1,0,1,0,1,1,0,0,4,1,5,6,1082.2
1,1,0,1,0,1,1,0,0,1,2,5,6,1671.2
1,1,0,1,0,1,1,0,0,2,2,5,6,1238.4
1,1,0,1,0,1,1,0,0,3,2,5,6,1139.8
1,1,0,1,0,1,1,0,0,4,2,5,6,1113.2
1,1,0,1,0,1,1,0,0,1,0,15,6,1701.6
1,1,0,1,0,1,1,0,0,2,0,15,6,1254.6
1,1,0,1,0,1,1,0,0,3,0,15,6,1125.4
1,1,0,1,0,1,1,0,0,4,0,15,6,1104.6
1,1,0,1,0,1,1,0,0,1,1,15,6,1698.4
1,1,0,1,0,1,1,0,0,2,1,15,6,1207.6
1,1,0,1,0,1,1,0,0,3,1,15,6,1118.8
1,1,0,1,0,1,1,0,0,4,1,15,6,1096.2
1,1,0,1,0,1,1,0,0,1,2,15,6,1664.4
1,1,0,1,0,1,1,0,0,2,2,15,6,1184.4
1,1,0,1,0,1,1,0,0,3,2,15,6,1147.2
1,1,0,1,0,1,1,0,0,4,2,15,6,1065.2
1,1,0,1,0,1,1,0,1,1,0,0,0,1686.2
1,1,0,1,0,1,1,0,1,2,0,0,0,1255.4
1,1,0,1,0,1,1,0,1,3,0,0,0,1158.0
1,1,0,1,0,1,1,0,1,4,0,0,0,1133.2
1,1,0,1,0,1,1,0,1,1,1,0,0,1695.0
1,1,0,1,0,1,1,0,1,2,1,0,0,1254.6
1,1,0,1,0,1,1,0,1,3,1,0,0,1151.4
1,1,0,1,0,1,1,0,1,4,1,0,0,1111.2
1,1,0,1,0,1,1,0,1,1,2,0,0,1638.6
1,1,0,1,0,1,1,0,1,2,2,0,0,1197.6
1,1,0,1,0,1,1,0,1,3,2,0,0,1166.4
1,1,0,1,0,1,1,0,1,4,2,0,0,1074.6
1,1,0,1,0,1,1,0,1,1,0,5,0,1695.8
1,1,0,1,0,1,1,0,1,2,0,5,0,1245.6
1,1,0,1,0,1,1,0,1,3,0,5,0,1115.0
1,1,0,1,0,1,1,0,1,4,0,5,0,1133.4
1,1,0,1,0,1,1,0,1,1,1,5,0,1716.0
1,1,0,1,0,1,1,0,1,2,1,5,0,1249.0
1,1,0,1,0,1,1,0,1,3,1,5,0,1147.2
1,1,0,1,0,1,1,0,1,4,1,5,0,1121.0
1,1,0,1,0,1,1,0,1,1,2,5,0,1680.2
1,1,0,1,0,1,1,0,1,2,2,5,0,1185.2
1,1,0,1,0,1,1,0,1,3,2,5,0,1131.4
1,1,0,1,0,1,1,0,1,4,2,5,0,1039.6
1,1,0,1,0,1,1,0,1,1,0,15,0,1718.0
1,1,0,1,0,1,1,0,1,2,0,15,0,1261.6
1,1,0,1,0,1,1,0,1,3,0,15,0,1097.2
1,1,0,1,0,1,1,0,1,4,0,15,0,1106.2
1,1,0,1,0,1,1,0,1,1,1,15,0,1731.0
1,1,0,1,0,1,1,0,1,2,1,15,0,1217.4
1,1,0,1,0,1,1,0,1,3,1,15,0,1131.6
1,1,0,1,0,1,1,0,1,4,1,15,0,1069.4
1,1,0,1,0,1,1,0,1,1,2,15,0,1727.4
1,1,0,1,0,1,1,0,1,2,2,15,0,1194.4
1,1,0,1,0,1,1,0,1,3,2,15,0,1137.6
1,1,0,1,0,1,1,0,1,4,2,15,0,1061.4
1,1,0,1,0,1,1,0,1,1,0,0,3,1683.4
1,1,0,1,0,1,1,0,1,2,0,0,3,1283.2
1,1,0,1,0,1,1,0,1,3,0,0,3,1117.0
1,1,0,1,0,1,1,0,1,4,0,0,3,1097.8
1,1,0,1,0,1,1,0,1,1,1,0,3,1736.8
1,1,0,1,0,1,1,0,1,2,1,0,3,1228.4
1,1,0,1,0,1,1,0,1,3,1,0,3,1119.0
1,1,0,1,0,1,1,0,1,4,1,0,3,1088.6
1,1,0,1,0,1,1,0,1,1,2,0,3,1691.4
1,1,0,1,0,1,1,0,1,2,2,0,3,1205.6
1,1,0,1,0,1,1,0,1,3,2,0,3,1174.2
1,1,0,1,0,1,1,0,1,4,2,0,3,1061.8
1,1,0,1,0,1,1,0,1,1,0,5,3,1698.0
1,1,0,1,0,1,1,0,1,2,0,5,3,1266.4
1,1,0,1,0,1,1,0,1,3,0,5,3,1152.6
1,1,0,1,0,1,1,0,1,4,0,5,3,1110.2
1,1,0,1,0,1,1,0,1,1,1,5,3,1754.2
1,1,0,1,0,1,1,0,1,2,1,5,3,1220.6
1,1,0,1,0,1,1,0,1,3,1,5,3,1125.0
1,1,0,1,0,1,1,0,1,4,1,5,3,1086.2
1,1,0,1,0,1,1,0,1,1,2,5,3,1705.2
1,1,0,1,0,1,1,0,1,2,2,5,3,1181.0
1,1,0,1,0,1,1,0,1,3,2,5,3,1112.8
1,1,0,1,0,1,1,0,1,4,2,5,3,1061.8
1,1,0,1,0,1,1,0,1,1,0,15,3,1676.4
1,1,0,1,0,1,1,0,1,2,0,15,3,1206.0
1,1,0,1,0,1,1,0,1,3,0,15,3,1143.4
1,1,0,1,0,1,1,0,1,4,0,15,3,1086.2
1,1,0,1,0,1,1,0,1,1,1,15,3,1746.2
1,1,0,1,0,1,1,0,1,2,1,15,3,1231.6
1,1,0,1,0,1,1,0,1,3,1,15,3,1138.2
1,1,0,1,0,1,1,0,1,4,1,15,3,1083.0
1,1,0,1,0,1,1,0,1,1,2,15,3,1679.6
1,1,0,1,0,1,1,0,1,2,2,15,3,1222.8
1,1,0,1,0,1,1,0,1,3,2,15,3,1148.0
1,1,0,1,0,1,1,0,1,4,2,15,3,1097.8
1,1,0,1,0,1,1,0,1,1,0,0,6,1701.0
1,1,0,1,0,1,1,0,1,2,0,0,6,1236.0
1,1,0,1,0,1,1,0,1,3,0,0,6,1110.8
1,1,0,1,0,1,1,0,1,4,0,0,6,1053.4
1,1,0,1,0,1,1,0,1,1,1,0,6,1733.4
1,1,0,1,0,1,1,0,1,2,1,0,6,1242.4
1,1,0,1,0,1,1,0,1,3,1,0,6,1096.2
1,1,0,1,0,1,1,0,1,4,1,0,6,1104.8
1,1,0,1,0,1,1,0,1,1,2,0,6,1682.4
1,1,0,1,0,1,1,0,1,2,2,0,6,1213.6
1,1,0,1,0,1,1,0,1,3,2,0,6,1142.4
1,1,0,1,0,1,1,0,1,4,2,0,6,1023.0
1,1,0,1,0,1,1,0,1,1,0,5,6,1681.6
1,1,0,1,0,1,1,0,1,2,0,5,6,1192.8
1,1,0,1,0,1,1,0,1,3,0,5,6,1035.8
1,1,0,1,0,1,1,0,1,4,0,5,6,1100.8
1,1,0,1,0,1,1,0,1,1,1,5,6,1743.4
1,1,0,1,0,1,1,0,1,2,1,5,6,1249.6
1,1,0,1,0,1,1,0,1,3,1,5,6,1095.6
1,1,0,1,0,1,1,0,1,4,1,5,6,1098.6
1,1,0,1,0,1,1,0,1,1,2,5,6,1693.2
1,1,0,1,0,1,1,0,1,2,2,5,6,1191.8
1,1,0,1,0,1,1,0,1,3,2,5,6,1122.2
1,1,0,1,0,1,1,0,1,4,2,5,6,1082.2
1,1,0,1,0,1,1,0,1,1,0,15,6,1701.4
1,1,0,1,0,1,1,0,1,2,0,15,6,1263.8
1,1,0,1,0,1,1,0,1,3,0,15,6,1101.6
1,1,0,1,0,1,1,0,1,4,0,15,6,1088.0
1,1,0,1,0,1,1,0,1,1,1,15,6,1704.6
1,1,0,1,0,1,1,0,1,2,1,15,6,1229.6
1,1,0,1,0,1,1,0,1,3,1,15,6,1132.0
1,1,0,1,0,1,1,0,1,4,1,15,6,1133.6
1,1,0,1,0,1,1,0,1,1,2,15,6,1699.4
1,1,0,1,0,1,1,0,1,2,2,15,6,1203.4
1,1,0,1,0,1,1,0,1,3,2,15,6,1139.8
1,1,0,1,0,1,1,0,1,4,2,15,6,1099.2
1,1,1,0,0,0,0,1,0,1,0,0,0,1991.0
1,1,1,0,0,0,0,1,0,2,0,0,0,1513.4
1,1,1,0,0,0,0,1,0,3,0,0,0,1352.4
1,1,1,0,0,0,0,1,0,4,0,0,0,1317.4
1,1,1,0,0,0,0,1,0,1,1,0,0,2055.8
1,1,1,0,0,0,0,1,0,2,1,0,0,1490.4
1,1,1,0,0,0,0,1,0,3,1,0,0,1376.2
1,1,1,0,0,0,0,1,0,4,1,0,0,1308.8
1,1,1,0,0,0,0,1,0,1,2,0,0,2041.8
1,1,1,0,0,0,0,1,0,2,2,0,0,1496.6
1,1,1,0,0,0,0,1,0,3,2,0,0,1332.4
1,1,1,0,0,0,0,1,0,4,2,0,0,1266.2
1,1,1,0,0,0,0,1,1,1,0,0,0,2047.8
1,1,1,0,0,0,0,1,1,2,0,0,0,1497.2
1,1,1,0,0,0,0,1,1,3,0,0,0,1402.2
1,1,1,0,0,0,0,1,1,4,0,0,0,1322.0
1,1,1,0,0,0,0,1,1,1,1,0,0,2043.0
1,1,1,0,0,0,0,1,1,2,1,0,0,1509.2
1,1,1,0,0,0,0,1,1,3,1,0,0,1371.4
1,1,1,0,0,0,0,1,1,4,1,0,0,1299.6
1,1,1,0,0,0,0,1,1,1,2,0,0,2056.2
1,1,1,0,0,0,0,1,1,2,2,0,0,1512.2
1,1,1,0,0,0,0,1,1,3,2,0,0,1357.2
1,1,1,0,0,0,0,1,1,4,2,0,0,1311.0
1,1,1,0,0,0,1,0,0,1,0,0,0,2026.0
1,1,1,0,0,0,1,0,0,2,0,0,0,1506.2
1,1,1,0,0,0,1,0,0,3,0,0,0,1356.4
1,1,1,0,0,0,1,0,0,4,0,0,0,1380.6
1,1,1,0,0,0,1,0,0,1,1,0,0,2011.4
1,1,1,0,0,0,1,0,0,2,1,0,0,1515.4
1,1,1,0,0,0,1,0,0,3,1,0,0,1351.4
1,1,1,0,0,0,1,0,0,4,1,0,0,1319.2
1,1,1,0,0,0,1,0,0,1,2,0,0,2113.6
1,1,1,0,0,0,1,0,0,2,2,0,0,1499.6
1,1,1,0,0,0,1,0,0,3,2,0,0,1325.8
1,1,1,0,0,0,1,0,0,4,2,0,0,1279.8
1,1,1,0,0,0,1,0,0,1,0,5,0,2035.0
1,1,1,0,0,0,1,0,0,2,0,5,0,1518.4
1,1,1,0,0,0,1,0,0,3,0,5,0,1378.0
1,1,1,0,0,0,1,0,0,4,0,5,0,1321.2
1,1,1,0,0,0,1,0,0,1,1,5,0,2021.2
1,1,1,0,0,0,1,0,0,2,1,5,0,1520.2
1,1,1,0,0,0,1,0,0,3,1,5,0,1359.8
1,1,1,0,0,0,1,0,0,4,1,5,0,1339.8
1,1,1,0,0,0,1,0,0,1,2,5,0,2022.4
1,1,1,0,0,0,1,0,0,2,2,5,0,1501.4
1,1,1,0,0,0,1,0,0,3,2,5,0,1334.6
1,1,1,0,0,0,1,0,0,4,2,5,0,1284.2
1,1,1,0,0,0,1,0,0,1,0,15,0,2005.4
1,1,1,0,0,0,1,0,0,2,0,15,0,1516.2
1,1,1,0,0,0,1,0,0,3,0,15,0,1392.6
1,1,1,0,0,0,1,0,0,4,0,15,0,1302.8
1,1,1,0,0,0,1,0,0,1,1,15,0,2061.2
1,1,1,0,0,0,1,0,0,2,1,15,0,1498.8
1,1,1,0,0,0,1,0,0,3,1,15,0,1405.6
1,1,1,0,0,0,1,0,0,4,1,15,0,1319.6
1,1,1,0,0,0,1,0,0,1,2,15,0,2071.8
1,1,1,0,0,0,1,0,0,2,2,15,0,1472.4
1,1,1,0,0,0,1,0,0,3,2,15,0,1355.6
1,1,1,0,0,0,1,0,0,4,2,15,0,1306.2
1,1,1,0,0,0,1,0,0,1,0,0,3,1991.0
1,1,1,0,0,0,1,0,0,2,0,0,3,1500.2
1,1,1,0,0,0,1,0,0,3,0,0,3,1382.4
1,1,1,0,0,0,1,0,0,4,0,0,3,1317.4
1,1,1,0,0,0,1,0,0,1,1,0,3,2016.0
1,1,1,0,0,0,1,0,0,2,1,0,3,1574.4
1,1,1,0,0,0,1,0,0,3,1,0,3,1350.8
1,1,1,0,0,0,1,0,0,4,1,0,3,1279.4
1,1,1,0,0,0,1,0,0,1,2,0,3,2044.2
1,1,1,0,0,0,1,0,0,2,2,0,3,1506.0
1,1,1,0,0,0,1,0,0,3,2,0,3,1357.0
1,1,1,0,0,0,1,0,0,4,2,0,3,1288.2
1,1,1,0,0,0,1,0,0,1,0,5,3,2038.2
1,1,1,0,0,0,1,0,0,2,0,5,3,1506.4
1,1,1,0,0,0,1,0,0,3,0,5,3,1354.2
1,1,1,0,0,0,1,0,0,4,0,5,3,1293.8
1,1,1,0,0,0,1,0,0,1,1,5,3,2046.0
1,1,1,0,0,0,1,0,0,2,1,5,3,1484.4
1,1,1,0,0,0,1,0,0,3,1,5,3,1363.8
1,1,1,0,0,0,1,0,0,4,1,5,3,1350.4
1,1,1,0,0,0,1,0,0,1,2,5,3,2036.8
1,1,1,0,0,0,1,0,0,2,2,5,3,1490.6
1,1,1,0,0,0,1,0,0,3,2,5,3,1394.8
1,1,1,0,0,0,1,0,0,4,2,5,3,1256.8
1,1,1,0,0,0,1,0,0,1,0,15,3,1997.8
1,1,1,0,0,0,1,0,0,2,0,15,3,1491.4
1,1,1,0,0,0,1,0,0,3,0,15,3,1369.2
1,1,1,0,0,0,1,0,0,4,0,15,3,1364.2
1,1,1,0,0,0,1,0,0,1,1,15,3,2002.4
1,1,1,0,0,0,1,0,0,2,1,15,3,1501.4
1,1,1,0,0,0,1,0,0,3,1,15,3,1395.8
1,1,1,0,0,0,1,0,0,4,1,15,3,1290.0
1,1,1,0,0,0,1,0,0,1,2,15,3,2090.2
1,1,1,0,0,0,1,0,0,2,2,15,3,1495.2
1,1,1,0,0,0,1,0,0,3,2,15,3,1328.2
1,1,1,0,0,0,1,0,0,4,2,15,3,1246.4
1,1,1,0,0,0,1,0,0,1,0,0,6,2008.0
1,1,1,0,0,0,1,0,0,2,0,0,6,1532.2
1,1,1,0,0,0,1,0,0,3,0,0,6,1381.0
1,1,1,0,0,0,1,0,0,4,0,0,6,1361.2
1,1,1,0,0,0,1,0,0,1,1,0,6,1999.4
1,1,1,0,0,0,1,0,0,2,1,0,6,1502.6
1,1,1,0,0,0,1,0,0,3,1,0,6,1383.2
1,1,1,0,0,0,1,0,0,4,1,0,6,1333.4
1,1,1,0,0,0,1,0,0,1,2,0,6,2073.2
1,1,1,0,0,0,1,0,0,2,2,0,6,1497.8
1,1,1,0,0,0,1,0,0,3,2,0,6,1334.2
1,1,1,0,0,0,1,0,0,4,2,0,6,1281.6
1,1,1,0,0,0,1,0,0,1,0,5,6,2014.2
1,1,1,0,0,0,1,0,0,2,0,5,6,1543.2
1,1,1,0,0,0,1,0,0,3,0,5,6,1379.8
1,1,1,0,0,0,1,0,0,4,0,5,6,1339.8
1,1,1,0,0,0,1,0,0,1,1,5,6,1973.4
1,1,1,0,0,0,1,0,0,2,1,5,6,1539.6
1,1,1,0,0,0,1,0,0,3,1,5,6,1360.0
1,1,1,0,0,0,1,0,0,4,1,5,6,1333.2
1,1,1,0,0,0,1,0,0,1,2,5,6,2031.4
1,1,1,0,0,0,1,0,0,2,2,5,6,1519.4
1,1,1,0,0,0,1,0,0,3,2,5,6,1345.0
1,1,1,0,0,0,1,0,0,4,2,5,6,1281.8
1,1,1,0,0,0,1,0,0,1,0,15,6,2042.2
1,1,1,0,0,0,1,0,0,2,0,15,6,1527.6
1,1,1,0,0,0,1,0,0,3,0,15,6,1337.0
1,1,1,0,0,0,1,0,0,4,0,15,6,1337.4
1,1,1,0,0,0,1,0,0,1,1,15,6,2030.2
1,1,1,0,0,0,1,0,0,2,1,15,6,1494.6
1,1,1,0,0,0,1,0,0,3,1,15,6,1400.4
1,1,1,0,0,0,1,0,0,4,1,15,6,1351.2
1,1,1,0,0,0,1,0,0,1,2,15,6,2084.4
1,1,1,0,0,0,1,0,0,2,2,15,6,1490.6
1,1,1,0,0,0,1,0,0,3,2,15,6,1342.6
1,1,1,0,0,0,1,0,0,4,2,15,6,1280.2
1,1,1,0,0,0,1,0,1,1,0,0,0,2048.8
1,1,1,0,0,0,1,0,1,2,0,0,0,1501.4
1,1,1,0,0,0,1,0,1,3,0,0,0,1364.4
1,1,1,0,0,0,1,0,1,4,0,0,0,1298.6
1,1,1,0,0,0,1,0,1,1,1,0,0,2051.8
1,1,1,0,0,0,1,0,1,2,1,0,0,1496.8
1,1,1,0,0,0,1,0,1,3,1,0,0,1374.2
1,1,1,0,0,0,1,0,1,4,1,0,0,1316.8
1,1,1,0,0,0,1,0,1,1,2,0,0,2045.8
1,1,1,0,0,0,1,0,1,2,2,0,0,1483.6
1,1,1,0,0,0,1,0,1,3,2,0,0,1380.6
1,1,1,0,0,0,1,0,1,4,2,0,0,1304.0
1,1,1,0,0,0,1,0,1,1,0,5,0,2050.4
1,1,1,0,0,0,1,0,1,2,0,5,0,1506.0
1,1,1,0,0,0,1,0,1,3,0,5,0,1338.0
1,1,1,0,0,0,1,0,1,4,0,5,0,1328.2
1,1,1,0,0,0,1,0,1,1,1,5,0,2048.2
1,1,1,0,0,0,1,0,1,2,1,5,0,1492.8
1,1,1,0,0,0,1,0,1,3,1,5,0,1355.0
1,1,1,0,0,0,1,0,1,4,1,5,0,1324.2
1,1,1,0,0,0,1,0,1,1,2,5,0,2049.8
1,1,1,0,0,0,1,0,1,2,2,5,0,1502.6
1,1,1,0,0,0,1,0,1,3,2,5,0,1327.6
1,1,1,0,0,0,1,0,1,4,2,5,0,1250.0
1,1,1,0,0,0,1,0,1,1,0,15,0,2041.4
1,1,1,0,0,0,1,0,1,2,0,15,0,1553.6
1,1,1,0,0,0,1,0,1,3,0,15,0,1339.4
1,1,1,0,0,0,1,0,1,4,0,15,0,1305.0
1,1,1,0,0,0,1,0,1,1,1,15,0,2058.2
1,1,1,0,0,0,1,0,1,2,1,15,0,1486.0
1,1,1,0,0,0,1,0,1,3,1,15,0,1329.4
1,1,1,0,0,0,1,0,1,4,1,15,0,1313.0
1,1,1,0,0,0,1,0,1,1,2,15,0,2045.8
1,1,1,0,0,0,1,0,1,2,2,15,0,1525.6
1,1,1,0,0,0,1,0,1,3,2,15,0,1338.8
1,1,1,0,0,0,1,0,1,4,2,15,0,1284.6
1,1,1,0,0,0,1,0,1,1,0,0,3,2065.0
1,1,1,0,0,0,1,0,1,2,0,0,3,1484.0
1,1,1,0,0,0,1,0,1,3,0,0,3,1309.0
1,1,1,0,0,0,1,0,1,4,0,0,3,1302.8
1,1,1,0,0,0,1,0,1,1,1,0,3,2024.4
1,1,1,0,0,0,1,0,1,2,1,0,3,1508.2
1,1,1,0,0,0,1,0,1,3,1,0,3,1394.4
1,1,1,0,0,0,1,0,1,4,1,0,3,1375.8
1,1,1,0,0,0,1,0,1,1,2,0,3,2031.0
1,1,1,0,0,0,1,0,1,2,2,0,3,1499.2
1,1,1,0,0,0,1,0,1,3,2,0,3,1313.4
1,1,1,0,0,0,1,0,1,4,2,0,3,1237.2
1,1,1,0,0,0,1,0,1,1,0,5,3,2072.2
1,1,1,0,0,0,1,0,1,2,0,5,3,1504.2
1,1,1,0,0,0,1,0,1,3,0,5,3,1326.8
1,1,1,0,0,0,1,0,1,4,0,5,3,1388.2
1,1,1,0,0,0,1,0,1,1,1,5,3,2029.6
1,1,1,0,0,0,1,0,1,2,1,5,3,1531.8
1,1,1,0,0,0,1,0,1,3,1,5,3,1356.2
1,1,1,0,0,0,1,0,1,4,1,5,3,1326.2
1,1,1,0,0,0,1,0,1,1,2,5,3,2030.8
1,1,1,0,0,0,1,0,1,2,2,5,3,1525.0
1,1,1,0,0,0,1,0,1,3,2,5,3,1320.2
1,1,1,0,0,0,1,0,1,4,2,5,3,1283.0
1,1,1,0,0,0,1,0,1,1,0,15,3,2052.0
1,1,1,0,0,0,1,0,1,2,0,15,3,1516.0
1,1,1,0,0,0,1,0,1,3,0,15,3,1378.0
1,1,1,0,0,0,1,0,1,4,0,15,3,1312.0
1,1,1,0,0,0,1,0,1,1,1,15,3,2024.2
1,1,1,0,0,0,1,0,1,2,1,15,3,1500.8
1,1,1,0,0,0,1,0,1,3,1,15,3,1358.4
1,1,1,0,0,0,1,0,1,4,1,15,3,1320.6
1,1,1,0,0,0,1,0,1,1,2,15,3,2038.0
1,1,1,0,0,0,1,0,1,2,2,15,3,1527.4
1,1,1,0,0,0,1,0,1,3,2,15,3,1335.0
1,1,1,0,0,0,1,0,1,4,2,15,3,1220.4
1,1,1,0,0,0,1,0,1,1,0,0,6,2017.8
1,1,1,0,0,0,1,0,1,2,0,0,6,1524.6
1,1,1,0,0,0,1,0,1,3,0,0,6,1362.6
1,1,1,0,0,0,1,0,1,4,0,0,6,1312.0
1,1,1,0,0,0,1,0,1,1,1,0,6,1997.2
1,1,1,0,0,0,1,0,1,2,1,0,6,1486.4
1,1,1,0,0,0,1,0,1,3,1,0,6,1345.4
1,1,1,0,0,0,1,0,1,4,1,0,6,1291.2
1,1,1,0,0,0,1,0,1,1,2,0,6,2064.6
1,1,1,0,0,0,1,0,1,2,2,0,6,1507.8
1,1,1,0,0,0,1,0,1,3,2,0,6,1326.4
1,1,1,0,0,0,1,0,1,4,2,0,6,1267.8
1,1,1,0,0,0,1,0,1,1,0,5,6,2012.8
1,1,1,0,0,0,1,0,1,2,0,5,6,1493.4
1,1,1,0,0,0,1,0,1,3,0,5,6,1365.6
1,1,1,0,0,0,1,0,1,4,0,5,6,1333.6
1,1,1,0,0,0,1,0,1,1,1,5,6,2028.8
1,1,1,0,0,0,1,0,1,2,1,5,6,1523.4
1,1,1,0,0,0,1,0,1,3,1,5,6,1348.0
1,1,1,0,0,0,1,0,1,4,1,5,6,1321.6
1,1,1,0,0,0,1,0,1,1,2,5,6,2041.0
1,1,1,0,0,0,1,0,1,2,2,5,6,1522.0
1,1,1,0,0,0,1,0,1,3,2,5,6,1355.4
1,1,1,0,0,0,1,0,1,4,2,5,6,1275.4
1,1,1,0,0,0,1,0,1,1,0,15,6,2011.4
1,1,1,0,0,0,1,0,1,2,0,15,6,1513.0
1,1,1,0,0,0,1,0,1,3,0,15,6,1377.8
1,1,1,0,0,0,1,0,1,4,0,15,6,1329.6
1,1,1,0,0,0,1,0,1,1,1,15,6,2020.8
1,1,1,0,0,0,1,0,1,2,1,15,6,1537.6
1,1,1,0,0,0,1,0,1,3,1,15,6,1364.6
1,1,1,0,0,0,1,0,1,4,1,15,6,1258.8
1,1,1,0,0,0,1,0,1,1,2,15,6,2040.8
1,1,1,0,0,0,1,0,1,2,2,15,6,1523.6
1,1,1,0,0,0,1,0,1,3,2,15,6,1349.2
1,1,1,0,0,0,1,0,1,4,2,15,6,1251.0
1,1,1,0,0,1,0,1,0,1,0,0,0,2116.6
1,1,1,0,0,1,0,1,0,2,0,0,0,1488.6
1,1,1,0,0,1,0,1,0,3,0,0,0,1377.8
1,1,1,0,0,1,0,1,0,4,0,0,0,1307.0
1,1,1,0,0,1,0,1,0,1,1,0,0,2085.6
1,1,1,0,0,1,0,1,0,2,1,0,0,1517.0
1,1,1,0,0,1,0,1,0,3,1,0,0,1390.6
1,1,1,0,0,1,0,1,0,4,1,0,0,1339.2
1,1,1,0,0,1,0,1,0,1,2,0,0,2115.8
1,1,1,0,0,1,0,1,0,2,2,0,0,1478.2
1,1,1,0,0,1,0,1,0,3,2,0,0,1359.2
1,1,1,0,0,1,0,1,0,4,2,0,0,1349.2
1,1,1,0,0,1,0,1,1,1,0,0,0,2175.2
1,1,1,0,0,1,0,1,1,2,0,0,0,1461.8
1,1,1,0,0,1,0,1,1,3,0,0,0,1329.8
1,1,1,0,0,1,0,1,1,4,0,0,0,1322.4
1,1,1,0,0,1,0,1,1,1,1,0,0,2107.2
1,1,1,0,0,1,0,1,1,2,1,0,0,1488.4
1,1,1,0,0,1,0,1,1,3,1,0,0,1383.4
1,1,1,0,0,1,0,1,1,4,1,0,0,1314.8
1,1,1,0,0,1,0,1,1,1,2,0,0,2080.8
1,1,1,0,0,1,0,1,1,2,2,0,0,1475.0
1,1,1,0,0,1,0,1,1,3,2,0,0,1390.6
1,1,1,0,0,1,0,1,1,4,2,0,0,1317.2
1,1,1,0,0,1,1,0,0,1,0,0,0,2152.4
1,1,1,0,0,1,1,0,0,2,0,0,0,1448.2
1,1,1,0,0,1,1,0,0,3,0,0,0,1398.2
1,1,1,0,0,1,1,0,0,4,0,0,0,1314.0
1,1,1,0,0,1,1,0,0,1,1,0,0,2094.8
1,1,1,0,0,1,1,0,0,2,1,0,0,1547.0
1,1,1,0,0,1,1,0,0,3,1,0,0,1341.8
1,1,1,0,0,1,1,0,0,4,1,0,0,1373.0
1,1,1,0,0,1,1,0,0,1,2,0,0,2088.8
1,1,1,0,0,1,1,0,0,2,2,0,0,1460.2
1,1,1,0,0,1,1,0,0,3,2,0,0,1380.0
1,1,1,0,0,1,1,0,0,4,2,0,0,1350.4
1,1,1,0,0,1,1,0,0,1,0,5,0,2190.0
1,1,1,0,0,1,1,0,0,2,0,5,0,1445.0
1,1,1,0,0,1,1,0,0,3,0,5,0,1362.4
1,1,1,0,0,1,1,0,0,4,0,5,0,1293.6
1,1,1,0,0,1,1,0,0,1,1,5,0,2146.2
1,1,1,0,0,1,1,0,0,2,1,5,0,1499.2
1,1,1,0,0,1,1,0,0,3,1,5,0,1390.0
1,1,1,0,0,1,1,0,0,4,1,5,0,1294.6
1,1,1,0,0,1,1,0,0,1,2,5,0,2075.4
1,1,1,0,0,1,1,0,0,2,2,5,0,1527.6
1,1,1,0,0,1,1,0,0,3,2,5,0,1373.2
1,1,1,0,0,1,1,0,0,4,2,5,0,1343.8
1,1,1,0,0,1,1,0,0,1,0,15,0,2108.4
1,1,1,0,0,1,1,0,0,2,0,15,0,1525.0
1,1,1,0,0,1,1,0,0,3,0,15,0,1351.2
1,1,1,0,0,1,1,0,0,4,0,15,0,1331.6
1,1,1,0,0,1,1,0,0,1,1,15,0,2099.0
1,1,1,0,0,1,1,0,0,2,1,15,0,1531.4
1,1,1,0,0,1,1,0,0,3,1,15,0,1390.6
1,1,1,0,0,1,1,0,0,4,1,15,0,1344.8
1,1,1,0,0,1,1,0,0,1,2,15,0,2074.6
1,1,1,0,0,1,1,0,0,2,2,15,0,1460.4
1,1,1,0,0,1,1,0,0,3,2,15,0,1341.6
1,1,1,0,0,1,1,0,0,4,2,15,0,1371.4
1,1,1,0,0,1,1,0,0,1,0,0,3,2134.8
1,1,1,0,0,1,1,0,0,2,0,0,3,1456.6
1,1,1,0,0,1,1,0,0,3,0,0,3,1399.0
1,1,1,0,0,1,1,0,0,4,0,0,3,1350.6
1,1,1,0,0,1,1,0,0,1,1,0,3,2079.2
1,1,1,0,0,1,1,0,0,2,1,0,3,1518.0
1,1,1,0,0,1,1,0,0,3,1,0,3,1402.2
1,1,1,0,0,1,1,0,0,4,1,0,3,1368.8
1,1,1,0,0,1,1,0,0,1,2,0,3,2051.0
1,1,1,0,0,1,1,0,0,2,2,0,3,1475.4
1,1,1,0,0,1,1,0,0,3,2,0,3,1377.2
1,1,1,0,0,1,1,0,0,4,2,0,3,1321.4
1,1,1,0,0,1,1,0,0,1,0,5,3,2174.0
1,1,1,0,0,1,1,0,0,2,0,5,3,1437.6
1,1,1,0,0,1,1,0,0,3,0,5,3,1389.4
1,1,1,0,0,1,1,0,0,4,0,5,3,1316.2
1,1,1,0,0,1,1,0,0,1,1,5,3,2109.0
1,1,1,0,0,1,1,0,0,2,1,5,3,1528.4
1,1,1,0,0,1,1,0,0,3,1,5,3,1389.6
1,1,1,0,0,1,1,0,0,4,1,5,3,1325.2
1,1,1,0,0,1,1,0,0,1,2,5,3,2066.2
1,1,1,0,0,1,1,0,0,2,2,5,3,1479.0
1,1,1,0,0,1,1,0,0,3,2,5,3,1324.8
1,1,1,0,0,1,1,0,0,4,2,5,3,1359.6
1,1,1,0,0,1,1,0,0,1,0,15,3,2122.4
1,1,1,0,0,1,1,0,0,2,0,15,3,1447.4
1,1,1,0,0,1,1,0,0,3,0,15,3,1382.8
1,1,1,0,0,1,1,0,0,4,0,15,3,1329.6
1,1,1,0,0,1,1,0,0,1,1,15,3,2094.4
1,1,1,0,0,1,1,0,0,2,1,15,3,1495.4
1,1,1,0,0,1,1,0,0,3,1,15,3,1420.8
1,1,1,0,0,1,1,0,0,4,1,15,3,1342.4
1,1,1,0,0,1,1,0,0,1,2,15,3,2108.0
1,1,1,0,0,1,1,0,0,2,2,15,3,1462.4
1,1,1,0,0,1,1,0,0,3,2,15,3,1352.2
1,1,1,0,0,1,1,0,0,4,2,15,3,1362.6
1,1,1,0,0,1,1,0,0,1,0,0,6,2131.8
1,1,1,0,0,1,1,0,0,2,0,0,6,1496.8
1,1,1,0,0,1,1,0,0,3,0,0,6,1386.2
1,1,1,0,0,1,1,0,0,4,0,0,6,1331.0
1,1,1,0,0,1,1,0,0,1,1,0,6,2115.4
1,1,1,0,0,1,1,0,0,2,1,0,6,1515.2
1,1,1,0,0,1,1,0,0,3,1,0,6,1430.4
1,1,1,0,0,1,1,0,0,4,1,0,6,1318.4
1,1,1,0,0,1,1,0,0,1,2,0,6,2149.6
1,1,1,0,0,1,1,0,0,2,2,0,6,1464.8
1,1,1,0,0,1,1,0,0,3,2,0,6,1323.8
1,1,1,0,0,1,1,0,0,4,2,0,6,1308.2
1,1,1,0,0,1,1,0,0,1,0,5,6,2116.6
1,1,1,0,0,1,1,0,0,2,0,5,6,1495.6
1,1,1,0,0,1,1,0,0,3,0,5,6,1413.2
1,1,1,0,0,1,1,0,0,4,0,5,6,1337.6
1,1,1,0,0,1,1,0,0,1,1,5,6,2087.0
1,1,1,0,0,1,1,0,0,2,1,5,6,1503.4
1,1,1,0,0,1,1,0,0,3,1,5,6,1405.4
1,1,1,0,0,1,1,0,0,4,1,5,6,1324.8
1,1,1,0,0,1,1,0,0,1,2,5,6,2097.8
1,1,1,0,0,1,1,0,0,2,2,5,6,1493.2
1,1,1,0,0,1,1,0,0,3,2,5,6,1318.4
1,1,1,0,0,1,1,0,0,4,2,5,6,1378.0
1,1,1,0,0,1,1,0,0,1,0,15,6,2101.2
1,1,1,0,0,1,1,0,0,2,0,15,6,1461.6
1,1,1,0,0,1,1,0,0,3,0,15,6,1336.2
1,1,1,0,0,1,1,0,0,4,0,15,6,1392.4
1,1,1,0,0,1,1,0,0,1,1,15,6,2120.6
1,1,1,0,0,1,1,0,0,2,1,15,6,1515.2
1,1,1,0,0,1,1,0,0,3,1,15,6,1413.6
1,1,1,0,0,1,1,0,0,4,1,15,6,1288.8
1,1,1,0,0,1,1,0,0,1,2,15,6,2093.8
1,1,1,0,0,1,1,0,0,2,2,15,6,1479.6
1,1,1,0,0,1,1,0,0,3,2,15,6,1359.0
1,1,1,0,0,1,1,0,0,4,2,15,6,1377.0
1,1,1,0,0,1,1,0,1,1,0,0,0,2117.8
1,1,1,0,0,1,1,0,1,2,0,0,0,1473.0
1,1,1,0,0,1,1,0,1,3,0,0,0,1377.2
1,1,1,0,0,1,1,0,1,4,0,0,0,1330.4
1,1,1,0,0,1,1,0,1,1,1,0,0,2089.6
1,1,1,0,0,1,1,0,1,2,1,0,0,1501.8
1,1,1,0,0,1,1,0,1,3,1,0,0,1421.8
1,1,1,0,0,1,1,0,1,4,1,0,0,1316.8
1,1,1,0,0,1,1,0,1,1,2,0,0,2068.0
1,1,1,0,0,1,1,0,1,2,2,0,0,1485.6
1,1,1,0,0,1,1,0,1,3,2,0,0,1361.0
1,1,1,0,0,1,1,0,1,4,2,0,0,1340.0
1,1,1,0,0,1,1,0,1,1,0,5,0,2130.6
1,1,1,0,0,1,1,0,1,2,0,5,0,1477.4
1,1,1,0,0,1,1,0,1,3,0,5,0,1415.6
1,1,1,0,0,1,1,0,1,4,0,5,0,1331.0
1,1,1,0,0,1,1,0,1,1,1,5,0,2044.4
1,1,1,0,0,1,1,0,1,2,1,5,0,1494.8
1,1,1,0,0,1,1,0,1,3,1,5,0,1433.0
1,1,1,0,0,1,1,0,1,4,1,5,0,1363.2
1,1,1,0,0,1,1,0,1,1,2,5,0,2046.0
1,1,1,0,0,1,1,0,1,2,2,5,0,1488.2
1,1,1,0,0,1,1,0,1,3,2,5,0,1380.2
1,1,1,0,0,1,1,0,1,4,2,5,0,1377.0
1,1,1,0,0,1,1,0,1,1,0,15,0,2124.2
1,1,1,0,0,1,1,0,1,2,0,15,0,1485.4
1,1,1,0,0,1,1,0,1,3,0,15,0,1411.2
1,1,1,0,0,1,1,0,1,4,0,15,0,1318.8
1,1,1,0,0,1,1,0,1,1,1,15,0,2098.2
1,1,1,0,0,1,1,0,1,2,1,15,0,1489.2
1,1,1,0,0,1,1,0,1,3,1,15,0,1414.0
1,1,1,0,0,1,1,0,1,4,1,15,0,1350.0
1,1,1,0,0,1,1,0,1,1,2,15,0,2102.6
1,1,1,0,0,1,1,0,1,2,2,15,0,1452.2
1,1,1,0,0,1,1,0,1,3,2,15,0,1398.6
1,1,1,0,0,1,1,0,1,4,2,15,0,1317.2
1,1,1,0,0,1,1,0,1,1,0,0,3,2140.2
1,1,1,0,0,1,1,0,1,2,0,0,3,1488.4
1,1,1,0,0,1,1,0,1,3,0,0,3,1394.4
1,1,1,0,0,1,1,0,1,4,0,0,3,1319.0
1,1,1,0,0,1,1,0,1,1,1,0,3,2089.6
1,1,1,0,0,1,1,0,1,2,1,0,3,1495.6
1,1,1,0,0,1,1,0,1,3,1,0,3,1399.6
1,1,1,0,0,1,1,0,1,4,1,0,3,1327.4
1,1,1,0,0,1,1,0,1,1,2,0,3,2097.4
1,1,1,0,0,1,1,0,1,2,2,0,3,1468.0
1,1,1,0,0,1,1,0,1,3,2,0,3,1394.8
1,1,1,0,0,1,1,0,1,4,2,0,3,1350.6
1,1,1,0,0,1,1,0,1,1,0,5,3,2094.8
1,1,1,0,0,1,1,0,1,2,0,5,3,1481.2
1,1,1,0,0,1,1,0,1,3,0,5,3,1418.4
1,1,1,0,0,1,1,0,1,4,0,5,3,1332.8
1,1,1,0,0,1,1,0,1,1,1,5,3,2041.4
1,1,1,0,0,1,1,0,1,2,1,5,3,1518.0
1,1,1,0,0,1,1,0,1,3,1,5,3,1355.8
1,1,1,0,0,1,1,0,1,4,1,5,3,1360.8
1,1,1,0,0,1,1,0,1,1,2,5,3,2121.0
1,1,1,0,0,1,1,0,1,2,2,5,3,1518.0
1,1,1,0,0,1,1,0,1,3,2,5,3,1359.2
1,1,1,0,0,1,1,0,1,4,2,5,3,1359.4
1,1,1,0,0,1,1,0,1,1,0,15,3,2146.4
1,1,1,0,0,1,1,0,1,2,0,15,3,1468.4
1,1,1,0,0,1,1,0,1,3,0,15,3,1377.6
1,1,1,0,0,1,1,0,1,4,0,15,3,1329.6
1,1,1,0,0,1,1,0,1,1,1,15,3,2129.0
1,1,1,0,0,1,1,0,1,2,1,15,3,1546.2
1,1,1,0,0,1,1,0,1,3,1,15,3,1352.2
1,1,1,0,0,1,1,0,1,4,1,15,3,1296.6
1,1,1,0,0,1,1,0,1,1,2,15,3,2057.6
1,1,1,0,0,1,1,0,1,2,2,15,3,1504.8
1,1,1,0,0,1,1,0,1,3,2,15,3,1347.4
1,1,1,0,0,1,1,0,1,4,2,15,3,1366.6
1,1,1,0,0,1,1,0,1,1,0,0,6,2140.4
1,1,1,0,0,1,1,0,1,2,0,0,6,1469.6
1,1,1,0,0,1,1,0,1,3,0,0,6,1395.4
1,1,1,0,0,1,1,0,1,4,0,0,6,1344.6
1,1,1,0,0,1,1,0,1,1,1,0,6,2086.2
1,1,1,0,0,1,1,0,1,2,1,0,6,1529.0
1,1,1,0,0,1,1,0,1,3,1,0,6,1389.2
1,1,1,0,0,1,1,0,1,4,1,0,6,1339.8
1,1,1,0,0,1,1,0,1,1,2,0,6,2100.2
1,1,1,0,0,1,1,0,1,2,2,0,6,1434.8
1,1,1,0,0,1,1,0,1,3,2,0,6,1382.8
1,1,1,0,0,1,1,0,1,4,2,0,6,1314.0
1,1,1,0,0,1,1,0,1,1,0,5,6,2166.0
1,1,1,0,0,1,1,0,1,2,0,5,6,1453.2
1,1,1,0,0,1,1,0,1,3,0,5,6,1372.0
1,1,1,0,0,1,1,0,1,4,0,5,6,1337.6
1,1,1,0,0,1,1,0,1,1,1,5,6,2104.2
1,1,1,0,0,1,1,0,1,2,1,5,6,1556.8
1,1,1,0,0,1,1,0,1,3,1,5,6,1372.2
1,1,1,0,0,1,1,0,1,4,1,5,6,1281.8
1,1,1,0,0,1,1,0,1,1,2,5,6,2137.6
1,1,1,0,0,1,1,0,1,2,2,5,6,1488.4
1,1,1,0,0,1,1,0,1,3,2,5,6,1333.2
1,1,1,0,0,1,1,0,1,4,2,5,6,1348.6
1,1,1,0,0,1,1,0,1,1,0,15,6,2175.6
1,1,1,0,0,1,1,0,1,2,0,15,6,1467.2
1,1,1,0,0,1,1,0,1,3,0,15,6,1400.8
1,1,1,0,0,1,1,0,1,4,0,15,6,1317.8
1,1,1,0,0,1,1,0,1,1,1,15,6,2116.8
1,1,1,0,0,1,1,0,1,2,1,15,6,1533.8
1,1,1,0,0,1,1,0,1,3,1,15,6,1356.0
1,1,1,0,0,1,1,0,1,4,1,15,6,1365.4
1,1,1,0,0,1,1,0,1,1,2,15,6,2070.6
1,1,1,0,0,1,1,0,1,2,2,15,6,1508.4
1,1,1,0,0,1,1,0,1,3,2,15,6,1342.0
1,1,1,0,0,1,1,0,1,4,2,15,6,1337.0
