Spouts,Max_spout,Spout_wait,Spliters,Counters,Netty_min_wait,Throughput-
1,1,1,1,1,10,2221.3
1,1,1,1,1,100,2252.4
1,1,1,1,1,1000,2339.1
1,1,1,1,3,10,2150.4
1,1,1,1,3,100,2225.4
1,1,1,1,3,1000,2233.1
1,1,1,1,6,10,2215.5
1,1,1,1,6,100,2124.7
1,1,1,1,6,1000,2260.8
1,1,1,1,12,10,1993.2
1,1,1,1,12,100,2208.4
1,1,1,1,12,1000,2199.6
1,1,1,2,1,10,2377.4
1,1,1,2,1,100,2431.4
1,1,1,2,1,1000,2427.0
1,1,1,2,3,10,2153.5
1,1,1,2,3,100,2146.1
1,1,1,2,3,1000,2195.0
1,1,1,2,6,10,2177.6
1,1,1,2,6,100,2211.6
1,1,1,2,6,1000,2249.9
1,1,1,2,12,10,2201.8
1,1,1,2,12,100,2240.6
1,1,1,2,12,1000,2091.9
1,1,1,3,1,10,3052.8
1,1,1,3,1,100,2787.0
1,1,1,3,1,1000,2780.9
1,1,1,3,3,10,3016.6
1,1,1,3,3,100,3070.8
1,1,1,3,3,1000,3032.4
1,1,1,3,6,10,2863.9
1,1,1,3,6,100,2824.4
1,1,1,3,6,1000,2937.4
1,1,1,3,12,10,2639.6
1,1,1,3,12,100,2913.6
1,1,1,3,12,1000,2811.3
1,1,1,6,1,10,2499.4
1,1,1,6,1,100,2672.8
1,1,1,6,1,1000,2747.8
1,1,1,6,3,10,3022.4
1,1,1,6,3,100,3011.1
1,1,1,6,3,1000,2906.1
1,1,1,6,6,10,2842.4
1,1,1,6,6,100,2933.1
1,1,1,6,6,1000,2897.8
1,1,1,6,12,10,2828.0
1,1,1,6,12,100,2853.2
1,1,1,6,12,1000,2773.1
1,1,2,1,1,10,1949.9
1,1,2,1,1,100,2058.6
1,1,2,1,1,1000,1904.4
1,1,2,1,3,10,2061.6
1,1,2,1,3,100,2039.4
1,1,2,1,3,1000,2059.6
1,1,2,1,6,10,1900.6
1,1,2,1,6,100,2024.4
1,1,2,1,6,1000,1902.9
1,1,2,1,12,10,1871.1
1,1,2,1,12,100,1935.9
1,1,2,1,12,1000,1828.4
1,1,2,2,1,10,2131.6
1,1,2,2,1,100,2105.4
1,1,2,2,1,1000,2043.1
1,1,2,2,3,10,2024.8
1,1,2,2,3,100,2059.7
1,1,2,2,3,1000,1930.5
1,1,2,2,6,10,1923.9
1,1,2,2,6,100,1934.8
1,1,2,2,6,1000,2002.2
1,1,2,2,12,10,1897.6
1,1,2,2,12,100,1878.6
1,1,2,2,12,1000,1853.2
1,1,2,3,1,10,2195.1
1,1,2,3,1,100,2218.6
1,1,2,3,1,1000,2178.8
1,1,2,3,3,10,2328.0
1,1,2,3,3,100,2296.1
1,1,2,3,3,1000,2298.9
1,1,2,3,6,10,2244.8
1,1,2,3,6,100,2271.5
1,1,2,3,6,1000,2249.0
1,1,2,3,12,10,2234.6
1,1,2,3,12,100,2195.8
1,1,2,3,12,1000,2276.9
1,1,2,6,1,10,2215.4
1,1,2,6,1,100,2226.2
1,1,2,6,1,1000,2186.9
1,1,2,6,3,10,2329.1
1,1,2,6,3,100,2309.2
1,1,2,6,3,1000,2331.9
1,1,2,6,6,10,2205.5
1,1,2,6,6,100,2306.2
1,1,2,6,6,1000,2230.9
1,1,2,6,12,10,2311.2
1,1,2,6,12,100,2224.8
1,1,2,6,12,1000,2323.4
1,1,3,1,1,10,1585.9
1,1,3,1,1,100,1558.7
1,1,3,1,1,1000,1684.1
1,1,3,1,3,10,1620.4
1,1,3,1,3,100,1632.9
1,1,3,1,3,1000,1624.9
1,1,3,1,6,10,1669.5
1,1,3,1,6,100,1611.8
1,1,3,1,6,1000,1574.6
1,1,3,1,12,10,1568.2
1,1,3,1,12,100,1617.0
1,1,3,1,12,1000,1623.1
1,1,3,2,1,10,1834.4
1,1,3,2,1,100,1712.3
1,1,3,2,1,1000,1778.3
1,1,3,2,3,10,1681.6
1,1,3,2,3,100,1757.4
1,1,3,2,3,1000,1713.9
1,1,3,2,6,10,1561.1
1,1,3,2,6,100,1655.8
1,1,3,2,6,1000,1599.6
1,1,3,2,12,10,1646.8
1,1,3,2,12,100,1680.9
1,1,3,2,12,1000,1623.2
1,1,3,3,1,10,2105.5
1,1,3,3,1,100,2119.5
1,1,3,3,1,1000,2105.8
1,1,3,3,3,10,2010.2
1,1,3,3,3,100,2141.3
1,1,3,3,3,1000,2196.2
1,1,3,3,6,10,2111.5
1,1,3,3,6,100,2114.3
1,1,3,3,6,1000,2073.1
1,1,3,3,12,10,1907.6
1,1,3,3,12,100,1875.6
1,1,3,3,12,1000,1979.1
1,1,3,6,1,10,2153.1
1,1,3,6,1,100,2147.8
1,1,3,6,1,1000,2226.6
1,1,3,6,3,10,2104.8
1,1,3,6,3,100,2090.1
1,1,3,6,3,1000,2140.8
1,1,3,6,6,10,1954.1
1,1,3,6,6,100,2011.5
1,1,3,6,6,1000,1960.8
1,1,3,6,12,10,1943.5
1,1,3,6,12,100,1987.8
1,1,3,6,12,1000,1943.6
1,1,10,1,1,10,955.06
1,1,10,1,1,100,936.94
1,1,10,1,1,1000,897.12
1,1,10,1,3,10,897.41
1,1,10,1,3,100,877.88
1,1,10,1,3,1000,902.38
1,1,10,1,6,10,919.41
1,1,10,1,6,100,857.06
1,1,10,1,6,1000,925.75
1,1,10,1,12,10,900.76
1,1,10,1,12,100,882.0
1,1,10,1,12,1000,920.88
1,1,10,2,1,10,917.25
1,1,10,2,1,100,884.56
1,1,10,2,1,1000,902.12
1,1,10,2,3,10,869.24
1,1,10,2,3,100,902.41
1,1,10,2,3,1000,893.71
1,1,10,2,6,10,890.12
1,1,10,2,6,100,928.44
1,1,10,2,6,1000,876.75
1,1,10,2,12,10,949.81
1,1,10,2,12,100,841.71
1,1,10,2,12,1000,898.76
1,1,10,3,1,10,893.82
1,1,10,3,1,100,896.94
1,1,10,3,1,1000,918.76
1,1,10,3,3,10,917.53
1,1,10,3,3,100,889.71
1,1,10,3,3,1000,912.0
1,1,10,3,6,10,925.59
1,1,10,3,6,100,915.35
1,1,10,3,6,1000,901.75
1,1,10,3,12,10,831.06
1,1,10,3,12,100,867.0
1,1,10,3,12,1000,944.31
1,1,10,6,1,10,865.76
1,1,10,6,1,100,877.35
1,1,10,6,1,1000,890.24
1,1,10,6,3,10,919.62
1,1,10,6,3,100,897.69
1,1,10,6,3,1000,919.69
1,1,10,6,6,10,890.75
1,1,10,6,6,100,949.82
1,1,10,6,6,1000,918.94
1,1,10,6,12,10,937.06
1,1,10,6,12,100,933.69
1,1,10,6,12,1000,949.75
1,1,100,1,1,10,89.412
1,1,100,1,1,100,89.941
1,1,100,1,1,1000,103.12
1,1,100,1,3,10,92.688
1,1,100,1,3,100,90.588
1,1,100,1,3,1000,88.062
1,1,100,1,6,10,96.5
1,1,100,1,6,100,90.562
1,1,100,1,6,1000,94.588
1,1,100,1,12,10,100.12
1,1,100,1,12,100,89.941
1,1,100,1,12,1000,90.25
1,1,100,2,1,10,97.882
1,1,100,2,1,100,88.471
1,1,100,2,1,1000,95.125
1,1,100,2,3,10,94.75
1,1,100,2,3,100,96.176
1,1,100,2,3,1000,81.882
1,1,100,2,6,10,89.059
1,1,100,2,6,100,107.41
1,1,100,2,6,1000,84.529
1,1,100,2,12,10,85.706
1,1,100,2,12,100,98.471
1,1,100,2,12,1000,92.118
1,1,100,3,1,10,89.529
1,1,100,3,1,100,99.625
1,1,100,3,1,1000,101.29
1,1,100,3,3,10,81.812
1,1,100,3,3,100,83.588
1,1,100,3,3,1000,102.44
1,1,100,3,6,10,97.059
1,1,100,3,6,100,94.235
1,1,100,3,6,1000,94.294
1,1,100,3,12,10,94.235
1,1,100,3,12,100,72.75
1,1,100,3,12,1000,104.25
1,1,100,6,1,10,82.412
1,1,100,6,1,100,102.88
1,1,100,6,1,1000,87.235
1,1,100,6,3,10,100.06
1,1,100,6,3,100,87.625
1,1,100,6,3,1000,96.176
1,1,100,6,6,10,88.353
1,1,100,6,6,100,106.69
1,1,100,6,6,1000,78.75
1,1,100,6,12,10,90.938
1,1,100,6,12,100,98.529
1,1,100,6,12,1000,91.647
1,2,1,1,1,10,4024.2
1,2,1,1,1,100,3847.5
1,2,1,1,1,1000,4067.4
1,2,1,1,3,10,4268.0
1,2,1,1,3,100,4303.6
1,2,1,1,3,1000,4257.5
1,2,1,1,6,10,4075.8
1,2,1,1,6,100,4100.6
1,2,1,1,6,1000,4122.1
1,2,1,1,12,10,3955.6
1,2,1,1,12,100,3924.0
1,2,1,1,12,1000,4267.6
1,2,1,2,1,10,4792.8
1,2,1,2,1,100,4802.5
1,2,1,2,1,1000,4775.6
1,2,1,2,3,10,4146.8
1,2,1,2,3,100,4258.5
1,2,1,2,3,1000,3984.9
1,2,1,2,6,10,4166.2
1,2,1,2,6,100,4113.8
1,2,1,2,6,1000,4088.6
1,2,1,2,12,10,4229.9
1,2,1,2,12,100,4133.6
1,2,1,2,12,1000,4098.5
1,2,1,3,1,10,4645.9
1,2,1,3,1,100,4655.7
1,2,1,3,1,1000,4710.1
1,2,1,3,3,10,5186.6
1,2,1,3,3,100,5400.1
1,2,1,3,3,1000,5350.4
1,2,1,3,6,10,4971.7
1,2,1,3,6,100,5019.4
1,2,1,3,6,1000,5171.8
1,2,1,3,12,10,4973.1
1,2,1,3,12,100,4959.9
1,2,1,3,12,1000,4943.9
1,2,1,6,1,10,4746.7
1,2,1,6,1,100,4752.2
1,2,1,6,1,1000,4705.4
1,2,1,6,3,10,5171.2
1,2,1,6,3,100,5353.9
1,2,1,6,3,1000,5156.8
1,2,1,6,6,10,5083.4
1,2,1,6,6,100,4893.2
1,2,1,6,6,1000,5198.4
1,2,1,6,12,10,4862.5
1,2,1,6,12,100,4865.2
1,2,1,6,12,1000,5005.2
1,2,2,1,1,10,3463.2
1,2,2,1,1,100,3540.6
1,2,2,1,1,1000,3620.8
1,2,2,1,3,10,3706.6
1,2,2,1,3,100,3664.1
1,2,2,1,3,1000,3667.8
1,2,2,1,6,10,3666.8
1,2,2,1,6,100,3549.6
1,2,2,1,6,1000,3495.6
1,2,2,1,12,10,3345.7
1,2,2,1,12,100,3425.4
1,2,2,1,12,1000,3344.7
1,2,2,2,1,10,3785.7
1,2,2,2,1,100,4072.2
1,2,2,2,1,1000,4090.2
1,2,2,2,3,10,3851.6
1,2,2,2,3,100,3726.6
1,2,2,2,3,1000,3875.7
1,2,2,2,6,10,3858.7
1,2,2,2,6,100,3709.8
1,2,2,2,6,1000,3688.9
1,2,2,2,12,10,3757.8
1,2,2,2,12,100,3571.4
1,2,2,2,12,1000,3655.6
1,2,2,3,1,10,4005.0
1,2,2,3,1,100,3909.1
1,2,2,3,1,1000,3755.2
1,2,2,3,3,10,4257.7
1,2,2,3,3,100,4296.8
1,2,2,3,3,1000,4361.8
1,2,2,3,6,10,4146.8
1,2,2,3,6,100,4213.1
1,2,2,3,6,1000,4011.7
1,2,2,3,12,10,4099.2
1,2,2,3,12,100,4044.7
1,2,2,3,12,1000,4168.1
1,2,2,6,1,10,3900.4
1,2,2,6,1,100,3922.9
1,2,2,6,1,1000,3870.9
1,2,2,6,3,10,4060.4
1,2,2,6,3,100,4134.2
1,2,2,6,3,1000,4203.9
1,2,2,6,6,10,4063.8
1,2,2,6,6,100,3964.2
1,2,2,6,6,1000,4000.5
1,2,2,6,12,10,3987.3
1,2,2,6,12,100,3994.7
1,2,2,6,12,1000,4087.8
1,2,3,1,1,10,2959.4
1,2,3,1,1,100,2947.2
1,2,3,1,1,1000,3000.6
1,2,3,1,3,10,3184.7
1,2,3,1,3,100,2882.2
1,2,3,1,3,1000,3135.7
1,2,3,1,6,10,3009.9
1,2,3,1,6,100,3032.8
1,2,3,1,6,1000,2950.2
1,2,3,1,12,10,2981.9
1,2,3,1,12,100,2947.1
1,2,3,1,12,1000,3081.6
1,2,3,2,1,10,3600.4
1,2,3,2,1,100,3171.1
1,2,3,2,1,1000,3539.2
1,2,3,2,3,10,3298.7
1,2,3,2,3,100,3235.4
1,2,3,2,3,1000,3320.2
1,2,3,2,6,10,3256.7
1,2,3,2,6,100,3313.9
1,2,3,2,6,1000,3234.3
1,2,3,2,12,10,3092.6
1,2,3,2,12,100,3082.9
1,2,3,2,12,1000,3082.2
1,2,3,3,1,10,3512.6
1,2,3,3,1,100,3491.9
1,2,3,3,1,1000,3484.0
1,2,3,3,3,10,3649.1
1,2,3,3,3,100,3653.6
1,2,3,3,3,1000,3572.2
1,2,3,3,6,10,3655.5
1,2,3,3,6,100,3521.9
1,2,3,3,6,1000,3526.5
1,2,3,3,12,10,3395.8
1,2,3,3,12,100,3327.0
1,2,3,3,12,1000,3506.1
1,2,3,6,1,10,3330.8
1,2,3,6,1,100,3375.1
1,2,3,6,1,1000,3323.0
1,2,3,6,3,10,3512.2
1,2,3,6,3,100,3648.6
1,2,3,6,3,1000,3627.4
1,2,3,6,6,10,3388.6
1,2,3,6,6,100,3444.8
1,2,3,6,6,1000,3343.2
1,2,3,6,12,10,3349.0
1,2,3,6,12,100,3488.3
1,2,3,6,12,1000,3199.3
1,2,10,1,1,10,1812.1
1,2,10,1,1,100,1781.2
1,2,10,1,1,1000,1666.2
1,2,10,1,3,10,1851.5
1,2,10,1,3,100,1776.2
1,2,10,1,3,1000,1803.3
1,2,10,1,6,10,1761.1
1,2,10,1,6,100,1748.6
1,2,10,1,6,1000,1761.5
1,2,10,1,12,10,1776.1
1,2,10,1,12,100,1853.1
1,2,10,1,12,1000,1729.5
1,2,10,2,1,10,1803.8
1,2,10,2,1,100,1819.5
1,2,10,2,1,1000,1800.4
1,2,10,2,3,10,1754.5
1,2,10,2,3,100,1786.2
1,2,10,2,3,1000,1850.0
1,2,10,2,6,10,1792.6
1,2,10,2,6,100,1771.8
1,2,10,2,6,1000,1662.2
1,2,10,2,12,10,1838.8
1,2,10,2,12,100,1722.8
1,2,10,2,12,1000,1722.9
1,2,10,3,1,10,1673.9
1,2,10,3,1,100,1778.8
1,2,10,3,1,1000,1651.5
1,2,10,3,3,10,1812.5
1,2,10,3,3,100,1821.2
1,2,10,3,3,1000,1772.3
1,2,10,3,6,10,1828.4
1,2,10,3,6,100,1837.8
1,2,10,3,6,1000,1748.9
1,2,10,3,12,10,1807.3
1,2,10,3,12,100,1808.8
1,2,10,3,12,1000,1733.8
1,2,10,6,1,10,1782.1
1,2,10,6,1,100,1751.8
1,2,10,6,1,1000,1795.8
1,2,10,6,3,10,1826.5
1,2,10,6,3,100,1846.8
1,2,10,6,3,1000,1789.1
1,2,10,6,6,10,1811.1
1,2,10,6,6,100,1769.7
1,2,10,6,6,1000,1767.9
1,2,10,6,12,10,1774.1
1,2,10,6,12,100,1817.0
1,2,10,6,12,1000,1800.1
1,2,100,1,1,10,197.5
1,2,100,1,1,100,181.94
1,2,100,1,1,1000,174.76
1,2,100,1,3,10,204.44
1,2,100,1,3,100,198.5
1,2,100,1,3,1000,183.53
1,2,100,1,6,10,197.38
1,2,100,1,6,100,188.31
1,2,100,1,6,1000,172.56
1,2,100,1,12,10,181.53
1,2,100,1,12,100,196.24
1,2,100,1,12,1000,193.0
1,2,100,2,1,10,187.47
1,2,100,2,1,100,179.0
1,2,100,2,1,1000,182.88
1,2,100,2,3,10,185.94
1,2,100,2,3,100,182.29
1,2,100,2,3,1000,197.62
1,2,100,2,6,10,177.18
1,2,100,2,6,100,178.56
1,2,100,2,6,1000,191.31
1,2,100,2,12,10,211.12
1,2,100,2,12,100,192.18
1,2,100,2,12,1000,188.5
1,2,100,3,1,10,172.71
1,2,100,3,1,100,190.06
1,2,100,3,1,1000,182.71
1,2,100,3,3,10,186.62
1,2,100,3,3,100,186.12
1,2,100,3,3,1000,191.0
1,2,100,3,6,10,199.0
1,2,100,3,6,100,196.06
1,2,100,3,6,1000,184.19
1,2,100,3,12,10,175.88
1,2,100,3,12,100,171.06
1,2,100,3,12,1000,181.88
1,2,100,6,1,10,195.0
1,2,100,6,1,100,197.65
1,2,100,6,1,1000,211.31
1,2,100,6,3,10,203.82
1,2,100,6,3,100,179.88
1,2,100,6,3,1000,193.06
1,2,100,6,6,10,194.19
1,2,100,6,6,100,175.24
1,2,100,6,6,1000,182.0
1,2,100,6,12,10,195.76
1,2,100,6,12,100,164.12
1,2,100,6,12,1000,201.25
1,10,1,1,1,10,9086.7
1,10,1,1,1,100,8811.5
1,10,1,1,1,1000,9306.6
1,10,1,1,3,10,11886.0
1,10,1,1,3,100,12208.0
1,10,1,1,3,1000,12078.0
1,10,1,1,6,10,11598.0
1,10,1,1,6,100,11508.0
1,10,1,1,6,1000,10764.0
1,10,1,1,12,10,10747.0
1,10,1,1,12,100,10754.0
1,10,1,1,12,1000,10576.0
1,10,1,2,1,10,10796.0
1,10,1,2,1,100,11618.0
1,10,1,2,1,1000,11260.0
1,10,1,2,3,10,13232.0
1,10,1,2,3,100,13066.0
1,10,1,2,3,1000,13513.0
1,10,1,2,6,10,12074.0
1,10,1,2,6,100,12266.0
1,10,1,2,6,1000,12545.0
1,10,1,2,12,10,10691.0
1,10,1,2,12,100,11582.0
1,10,1,2,12,1000,11698.0
1,10,1,3,1,10,9232.4
1,10,1,3,1,100,9009.1
1,10,1,3,1,1000,8964.1
1,10,1,3,3,10,13260.0
1,10,1,3,3,100,12827.0
1,10,1,3,3,1000,13494.0
1,10,1,3,6,10,13540.0
1,10,1,3,6,100,13519.0
1,10,1,3,6,1000,13699.0
1,10,1,3,12,10,12951.0
1,10,1,3,12,100,12830.0
1,10,1,3,12,1000,12855.0
1,10,1,6,1,10,9442.4
1,10,1,6,1,100,9113.3
1,10,1,6,1,1000,9324.8
1,10,1,6,3,10,12625.0
1,10,1,6,3,100,13520.0
1,10,1,6,3,1000,13582.0
1,10,1,6,6,10,14299.0
1,10,1,6,6,100,13755.0
1,10,1,6,6,1000,13591.0
1,10,1,6,12,10,13208.0
1,10,1,6,12,100,13569.0
1,10,1,6,12,1000,12519.0
1,10,2,1,1,10,8630.2
1,10,2,1,1,100,8744.0
1,10,2,1,1,1000,8622.8
1,10,2,1,3,10,12539.0
1,10,2,1,3,100,12582.0
1,10,2,1,3,1000,12208.0
1,10,2,1,6,10,12075.0
1,10,2,1,6,100,11948.0
1,10,2,1,6,1000,11642.0
1,10,2,1,12,10,11232.0
1,10,2,1,12,100,11478.0
1,10,2,1,12,1000,10974.0
1,10,2,2,1,10,10639.0
1,10,2,2,1,100,10829.0
1,10,2,2,1,1000,10534.0
1,10,2,2,3,10,12802.0
1,10,2,2,3,100,12341.0
1,10,2,2,3,1000,12781.0
1,10,2,2,6,10,11900.0
1,10,2,2,6,100,11824.0
1,10,2,2,6,1000,11728.0
1,10,2,2,12,10,11063.0
1,10,2,2,12,100,11581.0
1,10,2,2,12,1000,11108.0
1,10,2,3,1,10,8581.1
1,10,2,3,1,100,9024.0
1,10,2,3,1,1000,9338.5
1,10,2,3,3,10,12416.0
1,10,2,3,3,100,12566.0
1,10,2,3,3,1000,12765.0
1,10,2,3,6,10,12751.0
1,10,2,3,6,100,12461.0
1,10,2,3,6,1000,13284.0
1,10,2,3,12,10,12004.0
1,10,2,3,12,100,11904.0
1,10,2,3,12,1000,11916.0
1,10,2,6,1,10,9442.4
1,10,2,6,1,100,9274.0
1,10,2,6,1,1000,8784.4
1,10,2,6,3,10,11863.0
1,10,2,6,3,100,12015.0
1,10,2,6,3,1000,12226.0
1,10,2,6,6,10,12255.0
1,10,2,6,6,100,11448.0
1,10,2,6,6,1000,12882.0
1,10,2,6,12,10,11603.0
1,10,2,6,12,100,11500.0
1,10,2,6,12,1000,12502.0
1,10,3,1,1,10,8033.9
1,10,3,1,1,100,8122.3
1,10,3,1,1,1000,8156.6
1,10,3,1,3,10,11474.0
1,10,3,1,3,100,11325.0
1,10,3,1,3,1000,11364.0
1,10,3,1,6,10,11200.0
1,10,3,1,6,100,11098.0
1,10,3,1,6,1000,10879.0
1,10,3,1,12,10,10662.0
1,10,3,1,12,100,10498.0
1,10,3,1,12,1000,10902.0
1,10,3,2,1,10,10230.0
1,10,3,2,1,100,9970.2
1,10,3,2,1,1000,10102.0
1,10,3,2,3,10,12481.0
1,10,3,2,3,100,11904.0
1,10,3,2,3,1000,12015.0
1,10,3,2,6,10,11974.0
1,10,3,2,6,100,11771.0
1,10,3,2,6,1000,11785.0
1,10,3,2,12,10,11422.0
1,10,3,2,12,100,11036.0
1,10,3,2,12,1000,11439.0
1,10,3,3,1,10,8475.6
1,10,3,3,1,100,8017.6
1,10,3,3,1,1000,8698.6
1,10,3,3,3,10,11488.0
1,10,3,3,3,100,11971.0
1,10,3,3,3,1000,11102.0
1,10,3,3,6,10,11310.0
1,10,3,3,6,100,11614.0
1,10,3,3,6,1000,11290.0
1,10,3,3,12,10,10905.0
1,10,3,3,12,100,11417.0
1,10,3,3,12,1000,10712.0
1,10,3,6,1,10,8717.1
1,10,3,6,1,100,8735.0
1,10,3,6,1,1000,8546.1
1,10,3,6,3,10,11570.0
1,10,3,6,3,100,11375.0
1,10,3,6,3,1000,11191.0
1,10,3,6,6,10,11812.0
1,10,3,6,6,100,11232.0
1,10,3,6,6,1000,11394.0
1,10,3,6,12,10,11066.0
1,10,3,6,12,100,11012.0
1,10,3,6,12,1000,10709.0
1,10,10,1,1,10,5964.3
1,10,10,1,1,100,6091.4
1,10,10,1,1,1000,6027.7
1,10,10,1,3,10,7597.6
1,10,10,1,3,100,7632.9
1,10,10,1,3,1000,7538.6
1,10,10,1,6,10,7585.1
1,10,10,1,6,100,7716.2
1,10,10,1,6,1000,7512.5
1,10,10,1,12,10,7139.5
1,10,10,1,12,100,7210.4
1,10,10,1,12,1000,7086.8
1,10,10,2,1,10,6757.0
1,10,10,2,1,100,6743.1
1,10,10,2,1,1000,6790.6
1,10,10,2,3,10,8413.4
1,10,10,2,3,100,8407.6
1,10,10,2,3,1000,8248.2
1,10,10,2,6,10,8030.2
1,10,10,2,6,100,8321.8
1,10,10,2,6,1000,8351.2
1,10,10,2,12,10,7716.2
1,10,10,2,12,100,7922.1
1,10,10,2,12,1000,7975.0
1,10,10,3,1,10,5807.9
1,10,10,3,1,100,5929.2
1,10,10,3,1,1000,6039.3
1,10,10,3,3,10,7336.0
1,10,10,3,3,100,7172.8
1,10,10,3,3,1000,7513.1
1,10,10,3,6,10,7966.5
1,10,10,3,6,100,7174.1
1,10,10,3,6,1000,7784.9
1,10,10,3,12,10,7160.4
1,10,10,3,12,100,7362.3
1,10,10,3,12,1000,7365.4
1,10,10,6,1,10,6058.1
1,10,10,6,1,100,5938.5
1,10,10,6,1,1000,6107.1
1,10,10,6,3,10,7293.1
1,10,10,6,3,100,7527.1
1,10,10,6,3,1000,7233.7
1,10,10,6,6,10,7778.5
1,10,10,6,6,100,7710.1
1,10,10,6,6,1000,7602.9
1,10,10,6,12,10,7616.6
1,10,10,6,12,100,7335.6
1,10,10,6,12,1000,7237.4
1,10,100,1,1,10,956.0
1,10,100,1,1,100,903.06
1,10,100,1,1,1000,878.19
1,10,100,1,3,10,932.59
1,10,100,1,3,100,926.82
1,10,100,1,3,1000,912.88
1,10,100,1,6,10,904.12
1,10,100,1,6,100,918.65
1,10,100,1,6,1000,923.94
1,10,100,1,12,10,954.69
1,10,100,1,12,100,927.94
1,10,100,1,12,1000,941.47
1,10,100,2,1,10,906.76
1,10,100,2,1,100,927.65
1,10,100,2,1,1000,903.0
1,10,100,2,3,10,921.69
1,10,100,2,3,100,963.62
1,10,100,2,3,1000,993.94
1,10,100,2,6,10,920.56
1,10,100,2,6,100,941.47
1,10,100,2,6,1000,937.18
1,10,100,2,12,10,985.56
1,10,100,2,12,100,927.38
1,10,100,2,12,1000,945.56
1,10,100,3,1,10,948.29
1,10,100,3,1,100,922.0
1,10,100,3,1,1000,896.38
1,10,100,3,3,10,948.56
1,10,100,3,3,100,891.19
1,10,100,3,3,1000,891.71
1,10,100,3,6,10,919.29
1,10,100,3,6,100,916.5
1,10,100,3,6,1000,900.82
1,10,100,3,12,10,925.71
1,10,100,3,12,100,914.06
1,10,100,3,12,1000,918.35
1,10,100,6,1,10,943.29
1,10,100,6,1,100,945.12
1,10,100,6,1,1000,960.06
1,10,100,6,3,10,929.0
1,10,100,6,3,100,930.24
1,10,100,6,3,1000,942.06
1,10,100,6,6,10,948.47
1,10,100,6,6,100,887.65
1,10,100,6,6,1000,895.62
1,10,100,6,12,10,932.53
1,10,100,6,12,100,886.12
1,10,100,6,12,1000,904.29
1,100,1,1,1,10,9149.9
1,100,1,1,1,100,9322.0
1,100,1,1,1,1000,9029.2
1,100,1,1,3,10,12376.0
1,100,1,1,3,100,12015.0
1,100,1,1,3,1000,12675.0
1,100,1,1,6,10,13757.0
1,100,1,1,6,100,13669.0
1,100,1,1,6,1000,13000.0
1,100,1,1,12,10,15199.0
1,100,1,1,12,100,15001.0
1,100,1,1,12,1000,15036.0
1,100,1,2,1,10,8051.2
1,100,1,2,1,100,8333.7
1,100,1,2,1,1000,8328.4
1,100,1,2,3,10,14085.0
1,100,1,2,3,100,14193.0
1,100,1,2,3,1000,13954.0
1,100,1,2,6,10,16810.0
1,100,1,2,6,100,17251.0
1,100,1,2,6,1000,17394.0
1,100,1,2,12,10,21658.0
1,100,1,2,12,100,19990.0
1,100,1,2,12,1000,20302.0
1,100,1,3,1,10,8530.7
1,100,1,3,1,100,8397.5
1,100,1,3,1,1000,8037.4
1,100,1,3,3,10,12212.0
1,100,1,3,3,100,12501.0
1,100,1,3,3,1000,12145.0
1,100,1,3,6,10,13252.0
1,100,1,3,6,100,12713.0
1,100,1,3,6,1000,13117.0
1,100,1,3,12,10,13403.0
1,100,1,3,12,100,12873.0
1,100,1,3,12,1000,13450.0
1,100,1,6,1,10,8200.5
1,100,1,6,1,100,8425.4
1,100,1,6,1,1000,8520.8
1,100,1,6,3,10,12871.0
1,100,1,6,3,100,12677.0
1,100,1,6,3,1000,12570.0
1,100,1,6,6,10,13227.0
1,100,1,6,6,100,13657.0
1,100,1,6,6,1000,13543.0
1,100,1,6,12,10,15066.0
1,100,1,6,12,100,13929.0
1,100,1,6,12,1000,14318.0
1,100,2,1,1,10,8957.1
1,100,2,1,1,100,9168.9
1,100,2,1,1,1000,9002.1
1,100,2,1,3,10,13008.0
1,100,2,1,3,100,13593.0
1,100,2,1,3,1000,12068.0
1,100,2,1,6,10,14203.0
1,100,2,1,6,100,14631.0
1,100,2,1,6,1000,13395.0
1,100,2,1,12,10,14933.0
1,100,2,1,12,100,15432.0
1,100,2,1,12,1000,15115.0
1,100,2,2,1,10,8599.6
1,100,2,2,1,100,8325.9
1,100,2,2,1,1000,8185.6
1,100,2,2,3,10,14337.0
1,100,2,2,3,100,14667.0
1,100,2,2,3,1000,13626.0
1,100,2,2,6,10,17878.0
1,100,2,2,6,100,17609.0
1,100,2,2,6,1000,17755.0
1,100,2,2,12,10,20514.0
1,100,2,2,12,100,22059.0
1,100,2,2,12,1000,21161.0
1,100,2,3,1,10,8640.6
1,100,2,3,1,100,8482.5
1,100,2,3,1,1000,8625.1
1,100,2,3,3,10,13446.0
1,100,2,3,3,100,13178.0
1,100,2,3,3,1000,13087.0
1,100,2,3,6,10,13596.0
1,100,2,3,6,100,13295.0
1,100,2,3,6,1000,13664.0
1,100,2,3,12,10,13682.0
1,100,2,3,12,100,14441.0
1,100,2,3,12,1000,14043.0
1,100,2,6,1,10,8835.2
1,100,2,6,1,100,8856.9
1,100,2,6,1,1000,8643.2
1,100,2,6,3,10,12480.0
1,100,2,6,3,100,13236.0
1,100,2,6,3,1000,12850.0
1,100,2,6,6,10,13910.0
1,100,2,6,6,100,14124.0
1,100,2,6,6,1000,14169.0
1,100,2,6,12,10,14892.0
1,100,2,6,12,100,14937.0
1,100,2,6,12,1000,14380.0
1,100,3,1,1,10,9265.7
1,100,3,1,1,100,9346.5
1,100,3,1,1,1000,9000.9
1,100,3,1,3,10,12821.0
1,100,3,1,3,100,14109.0
1,100,3,1,3,1000,12858.0
1,100,3,1,6,10,14524.0
1,100,3,1,6,100,14411.0
1,100,3,1,6,1000,14643.0
1,100,3,1,12,10,15994.0
1,100,3,1,12,100,15352.0
1,100,3,1,12,1000,15168.0
1,100,3,2,1,10,8122.2
1,100,3,2,1,100,8521.0
1,100,3,2,1,1000,8410.2
1,100,3,2,3,10,14415.0
1,100,3,2,3,100,15219.0
1,100,3,2,3,1000,14310.0
1,100,3,2,6,10,18658.0
1,100,3,2,6,100,17635.0
1,100,3,2,6,1000,17674.0
1,100,3,2,12,10,21565.0
1,100,3,2,12,100,21352.0
1,100,3,2,12,1000,21688.0
1,100,3,3,1,10,8822.6
1,100,3,3,1,100,8443.6
1,100,3,3,1,1000,8619.3
1,100,3,3,3,10,13553.0
1,100,3,3,3,100,12454.0
1,100,3,3,3,1000,12446.0
1,100,3,3,6,10,13554.0
1,100,3,3,6,100,13659.0
1,100,3,3,6,1000,13887.0
1,100,3,3,12,10,14358.0
1,100,3,3,12,100,14202.0
1,100,3,3,12,1000,14271.0
1,100,3,6,1,10,8436.6
1,100,3,6,1,100,8716.1
1,100,3,6,1,1000,8639.5
1,100,3,6,3,10,13350.0
1,100,3,6,3,100,13079.0
1,100,3,6,3,1000,13198.0
1,100,3,6,6,10,13602.0
1,100,3,6,6,100,13955.0
1,100,3,6,6,1000,13875.0
1,100,3,6,12,10,14267.0
1,100,3,6,12,100,15747.0
1,100,3,6,12,1000,15640.0
1,100,10,1,1,10,9115.9
1,100,10,1,1,100,9395.8
1,100,10,1,1,1000,9043.3
1,100,10,1,3,10,13820.0
1,100,10,1,3,100,13138.0
1,100,10,1,3,1000,13787.0
1,100,10,1,6,10,14436.0
1,100,10,1,6,100,15508.0
1,100,10,1,6,1000,14638.0
1,100,10,1,12,10,15608.0
1,100,10,1,12,100,15259.0
1,100,10,1,12,1000,15945.0
1,100,10,2,1,10,8624.4
1,100,10,2,1,100,8651.7
1,100,10,2,1,1000,8627.7
1,100,10,2,3,10,14558.0
1,100,10,2,3,100,15426.0
1,100,10,2,3,1000,15298.0
1,100,10,2,6,10,17656.0
1,100,10,2,6,100,18907.0
1,100,10,2,6,1000,18575.0
1,100,10,2,12,10,21563.0
1,100,10,2,12,100,22829.0
1,100,10,2,12,1000,22207.0
1,100,10,3,1,10,8476.8
1,100,10,3,1,100,8477.5
1,100,10,3,1,1000,8829.5
1,100,10,3,3,10,13661.0
1,100,10,3,3,100,13082.0
1,100,10,3,3,1000,12996.0
1,100,10,3,6,10,14825.0
1,100,10,3,6,100,14107.0
1,100,10,3,6,1000,14830.0
1,100,10,3,12,10,14991.0
1,100,10,3,12,100,14945.0
1,100,10,3,12,1000,15737.0
1,100,10,6,1,10,9057.9
1,100,10,6,1,100,9105.5
1,100,10,6,1,1000,8649.6
1,100,10,6,3,10,14008.0
1,100,10,6,3,100,14262.0
1,100,10,6,3,1000,14028.0
1,100,10,6,6,10,14758.0
1,100,10,6,6,100,15261.0
1,100,10,6,6,1000,15281.0
1,100,10,6,12,10,17348.0
1,100,10,6,12,100,15917.0
1,100,10,6,12,1000,15974.0
1,100,100,1,1,10,7323.1
1,100,100,1,1,100,7602.1
1,100,100,1,1,1000,7511.2
1,100,100,1,3,10,9130.2
1,100,100,1,3,100,8942.5
1,100,100,1,3,1000,8755.9
1,100,100,1,6,10,8981.9
1,100,100,1,6,100,8750.6
1,100,100,1,6,1000,8624.5
1,100,100,1,12,10,8875.2
1,100,100,1,12,100,9090.4
1,100,100,1,12,1000,8643.9
1,100,100,2,1,10,8096.6
1,100,100,2,1,100,7955.0
1,100,100,2,1,1000,7745.8
1,100,100,2,3,10,9187.3
1,100,100,2,3,100,9176.5
1,100,100,2,3,1000,9113.5
1,100,100,2,6,10,9181.2
1,100,100,2,6,100,9028.8
1,100,100,2,6,1000,8956.9
1,100,100,2,12,10,8716.2
1,100,100,2,12,100,9232.1
1,100,100,2,12,1000,9390.8
1,100,100,3,1,10,7631.1
1,100,100,3,1,100,7585.8
1,100,100,3,1,1000,7319.2
1,100,100,3,3,10,8360.2
1,100,100,3,3,100,8526.0
1,100,100,3,3,1000,8514.6
1,100,100,3,6,10,8790.9
1,100,100,3,6,100,8613.4
1,100,100,3,6,1000,8695.9
1,100,100,3,12,10,8197.6
1,100,100,3,12,100,8565.8
1,100,100,3,12,1000,8590.9
1,100,100,6,1,10,7353.7
1,100,100,6,1,100,7521.7
1,100,100,6,1,1000,7581.6
1,100,100,6,3,10,8533.4
1,100,100,6,3,100,8179.8
1,100,100,6,3,1000,8142.2
1,100,100,6,6,10,8495.9
1,100,100,6,6,100,8034.7
1,100,100,6,6,1000,8333.8
1,100,100,6,12,10,8185.5
1,100,100,6,12,100,8308.1
1,100,100,6,12,1000,7929.9
1,1000,1,1,1,10,10000.0
1,1000,1,1,1,100,9800.2
1,1000,1,1,1,1000,9953.5
1,1000,1,1,3,10,14417.0
1,1000,1,1,3,100,14672.0
1,1000,1,1,3,1000,14451.0
1,1000,1,1,6,10,15415.0
1,1000,1,1,6,100,15885.0
1,1000,1,1,6,1000,15807.0
1,1000,1,1,12,10,17746.0
1,1000,1,1,12,100,16416.0
1,1000,1,1,12,1000,16418.0
1,1000,1,2,1,10,8161.5
1,1000,1,2,1,100,8632.8
1,1000,1,2,1,1000,8406.1
1,1000,1,2,3,10,16152.0
1,1000,1,2,3,100,15989.0
1,1000,1,2,3,1000,16704.0
1,1000,1,2,6,10,18532.0
1,1000,1,2,6,100,17970.0
1,1000,1,2,6,1000,18603.0
1,1000,1,2,12,10,19936.0
1,1000,1,2,12,100,20579.0
1,1000,1,2,12,1000,20237.0
1,1000,1,3,1,10,10062.0
1,1000,1,3,1,100,10194.0
1,1000,1,3,1,1000,9436.2
1,1000,1,3,3,10,15921.0
1,1000,1,3,3,100,16430.0
1,1000,1,3,3,1000,15047.0
1,1000,1,3,6,10,17219.0
1,1000,1,3,6,100,16753.0
1,1000,1,3,6,1000,16500.0
1,1000,1,3,12,10,15225.0
1,1000,1,3,12,100,16945.0
1,1000,1,3,12,1000,15563.0
1,1000,1,6,1,10,10425.0
1,1000,1,6,1,100,9852.4
1,1000,1,6,1,1000,10081.0
1,1000,1,6,3,10,17097.0
1,1000,1,6,3,100,16474.0
1,1000,1,6,3,1000,17428.0
1,1000,1,6,6,10,17677.0
1,1000,1,6,6,100,18497.0
1,1000,1,6,6,1000,18240.0
1,1000,1,6,12,10,18424.0
1,1000,1,6,12,100,18505.0
1,1000,1,6,12,1000,18311.0
1,1000,2,1,1,10,9830.8
1,1000,2,1,1,100,10398.0
1,1000,2,1,1,1000,10301.0
1,1000,2,1,3,10,14464.0
1,1000,2,1,3,100,14476.0
1,1000,2,1,3,1000,15063.0
1,1000,2,1,6,10,15908.0
1,1000,2,1,6,100,16180.0
1,1000,2,1,6,1000,15142.0
1,1000,2,1,12,10,16644.0
1,1000,2,1,12,100,16138.0
1,1000,2,1,12,1000,16928.0
1,1000,2,2,1,10,9335.1
1,1000,2,2,1,100,9296.2
1,1000,2,2,1,1000,8888.2
1,1000,2,2,3,10,15548.0
1,1000,2,2,3,100,17036.0
1,1000,2,2,3,1000,16903.0
1,1000,2,2,6,10,18478.0
1,1000,2,2,6,100,18690.0
1,1000,2,2,6,1000,18021.0
1,1000,2,2,12,10,20572.0
1,1000,2,2,12,100,21211.0
1,1000,2,2,12,1000,21434.0
1,1000,2,3,1,10,10216.0
1,1000,2,3,1,100,9421.1
1,1000,2,3,1,1000,10212.0
1,1000,2,3,3,10,15377.0
1,1000,2,3,3,100,16337.0
1,1000,2,3,3,1000,16473.0
1,1000,2,3,6,10,15742.0
1,1000,2,3,6,100,17085.0
1,1000,2,3,6,1000,16986.0
1,1000,2,3,12,10,17593.0
1,1000,2,3,12,100,17478.0
1,1000,2,3,12,1000,17502.0
1,1000,2,6,1,10,9857.3
1,1000,2,6,1,100,10057.0
1,1000,2,6,1,1000,10030.0
1,1000,2,6,3,10,16541.0
1,1000,2,6,3,100,16818.0
1,1000,2,6,3,1000,17018.0
1,1000,2,6,6,10,17569.0
1,1000,2,6,6,100,17471.0
1,1000,2,6,6,1000,18641.0
1,1000,2,6,12,10,19350.0
1,1000,2,6,12,100,19763.0
1,1000,2,6,12,1000,18625.0
1,1000,3,1,1,10,10089.0
1,1000,3,1,1,100,10260.0
1,1000,3,1,1,1000,10009.0
1,1000,3,1,3,10,15091.0
1,1000,3,1,3,100,14681.0
1,1000,3,1,3,1000,15341.0
1,1000,3,1,6,10,16690.0
1,1000,3,1,6,100,16369.0
1,1000,3,1,6,1000,16574.0
1,1000,3,1,12,10,16807.0
1,1000,3,1,12,100,16873.0
1,1000,3,1,12,1000,18072.0
1,1000,3,2,1,10,9241.5
1,1000,3,2,1,100,8807.8
1,1000,3,2,1,1000,8767.5
1,1000,3,2,3,10,16523.0
1,1000,3,2,3,100,16098.0
1,1000,3,2,3,1000,17085.0
1,1000,3,2,6,10,18289.0
1,1000,3,2,6,100,17805.0
1,1000,3,2,6,1000,18836.0
1,1000,3,2,12,10,21050.0
1,1000,3,2,12,100,21237.0
1,1000,3,2,12,1000,20797.0
1,1000,3,3,1,10,10335.0
1,1000,3,3,1,100,10207.0
1,1000,3,3,1,1000,10743.0
1,1000,3,3,3,10,16946.0
1,1000,3,3,3,100,16392.0
1,1000,3,3,3,1000,16199.0
1,1000,3,3,6,10,16698.0
1,1000,3,3,6,100,17352.0
1,1000,3,3,6,1000,16839.0
1,1000,3,3,12,10,17964.0
1,1000,3,3,12,100,17802.0
1,1000,3,3,12,1000,17458.0
1,1000,3,6,1,10,10349.0
1,1000,3,6,1,100,10269.0
1,1000,3,6,1,1000,10424.0
1,1000,3,6,3,10,17120.0
1,1000,3,6,3,100,17836.0
1,1000,3,6,3,1000,16839.0
1,1000,3,6,6,10,17166.0
1,1000,3,6,6,100,18384.0
1,1000,3,6,6,1000,17725.0
1,1000,3,6,12,10,19065.0
1,1000,3,6,12,100,19330.0
1,1000,3,6,12,1000,19399.0
1,1000,10,1,1,10,9782.5
1,1000,10,1,1,100,10805.0
1,1000,10,1,1,1000,10501.0
1,1000,10,1,3,10,15829.0
1,1000,10,1,3,100,15844.0
1,1000,10,1,3,1000,16117.0
1,1000,10,1,6,10,17078.0
1,1000,10,1,6,100,16906.0
1,1000,10,1,6,1000,17608.0
1,1000,10,1,12,10,17225.0
1,1000,10,1,12,100,17269.0
1,1000,10,1,12,1000,18651.0
1,1000,10,2,1,10,9389.5
1,1000,10,2,1,100,9850.3
1,1000,10,2,1,1000,9648.0
1,1000,10,2,3,10,17376.0
1,1000,10,2,3,100,16810.0
1,1000,10,2,3,1000,16930.0
1,1000,10,2,6,10,18710.0
1,1000,10,2,6,100,18515.0
1,1000,10,2,6,1000,19163.0
1,1000,10,2,12,10,20045.0
1,1000,10,2,12,100,21364.0
1,1000,10,2,12,1000,20505.0
1,1000,10,3,1,10,10148.0
1,1000,10,3,1,100,10286.0
1,1000,10,3,1,1000,10045.0
1,1000,10,3,3,10,17302.0
1,1000,10,3,3,100,16175.0
1,1000,10,3,3,1000,17330.0
1,1000,10,3,6,10,16842.0
1,1000,10,3,6,100,16758.0
1,1000,10,3,6,1000,17803.0
1,1000,10,3,12,10,17780.0
1,1000,10,3,12,100,17978.0
1,1000,10,3,12,1000,17959.0
1,1000,10,6,1,10,10472.0
1,1000,10,6,1,100,10510.0
1,1000,10,6,1,1000,10915.0
1,1000,10,6,3,10,17570.0
1,1000,10,6,3,100,17546.0
1,1000,10,6,3,1000,17488.0
1,1000,10,6,6,10,18788.0
1,1000,10,6,6,100,18291.0
1,1000,10,6,6,1000,17697.0
1,1000,10,6,12,10,19471.0
1,1000,10,6,12,100,19966.0
1,1000,10,6,12,1000,19672.0
1,1000,100,1,1,10,10096.0
1,1000,100,1,1,100,10450.0
1,1000,100,1,1,1000,10460.0
1,1000,100,1,3,10,15929.0
1,1000,100,1,3,100,15714.0
1,1000,100,1,3,1000,15684.0
1,1000,100,1,6,10,15791.0
1,1000,100,1,6,100,17064.0
1,1000,100,1,6,1000,15491.0
1,1000,100,1,12,10,17145.0
1,1000,100,1,12,100,16292.0
1,1000,100,1,12,1000,16825.0
1,1000,100,2,1,10,9670.4
1,1000,100,2,1,100,9707.6
1,1000,100,2,1,1000,9313.5
1,1000,100,2,3,10,16328.0
1,1000,100,2,3,100,16068.0
1,1000,100,2,3,1000,16109.0
1,1000,100,2,6,10,18061.0
1,1000,100,2,6,100,18427.0
1,1000,100,2,6,1000,18028.0
1,1000,100,2,12,10,20496.0
1,1000,100,2,12,100,20259.0
1,1000,100,2,12,1000,20479.0
1,1000,100,3,1,10,10612.0
1,1000,100,3,1,100,10447.0
1,1000,100,3,1,1000,11045.0
1,1000,100,3,3,10,15950.0
1,1000,100,3,3,100,14042.0
1,1000,100,3,3,1000,15274.0
1,1000,100,3,6,10,16137.0
1,1000,100,3,6,100,15755.0
1,1000,100,3,6,1000,16661.0
1,1000,100,3,12,10,14301.0
1,1000,100,3,12,100,16519.0
1,1000,100,3,12,1000,16456.0
1,1000,100,6,1,10,9963.5
1,1000,100,6,1,100,10341.0
1,1000,100,6,1,1000,10333.0
1,1000,100,6,3,10,15668.0
1,1000,100,6,3,100,16949.0
1,1000,100,6,3,1000,16507.0
1,1000,100,6,6,10,17024.0
1,1000,100,6,6,100,17353.0
1,1000,100,6,6,1000,16209.0
1,1000,100,6,12,10,17606.0
1,1000,100,6,12,100,16969.0
1,1000,100,6,12,1000,17373.0
1,10000,1,1,1,10,4631.6
1,10000,1,1,1,100,4468.2
1,10000,1,1,1,1000,4803.6
1,10000,1,1,3,10,22472.0
1,10000,1,1,3,100,19002.0
1,10000,1,1,3,1000,20448.0
1,10000,1,1,6,10,24775.0
1,10000,1,1,6,100,23148.0
1,10000,1,1,6,1000,21412.0
1,10000,1,1,12,10,27850.0
1,10000,1,1,12,100,22580.0
1,10000,1,1,12,1000,24060.0
1,10000,1,2,1,10,4192.2
1,10000,1,2,1,100,3972.4
1,10000,1,2,1,1000,4170.9
1,10000,1,2,3,10,10592.0
1,10000,1,2,3,100,9995.2
1,10000,1,2,3,1000,12011.0
1,10000,1,2,6,10,29862.0
1,10000,1,2,6,100,26911.0
1,10000,1,2,6,1000,24230.0
1,10000,1,2,12,10,24384.0
1,10000,1,2,12,100,26472.0
1,10000,1,2,12,1000,33971.0
1,10000,1,3,1,10,4592.7
1,10000,1,3,1,100,4450.7
1,10000,1,3,1,1000,4657.4
1,10000,1,3,3,10,15173.0
1,10000,1,3,3,100,15469.0
1,10000,1,3,3,1000,15749.0
1,10000,1,3,6,10,17079.0
1,10000,1,3,6,100,14258.0
1,10000,1,3,6,1000,17102.0
1,10000,1,3,12,10,16030.0
1,10000,1,3,12,100,15671.0
1,10000,1,3,12,1000,18988.0
1,10000,1,6,1,10,4787.2
1,10000,1,6,1,100,4629.2
1,10000,1,6,1,1000,4693.5
1,10000,1,6,3,10,25052.0
1,10000,1,6,3,100,23375.0
1,10000,1,6,3,1000,20454.0
1,10000,1,6,6,10,26162.0
1,10000,1,6,6,100,27296.0
1,10000,1,6,6,1000,29459.0
1,10000,1,6,12,10,28005.0
1,10000,1,6,12,100,25437.0
1,10000,1,6,12,1000,29458.0
1,10000,2,1,1,10,4653.4
1,10000,2,1,1,100,4709.9
1,10000,2,1,1,1000,4485.5
1,10000,2,1,3,10,19486.0
1,10000,2,1,3,100,19317.0
1,10000,2,1,3,1000,20645.0
1,10000,2,1,6,10,20430.0
1,10000,2,1,6,100,22681.0
1,10000,2,1,6,1000,23749.0
1,10000,2,1,12,10,23914.0
1,10000,2,1,12,100,23129.0
1,10000,2,1,12,1000,23922.0
1,10000,2,2,1,10,4225.9
1,10000,2,2,1,100,4063.8
1,10000,2,2,1,1000,4170.6
1,10000,2,2,3,10,12250.0
1,10000,2,2,3,100,11641.0
1,10000,2,2,3,1000,10133.0
1,10000,2,2,6,10,25254.0
1,10000,2,2,6,100,26036.0
1,10000,2,2,6,1000,28764.0
1,10000,2,2,12,10,27035.0
1,10000,2,2,12,100,32175.0
1,10000,2,2,12,1000,28688.0
1,10000,2,3,1,10,4590.1
1,10000,2,3,1,100,4633.6
1,10000,2,3,1,1000,4829.5
1,10000,2,3,3,10,17418.0
1,10000,2,3,3,100,18572.0
1,10000,2,3,3,1000,15275.0
1,10000,2,3,6,10,15816.0
1,10000,2,3,6,100,15552.0
1,10000,2,3,6,1000,15696.0
1,10000,2,3,12,10,16140.0
1,10000,2,3,12,100,15246.0
1,10000,2,3,12,1000,16602.0
1,10000,2,6,1,10,4227.9
1,10000,2,6,1,100,4650.4
1,10000,2,6,1,1000,4308.2
1,10000,2,6,3,10,22805.0
1,10000,2,6,3,100,25056.0
1,10000,2,6,3,1000,25933.0
1,10000,2,6,6,10,26797.0
1,10000,2,6,6,100,27172.0
1,10000,2,6,6,1000,28176.0
1,10000,2,6,12,10,24470.0
1,10000,2,6,12,100,23618.0
1,10000,2,6,12,1000,24830.0
1,10000,3,1,1,10,4502.5
1,10000,3,1,1,100,4683.6
1,10000,3,1,1,1000,4233.3
1,10000,3,1,3,10,20730.0
1,10000,3,1,3,100,21339.0
1,10000,3,1,3,1000,19661.0
1,10000,3,1,6,10,24172.0
1,10000,3,1,6,100,21790.0
1,10000,3,1,6,1000,23780.0
1,10000,3,1,12,10,21928.0
1,10000,3,1,12,100,24820.0
1,10000,3,1,12,1000,22749.0
1,10000,3,2,1,10,4284.8
1,10000,3,2,1,100,3983.3
1,10000,3,2,1,1000,3895.5
1,10000,3,2,3,10,9615.9
1,10000,3,2,3,100,11380.0
1,10000,3,2,3,1000,12837.0
1,10000,3,2,6,10,30370.0
1,10000,3,2,6,100,25639.0
1,10000,3,2,6,1000,28424.0
1,10000,3,2,12,10,26900.0
1,10000,3,2,12,100,29550.0
1,10000,3,2,12,1000,32007.0
1,10000,3,3,1,10,4568.8
1,10000,3,3,1,100,4752.2
1,10000,3,3,1,1000,4747.8
1,10000,3,3,3,10,17405.0
1,10000,3,3,3,100,16163.0
1,10000,3,3,3,1000,17252.0
1,10000,3,3,6,10,17258.0
1,10000,3,3,6,100,17580.0
1,10000,3,3,6,1000,16441.0
1,10000,3,3,12,10,19305.0
1,10000,3,3,12,100,16795.0
1,10000,3,3,12,1000,18608.0
1,10000,3,6,1,10,4687.3
1,10000,3,6,1,100,4696.6
1,10000,3,6,1,1000,4924.7
1,10000,3,6,3,10,21813.0
1,10000,3,6,3,100,26180.0
1,10000,3,6,3,1000,24602.0
1,10000,3,6,6,10,28366.0
1,10000,3,6,6,100,26820.0
1,10000,3,6,6,1000,27473.0
1,10000,3,6,12,10,27027.0
1,10000,3,6,12,100,24198.0
1,10000,3,6,12,1000,26178.0
1,10000,10,1,1,10,4639.9
1,10000,10,1,1,100,4676.4
1,10000,10,1,1,1000,4787.6
1,10000,10,1,3,10,21951.0
1,10000,10,1,3,100,23453.0
1,10000,10,1,3,1000,22235.0
1,10000,10,1,6,10,23316.0
1,10000,10,1,6,100,26956.0
1,10000,10,1,6,1000,23859.0
1,10000,10,1,12,10,25690.0
1,10000,10,1,12,100,25865.0
1,10000,10,1,12,1000,24084.0
1,10000,10,2,1,10,3976.5
1,10000,10,2,1,100,4123.5
1,10000,10,2,1,1000,4095.2
1,10000,10,2,3,10,14208.0
1,10000,10,2,3,100,12155.0
1,10000,10,2,3,1000,14090.0
1,10000,10,2,6,10,25071.0
1,10000,10,2,6,100,26578.0
1,10000,10,2,6,1000,22757.0
1,10000,10,2,12,10,28202.0
1,10000,10,2,12,100,33784.0
1,10000,10,2,12,1000,30330.0
1,10000,10,3,1,10,4746.0
1,10000,10,3,1,100,4852.2
1,10000,10,3,1,1000,4641.1
1,10000,10,3,3,10,16442.0
1,10000,10,3,3,100,18371.0
1,10000,10,3,3,1000,18386.0
1,10000,10,3,6,10,17719.0
1,10000,10,3,6,100,15193.0
1,10000,10,3,6,1000,16778.0
1,10000,10,3,12,10,14903.0
1,10000,10,3,12,100,19200.0
1,10000,10,3,12,1000,17535.0
1,10000,10,6,1,10,4846.9
1,10000,10,6,1,100,4990.5
1,10000,10,6,1,1000,4635.1
1,10000,10,6,3,10,24828.0
1,10000,10,6,3,100,23124.0
1,10000,10,6,3,1000,24619.0
1,10000,10,6,6,10,29777.0
1,10000,10,6,6,100,26511.0
1,10000,10,6,6,1000,27056.0
1,10000,10,6,12,10,30105.0
1,10000,10,6,12,100,29012.0
1,10000,10,6,12,1000,25701.0
1,10000,100,1,1,10,4889.5
1,10000,100,1,1,100,4751.6
1,10000,100,1,1,1000,4551.6
1,10000,100,1,3,10,23657.0
1,10000,100,1,3,100,22903.0
1,10000,100,1,3,1000,23048.0
1,10000,100,1,6,10,23365.0
1,10000,100,1,6,100,22731.0
1,10000,100,1,6,1000,23721.0
1,10000,100,1,12,10,24732.0
1,10000,100,1,12,100,24956.0
1,10000,100,1,12,1000,24881.0
1,10000,100,2,1,10,4632.0
1,10000,100,2,1,100,4503.3
1,10000,100,2,1,1000,4491.2
1,10000,100,2,3,10,16565.0
1,10000,100,2,3,100,15264.0
1,10000,100,2,3,1000,15070.0
1,10000,100,2,6,10,31930.0
1,10000,100,2,6,100,32110.0
1,10000,100,2,6,1000,28252.0
1,10000,100,2,12,10,34370.0
1,10000,100,2,12,100,32480.0
1,10000,100,2,12,1000,33816.0
1,10000,100,3,1,10,4272.9
1,10000,100,3,1,100,4613.3
1,10000,100,3,1,1000,4506.0
1,10000,100,3,3,10,15185.0
1,10000,100,3,3,100,16340.0
1,10000,100,3,3,1000,17104.0
1,10000,100,3,6,10,15938.0
1,10000,100,3,6,100,17633.0
1,10000,100,3,6,1000,14651.0
1,10000,100,3,12,10,15075.0
1,10000,100,3,12,100,13414.0
1,10000,100,3,12,1000,16393.0
1,10000,100,6,1,10,5727.3
1,10000,100,6,1,100,5497.5
1,10000,100,6,1,1000,5775.5
1,10000,100,6,3,10,24479.0
1,10000,100,6,3,100,25881.0
1,10000,100,6,3,1000,23745.0
1,10000,100,6,6,10,25915.0
1,10000,100,6,6,100,29652.0
1,10000,100,6,6,1000,26987.0
1,10000,100,6,12,10,28084.0
1,10000,100,6,12,100,25501.0
1,10000,100,6,12,1000,26571.0
3,1,1,1,1,10,5770.8
3,1,1,1,1,100,6108.5
3,1,1,1,1,1000,6002.3
3,1,1,1,3,10,5813.7
3,1,1,1,3,100,6061.0
3,1,1,1,3,1000,6124.2
3,1,1,1,6,10,5860.8
3,1,1,1,6,100,5863.8
3,1,1,1,6,1000,5926.8
3,1,1,1,12,10,5677.1
3,1,1,1,12,100,5479.2
3,1,1,1,12,1000,5576.8
3,1,1,2,1,10,6340.8
3,1,1,2,1,100,6618.6
3,1,1,2,1,1000,5819.4
3,1,1,2,3,10,6488.7
3,1,1,2,3,100,6571.9
3,1,1,2,3,1000,6470.9
3,1,1,2,6,10,6285.4
3,1,1,2,6,100,6341.5
3,1,1,2,6,1000,6373.7
3,1,1,2,12,10,6114.4
3,1,1,2,12,100,5997.6
3,1,1,2,12,1000,5948.4
3,1,1,3,1,10,7487.1
3,1,1,3,1,100,7720.8
3,1,1,3,1,1000,7492.5
3,1,1,3,3,10,7379.9
3,1,1,3,3,100,7452.7
3,1,1,3,3,1000,6965.5
3,1,1,3,6,10,6417.5
3,1,1,3,6,100,6769.9
3,1,1,3,6,1000,7035.8
3,1,1,3,12,10,6328.6
3,1,1,3,12,100,6489.2
3,1,1,3,12,1000,6714.8
3,1,1,6,1,10,7297.4
3,1,1,6,1,100,7529.9
3,1,1,6,1,1000,7163.1
3,1,1,6,3,10,6977.6
3,1,1,6,3,100,7277.2
3,1,1,6,3,1000,6838.8
3,1,1,6,6,10,6775.0
3,1,1,6,6,100,6734.8
3,1,1,6,6,1000,6383.2
3,1,1,6,12,10,6425.1
3,1,1,6,12,100,6748.4
3,1,1,6,12,1000,6566.4
3,1,2,1,1,10,5380.0
3,1,2,1,1,100,5634.7
3,1,2,1,1,1000,5481.5
3,1,2,1,3,10,5554.5
3,1,2,1,3,100,5484.5
3,1,2,1,3,1000,5454.2
3,1,2,1,6,10,5060.2
3,1,2,1,6,100,5565.8
3,1,2,1,6,1000,5421.3
3,1,2,1,12,10,5300.6
3,1,2,1,12,100,4962.8
3,1,2,1,12,1000,5241.5
3,1,2,2,1,10,6037.1
3,1,2,2,1,100,5852.8
3,1,2,2,1,1000,5503.4
3,1,2,2,3,10,5931.1
3,1,2,2,3,100,5779.8
3,1,2,2,3,1000,5771.9
3,1,2,2,6,10,5632.8
3,1,2,2,6,100,5566.4
3,1,2,2,6,1000,5479.6
3,1,2,2,12,10,5507.5
3,1,2,2,12,100,5513.8
3,1,2,2,12,1000,5432.5
3,1,2,3,1,10,6552.4
3,1,2,3,1,100,6291.9
3,1,2,3,1,1000,6741.9
3,1,2,3,3,10,6123.9
3,1,2,3,3,100,5860.8
3,1,2,3,3,1000,6214.9
3,1,2,3,6,10,6217.8
3,1,2,3,6,100,5751.9
3,1,2,3,6,1000,6180.6
3,1,2,3,12,10,5953.2
3,1,2,3,12,100,5664.7
3,1,2,3,12,1000,5679.2
3,1,2,6,1,10,6495.3
3,1,2,6,1,100,6713.8
3,1,2,6,1,1000,6437.5
3,1,2,6,3,10,6546.4
3,1,2,6,3,100,6232.2
3,1,2,6,3,1000,6379.7
3,1,2,6,6,10,6121.9
3,1,2,6,6,100,6036.6
3,1,2,6,6,1000,5894.2
3,1,2,6,12,10,5817.6
3,1,2,6,12,100,5857.9
3,1,2,6,12,1000,5838.9
3,1,3,1,1,10,4843.5
3,1,3,1,1,100,4975.8
3,1,3,1,1,1000,4822.6
3,1,3,1,3,10,4764.2
3,1,3,1,3,100,4918.1
3,1,3,1,3,1000,4898.8
3,1,3,1,6,10,4821.8
3,1,3,1,6,100,4418.4
3,1,3,1,6,1000,4762.8
3,1,3,1,12,10,4621.1
3,1,3,1,12,100,4523.5
3,1,3,1,12,1000,4488.4
3,1,3,2,1,10,5421.2
3,1,3,2,1,100,5443.0
3,1,3,2,1,1000,5308.1
3,1,3,2,3,10,5249.2
3,1,3,2,3,100,5310.1
3,1,3,2,3,1000,5271.5
3,1,3,2,6,10,5012.3
3,1,3,2,6,100,5132.3
3,1,3,2,6,1000,5090.1
3,1,3,2,12,10,5081.9
3,1,3,2,12,100,5025.1
3,1,3,2,12,1000,4990.5
3,1,3,3,1,10,6061.7
3,1,3,3,1,100,6061.1
3,1,3,3,1,1000,5975.8
3,1,3,3,3,10,5864.2
3,1,3,3,3,100,5833.4
3,1,3,3,3,1000,5747.1
3,1,3,3,6,10,5471.4
3,1,3,3,6,100,5499.9
3,1,3,3,6,1000,5789.9
3,1,3,3,12,10,5415.9
3,1,3,3,12,100,5376.6
3,1,3,3,12,1000,5374.5
3,1,3,6,1,10,6035.2
3,1,3,6,1,100,5890.5
3,1,3,6,1,1000,5881.9
3,1,3,6,3,10,5736.4
3,1,3,6,3,100,5740.4
3,1,3,6,3,1000,5416.5
3,1,3,6,6,10,5394.9
3,1,3,6,6,100,5366.5
3,1,3,6,6,1000,5286.7
3,1,3,6,12,10,5219.7
3,1,3,6,12,100,5310.1
3,1,3,6,12,1000,5321.8
3,1,10,1,1,10,2636.5
3,1,10,1,1,100,2755.2
3,1,10,1,1,1000,2691.8
3,1,10,1,3,10,2582.7
3,1,10,1,3,100,2746.8
3,1,10,1,3,1000,2758.2
3,1,10,1,6,10,2747.0
3,1,10,1,6,100,2617.5
3,1,10,1,6,1000,2631.1
3,1,10,1,12,10,2712.2
3,1,10,1,12,100,2734.3
3,1,10,1,12,1000,2659.1
3,1,10,2,1,10,2705.8
3,1,10,2,1,100,2589.2
3,1,10,2,1,1000,2610.0
3,1,10,2,3,10,2784.9
3,1,10,2,3,100,2727.6
3,1,10,2,3,1000,2775.2
3,1,10,2,6,10,2698.2
3,1,10,2,6,100,2586.6
3,1,10,2,6,1000,2656.3
3,1,10,2,12,10,2744.8
3,1,10,2,12,100,2706.5
3,1,10,2,12,1000,2660.5
3,1,10,3,1,10,2700.4
3,1,10,3,1,100,2702.2
3,1,10,3,1,1000,2719.2
3,1,10,3,3,10,2738.5
3,1,10,3,3,100,2797.6
3,1,10,3,3,1000,2707.5
3,1,10,3,6,10,2726.7
3,1,10,3,6,100,2739.9
3,1,10,3,6,1000,2717.1
3,1,10,3,12,10,2643.8
3,1,10,3,12,100,2697.9
3,1,10,3,12,1000,2682.6
3,1,10,6,1,10,2739.9
3,1,10,6,1,100,2747.9
3,1,10,6,1,1000,2701.2
3,1,10,6,3,10,2692.2
3,1,10,6,3,100,2730.5
3,1,10,6,3,1000,2675.8
3,1,10,6,6,10,2714.1
3,1,10,6,6,100,2652.1
3,1,10,6,6,1000,2662.9
3,1,10,6,12,10,2732.1
3,1,10,6,12,100,2619.8
3,1,10,6,12,1000,2704.1
3,1,100,1,1,10,270.69
3,1,100,1,1,100,265.12
3,1,100,1,1,1000,283.35
3,1,100,1,3,10,289.81
3,1,100,1,3,100,268.59
3,1,100,1,3,1000,285.44
3,1,100,1,6,10,279.41
3,1,100,1,6,100,282.5
3,1,100,1,6,1000,271.62
3,1,100,1,12,10,271.24
3,1,100,1,12,100,284.18
3,1,100,1,12,1000,287.19
3,1,100,2,1,10,290.12
3,1,100,2,1,100,285.06
3,1,100,2,1,1000,272.44
3,1,100,2,3,10,280.71
3,1,100,2,3,100,255.19
3,1,100,2,3,1000,271.18
3,1,100,2,6,10,272.06
3,1,100,2,6,100,269.06
3,1,100,2,6,1000,279.0
3,1,100,2,12,10,297.18
3,1,100,2,12,100,277.76
3,1,100,2,12,1000,270.81
3,1,100,3,1,10,267.56
3,1,100,3,1,100,282.53
3,1,100,3,1,1000,296.19
3,1,100,3,3,10,269.69
3,1,100,3,3,100,269.31
3,1,100,3,3,1000,273.71
3,1,100,3,6,10,279.65
3,1,100,3,6,100,283.41
3,1,100,3,6,1000,266.56
3,1,100,3,12,10,262.18
3,1,100,3,12,100,264.24
3,1,100,3,12,1000,300.47
3,1,100,6,1,10,308.59
3,1,100,6,1,100,268.71
3,1,100,6,1,1000,279.38
3,1,100,6,3,10,292.5
3,1,100,6,3,100,285.56
3,1,100,6,3,1000,278.47
3,1,100,6,6,10,276.47
3,1,100,6,6,100,268.88
3,1,100,6,6,1000,278.94
3,1,100,6,12,10,285.56
3,1,100,6,12,100,269.0
3,1,100,6,12,1000,302.5
3,2,1,1,1,10,7951.0
3,2,1,1,1,100,7867.2
3,2,1,1,1,1000,7472.9
3,2,1,1,3,10,9406.9
3,2,1,1,3,100,8855.3
3,2,1,1,3,1000,9193.6
3,2,1,1,6,10,8458.3
3,2,1,1,6,100,9352.1
3,2,1,1,6,1000,9002.4
3,2,1,1,12,10,8390.6
3,2,1,1,12,100,8658.0
3,2,1,1,12,1000,8600.6
3,2,1,2,1,10,9388.9
3,2,1,2,1,100,9488.2
3,2,1,2,1,1000,9341.8
3,2,1,2,3,10,9388.1
3,2,1,2,3,100,9438.4
3,2,1,2,3,1000,9574.2
3,2,1,2,6,10,9114.4
3,2,1,2,6,100,9043.4
3,2,1,2,6,1000,8878.0
3,2,1,2,12,10,8528.5
3,2,1,2,12,100,8652.8
3,2,1,2,12,1000,8641.8
3,2,1,3,1,10,10547.0
3,2,1,3,1,100,10890.0
3,2,1,3,1,1000,10849.0
3,2,1,3,3,10,10600.0
3,2,1,3,3,100,10301.0
3,2,1,3,3,1000,10364.0
3,2,1,3,6,10,9803.6
3,2,1,3,6,100,9768.2
3,2,1,3,6,1000,9996.9
3,2,1,3,12,10,9112.6
3,2,1,3,12,100,9034.7
3,2,1,3,12,1000,8884.8
3,2,1,6,1,10,10347.0
3,2,1,6,1,100,10361.0
3,2,1,6,1,1000,10557.0
3,2,1,6,3,10,10257.0
3,2,1,6,3,100,10280.0
3,2,1,6,3,1000,10393.0
3,2,1,6,6,10,9655.8
3,2,1,6,6,100,9576.1
3,2,1,6,6,1000,9745.4
3,2,1,6,12,10,8745.1
3,2,1,6,12,100,9400.8
3,2,1,6,12,1000,9331.5
3,2,2,1,1,10,8042.7
3,2,2,1,1,100,7724.9
3,2,2,1,1,1000,7700.5
3,2,2,1,3,10,9023.1
3,2,2,1,3,100,9193.4
3,2,2,1,3,1000,8929.1
3,2,2,1,6,10,8675.5
3,2,2,1,6,100,8830.3
3,2,2,1,6,1000,8499.1
3,2,2,1,12,10,8446.1
3,2,2,1,12,100,8278.9
3,2,2,1,12,1000,8168.4
3,2,2,2,1,10,8687.5
3,2,2,2,1,100,8526.4
3,2,2,2,1,1000,9192.9
3,2,2,2,3,10,9232.9
3,2,2,2,3,100,9294.1
3,2,2,2,3,1000,9183.6
3,2,2,2,6,10,8574.2
3,2,2,2,6,100,8973.4
3,2,2,2,6,1000,8936.2
3,2,2,2,12,10,8662.8
3,2,2,2,12,100,8351.8
3,2,2,2,12,1000,8814.8
3,2,2,3,1,10,10023.0
3,2,2,3,1,100,9853.1
3,2,2,3,1,1000,10198.0
3,2,2,3,3,10,10024.0
3,2,2,3,3,100,10172.0
3,2,2,3,3,1000,10325.0
3,2,2,3,6,10,9678.6
3,2,2,3,6,100,9706.9
3,2,2,3,6,1000,9568.4
3,2,2,3,12,10,9100.4
3,2,2,3,12,100,8718.1
3,2,2,3,12,1000,9138.8
3,2,2,6,1,10,9639.5
3,2,2,6,1,100,9704.0
3,2,2,6,1,1000,9234.4
3,2,2,6,3,10,9807.7
3,2,2,6,3,100,10118.0
3,2,2,6,3,1000,9661.5
3,2,2,6,6,10,9652.4
3,2,2,6,6,100,9509.9
3,2,2,6,6,1000,8857.5
3,2,2,6,12,10,9239.1
3,2,2,6,12,100,9316.8
3,2,2,6,12,1000,8996.9
3,2,3,1,1,10,7575.9
3,2,3,1,1,100,7462.9
3,2,3,1,1,1000,7403.9
3,2,3,1,3,10,8579.8
3,2,3,1,3,100,8643.5
3,2,3,1,3,1000,7828.4
3,2,3,1,6,10,8296.9
3,2,3,1,6,100,8341.2
3,2,3,1,6,1000,8349.3
3,2,3,1,12,10,7979.2
3,2,3,1,12,100,8144.1
3,2,3,1,12,1000,7739.5
3,2,3,2,1,10,8493.1
3,2,3,2,1,100,8265.2
3,2,3,2,1,1000,8095.0
3,2,3,2,3,10,8817.4
3,2,3,2,3,100,8955.7
3,2,3,2,3,1000,8681.6
3,2,3,2,6,10,8331.9
3,2,3,2,6,100,8219.9
3,2,3,2,6,1000,8357.8
3,2,3,2,12,10,8183.4
3,2,3,2,12,100,8363.9
3,2,3,2,12,1000,7882.8
3,2,3,3,1,10,9097.2
3,2,3,3,1,100,8847.9
3,2,3,3,1,1000,9590.8
3,2,3,3,3,10,9561.8
3,2,3,3,3,100,9373.5
3,2,3,3,3,1000,9253.8
3,2,3,3,6,10,8558.1
3,2,3,3,6,100,9171.4
3,2,3,3,6,1000,9370.8
3,2,3,3,12,10,8880.7
3,2,3,3,12,100,8837.2
3,2,3,3,12,1000,8679.2
3,2,3,6,1,10,8850.1
3,2,3,6,1,100,8813.3
3,2,3,6,1,1000,9035.8
3,2,3,6,3,10,9458.0
3,2,3,6,3,100,9121.1
3,2,3,6,3,1000,9191.1
3,2,3,6,6,10,8649.6
3,2,3,6,6,100,8707.1
3,2,3,6,6,1000,9288.6
3,2,3,6,12,10,8141.4
3,2,3,6,12,100,8555.1
3,2,3,6,12,1000,8286.7
3,2,10,1,1,10,5121.2
3,2,10,1,1,100,5066.5
3,2,10,1,1,1000,4933.6
3,2,10,1,3,10,5401.2
3,2,10,1,3,100,5444.2
3,2,10,1,3,1000,5256.1
3,2,10,1,6,10,5406.8
3,2,10,1,6,100,5418.5
3,2,10,1,6,1000,5407.1
3,2,10,1,12,10,5277.8
3,2,10,1,12,100,5336.5
3,2,10,1,12,1000,5195.1
3,2,10,2,1,10,5082.9
3,2,10,2,1,100,5070.1
3,2,10,2,1,1000,5091.5
3,2,10,2,3,10,5337.0
3,2,10,2,3,100,5128.5
3,2,10,2,3,1000,5230.4
3,2,10,2,6,10,5303.8
3,2,10,2,6,100,5393.1
3,2,10,2,6,1000,5316.3
3,2,10,2,12,10,4922.1
3,2,10,2,12,100,5440.6
3,2,10,2,12,1000,5344.5
3,2,10,3,1,10,5109.6
3,2,10,3,1,100,5168.1
3,2,10,3,1,1000,5059.9
3,2,10,3,3,10,5200.7
3,2,10,3,3,100,5404.4
3,2,10,3,3,1000,5160.1
3,2,10,3,6,10,5341.9
3,2,10,3,6,100,5359.2
3,2,10,3,6,1000,5410.1
3,2,10,3,12,10,4625.5
3,2,10,3,12,100,5285.6
3,2,10,3,12,1000,4736.2
3,2,10,6,1,10,5071.8
3,2,10,6,1,100,4770.8
3,2,10,6,1,1000,4918.0
3,2,10,6,3,10,5368.9
3,2,10,6,3,100,5282.3
3,2,10,6,3,1000,5440.3
3,2,10,6,6,10,5319.2
3,2,10,6,6,100,5372.1
3,2,10,6,6,1000,5208.4
3,2,10,6,12,10,5069.1
3,2,10,6,12,100,5369.9
3,2,10,6,12,1000,5127.2
3,2,100,1,1,10,557.71
3,2,100,1,1,100,555.71
3,2,100,1,1,1000,568.35
3,2,100,1,3,10,558.81
3,2,100,1,3,100,595.41
3,2,100,1,3,1000,574.65
3,2,100,1,6,10,596.29
3,2,100,1,6,100,543.31
3,2,100,1,6,1000,572.88
3,2,100,1,12,10,583.62
3,2,100,1,12,100,557.41
3,2,100,1,12,1000,555.65
3,2,100,2,1,10,523.24
3,2,100,2,1,100,545.18
3,2,100,2,1,1000,573.41
3,2,100,2,3,10,567.19
3,2,100,2,3,100,552.88
3,2,100,2,3,1000,549.71
3,2,100,2,6,10,577.44
3,2,100,2,6,100,596.35
3,2,100,2,6,1000,570.0
3,2,100,2,12,10,535.94
3,2,100,2,12,100,563.71
3,2,100,2,12,1000,551.82
3,2,100,3,1,10,559.06
3,2,100,3,1,100,549.81
3,2,100,3,1,1000,584.12
3,2,100,3,3,10,568.06
3,2,100,3,3,100,596.94
3,2,100,3,3,1000,535.88
3,2,100,3,6,10,542.65
3,2,100,3,6,100,540.81
3,2,100,3,6,1000,560.44
3,2,100,3,12,10,541.0
3,2,100,3,12,100,559.88
3,2,100,3,12,1000,567.5
3,2,100,6,1,10,551.47
3,2,100,6,1,100,558.0
3,2,100,6,1,1000,545.31
3,2,100,6,3,10,533.56
3,2,100,6,3,100,549.35
3,2,100,6,3,1000,565.0
3,2,100,6,6,10,524.06
3,2,100,6,6,100,544.94
3,2,100,6,6,1000,583.38
3,2,100,6,12,10,542.53
3,2,100,6,12,100,552.06
3,2,100,6,12,1000,584.0
3,10,1,1,1,10,7892.8
3,10,1,1,1,100,8022.4
3,10,1,1,1,1000,7526.9
3,10,1,1,3,10,13177.0
3,10,1,1,3,100,12556.0
3,10,1,1,3,1000,12852.0
3,10,1,1,6,10,14515.0
3,10,1,1,6,100,14193.0
3,10,1,1,6,1000,14692.0
3,10,1,1,12,10,13264.0
3,10,1,1,12,100,14043.0
3,10,1,1,12,1000,14403.0
3,10,1,2,1,10,9385.9
3,10,1,2,1,100,8524.6
3,10,1,2,1,1000,8872.8
3,10,1,2,3,10,14063.0
3,10,1,2,3,100,14196.0
3,10,1,2,3,1000,14441.0
3,10,1,2,6,10,15069.0
3,10,1,2,6,100,15178.0
3,10,1,2,6,1000,15053.0
3,10,1,2,12,10,14161.0
3,10,1,2,12,100,14701.0
3,10,1,2,12,1000,15122.0
3,10,1,3,1,10,9219.1
3,10,1,3,1,100,8941.8
3,10,1,3,1,1000,9094.8
3,10,1,3,3,10,15905.0
3,10,1,3,3,100,15676.0
3,10,1,3,3,1000,16256.0
3,10,1,3,6,10,17252.0
3,10,1,3,6,100,17216.0
3,10,1,3,6,1000,17469.0
3,10,1,3,12,10,16592.0
3,10,1,3,12,100,16762.0
3,10,1,3,12,1000,16782.0
3,10,1,6,1,10,9197.8
3,10,1,6,1,100,9402.1
3,10,1,6,1,1000,8703.1
3,10,1,6,3,10,14716.0
3,10,1,6,3,100,15514.0
3,10,1,6,3,1000,15261.0
3,10,1,6,6,10,16831.0
3,10,1,6,6,100,17105.0
3,10,1,6,6,1000,17355.0
3,10,1,6,12,10,16202.0
3,10,1,6,12,100,16265.0
3,10,1,6,12,1000,16052.0
3,10,2,1,1,10,8392.6
3,10,2,1,1,100,8253.4
3,10,2,1,1,1000,8154.2
3,10,2,1,3,10,13647.0
3,10,2,1,3,100,13399.0
3,10,2,1,3,1000,12746.0
3,10,2,1,6,10,14705.0
3,10,2,1,6,100,15174.0
3,10,2,1,6,1000,15381.0
3,10,2,1,12,10,14261.0
3,10,2,1,12,100,13529.0
3,10,2,1,12,1000,15218.0
3,10,2,2,1,10,9106.2
3,10,2,2,1,100,9260.0
3,10,2,2,1,1000,9176.9
3,10,2,2,3,10,15242.0
3,10,2,2,3,100,15201.0
3,10,2,2,3,1000,15291.0
3,10,2,2,6,10,15221.0
3,10,2,2,6,100,15714.0
3,10,2,2,6,1000,15990.0
3,10,2,2,12,10,14325.0
3,10,2,2,12,100,15113.0
3,10,2,2,12,1000,14450.0
3,10,2,3,1,10,9694.6
3,10,2,3,1,100,9919.1
3,10,2,3,1,1000,9198.6
3,10,2,3,3,10,16736.0
3,10,2,3,3,100,17217.0
3,10,2,3,3,1000,17469.0
3,10,2,3,6,10,17954.0
3,10,2,3,6,100,18617.0
3,10,2,3,6,1000,18188.0
3,10,2,3,12,10,17671.0
3,10,2,3,12,100,17137.0
3,10,2,3,12,1000,17284.0
3,10,2,6,1,10,9453.9
3,10,2,6,1,100,9966.0
3,10,2,6,1,1000,9291.5
3,10,2,6,3,10,15116.0
3,10,2,6,3,100,16122.0
3,10,2,6,3,1000,16857.0
3,10,2,6,6,10,17747.0
3,10,2,6,6,100,17916.0
3,10,2,6,6,1000,17953.0
3,10,2,6,12,10,16905.0
3,10,2,6,12,100,16789.0
3,10,2,6,12,1000,16422.0
3,10,3,1,1,10,7851.5
3,10,3,1,1,100,8032.4
3,10,3,1,1,1000,8405.8
3,10,3,1,3,10,13705.0
3,10,3,1,3,100,13437.0
3,10,3,1,3,1000,14078.0
3,10,3,1,6,10,14340.0
3,10,3,1,6,100,15527.0
3,10,3,1,6,1000,15944.0
3,10,3,1,12,10,14544.0
3,10,3,1,12,100,14661.0
3,10,3,1,12,1000,14482.0
3,10,3,2,1,10,9736.4
3,10,3,2,1,100,9195.7
3,10,3,2,1,1000,9327.8
3,10,3,2,3,10,16123.0
3,10,3,2,3,100,16343.0
3,10,3,2,3,1000,15814.0
3,10,3,2,6,10,16046.0
3,10,3,2,6,100,15582.0
3,10,3,2,6,1000,16603.0
3,10,3,2,12,10,15746.0
3,10,3,2,12,100,15903.0
3,10,3,2,12,1000,15688.0
3,10,3,3,1,10,10279.0
3,10,3,3,1,100,10457.0
3,10,3,3,1,1000,10332.0
3,10,3,3,3,10,18356.0
3,10,3,3,3,100,18397.0
3,10,3,3,3,1000,17960.0
3,10,3,3,6,10,19542.0
3,10,3,3,6,100,19190.0
3,10,3,3,6,1000,19597.0
3,10,3,3,12,10,18199.0
3,10,3,3,12,100,17866.0
3,10,3,3,12,1000,18545.0
3,10,3,6,1,10,10253.0
3,10,3,6,1,100,10314.0
3,10,3,6,1,1000,9626.9
3,10,3,6,3,10,17771.0
3,10,3,6,3,100,16992.0
3,10,3,6,3,1000,17324.0
3,10,3,6,6,10,19217.0
3,10,3,6,6,100,18337.0
3,10,3,6,6,1000,18976.0
3,10,3,6,12,10,17814.0
3,10,3,6,12,100,17726.0
3,10,3,6,12,1000,17176.0
3,10,10,1,1,10,8880.3
3,10,10,1,1,100,8434.9
3,10,10,1,1,1000,8537.5
3,10,10,1,3,10,14137.0
3,10,10,1,3,100,13729.0
3,10,10,1,3,1000,14220.0
3,10,10,1,6,10,14349.0
3,10,10,1,6,100,14167.0
3,10,10,1,6,1000,15100.0
3,10,10,1,12,10,14178.0
3,10,10,1,12,100,14364.0
3,10,10,1,12,1000,14822.0
3,10,10,2,1,10,9781.2
3,10,10,2,1,100,9911.5
3,10,10,2,1,1000,9512.4
3,10,10,2,3,10,16637.0
3,10,10,2,3,100,16561.0
3,10,10,2,3,1000,15977.0
3,10,10,2,6,10,17298.0
3,10,10,2,6,100,17413.0
3,10,10,2,6,1000,17321.0
3,10,10,2,12,10,16022.0
3,10,10,2,12,100,16792.0
3,10,10,2,12,1000,16174.0
3,10,10,3,1,10,10133.0
3,10,10,3,1,100,9353.6
3,10,10,3,1,1000,9982.4
3,10,10,3,3,10,16954.0
3,10,10,3,3,100,16589.0
3,10,10,3,3,1000,16532.0
3,10,10,3,6,10,17831.0
3,10,10,3,6,100,17720.0
3,10,10,3,6,1000,17778.0
3,10,10,3,12,10,16802.0
3,10,10,3,12,100,16150.0
3,10,10,3,12,1000,17148.0
3,10,10,6,1,10,10376.0
3,10,10,6,1,100,10539.0
3,10,10,6,1,1000,10199.0
3,10,10,6,3,10,16119.0
3,10,10,6,3,100,16409.0
3,10,10,6,3,1000,16524.0
3,10,10,6,6,10,17804.0
3,10,10,6,6,100,17655.0
3,10,10,6,6,1000,17980.0
3,10,10,6,12,10,16572.0
3,10,10,6,12,100,16916.0
3,10,10,6,12,1000,17056.0
3,10,100,1,1,10,2827.6
3,10,100,1,1,100,2715.9
3,10,100,1,1,1000,2872.0
3,10,100,1,3,10,2795.4
3,10,100,1,3,100,2777.6
3,10,100,1,3,1000,2782.5
3,10,100,1,6,10,2834.6
3,10,100,1,6,100,2811.0
3,10,100,1,6,1000,2687.9
3,10,100,1,12,10,2730.8
3,10,100,1,12,100,2720.1
3,10,100,1,12,1000,2753.8
3,10,100,2,1,10,2696.4
3,10,100,2,1,100,2845.3
3,10,100,2,1,1000,2688.7
3,10,100,2,3,10,2811.2
3,10,100,2,3,100,2734.0
3,10,100,2,3,1000,2822.9
3,10,100,2,6,10,2737.8
3,10,100,2,6,100,2835.9
3,10,100,2,6,1000,2707.8
3,10,100,2,12,10,2675.2
3,10,100,2,12,100,2687.2
3,10,100,2,12,1000,2690.1
3,10,100,3,1,10,2637.8
3,10,100,3,1,100,2703.5
3,10,100,3,1,1000,2790.7
3,10,100,3,3,10,2794.5
3,10,100,3,3,100,2744.4
3,10,100,3,3,1000,2658.8
3,10,100,3,6,10,2840.9
3,10,100,3,6,100,2885.6
3,10,100,3,6,1000,2854.1
3,10,100,3,12,10,2811.1
3,10,100,3,12,100,2848.4
3,10,100,3,12,1000,2819.1
3,10,100,6,1,10,2738.7
3,10,100,6,1,100,2870.2
3,10,100,6,1,1000,2845.5
3,10,100,6,3,10,2664.8
3,10,100,6,3,100,2658.9
3,10,100,6,3,1000,2762.1
3,10,100,6,6,10,2793.8
3,10,100,6,6,100,2787.4
3,10,100,6,6,1000,2754.4
3,10,100,6,12,10,2783.2
3,10,100,6,12,100,2770.3
3,10,100,6,12,1000,2797.8
3,100,1,1,1,10,8119.6
3,100,1,1,1,100,8096.3
3,100,1,1,1,1000,7827.4
3,100,1,1,3,10,11500.0
3,100,1,1,3,100,12261.0
3,100,1,1,3,1000,12532.0
3,100,1,1,6,10,12248.0
3,100,1,1,6,100,11572.0
3,100,1,1,6,1000,12075.0
3,100,1,1,12,10,12424.0
3,100,1,1,12,100,12714.0
3,100,1,1,12,1000,12330.0
3,100,1,2,1,10,8080.2
3,100,1,2,1,100,8113.7
3,100,1,2,1,1000,8285.1
3,100,1,2,3,10,12340.0
3,100,1,2,3,100,12189.0
3,100,1,2,3,1000,11894.0
3,100,1,2,6,10,14093.0
3,100,1,2,6,100,14272.0
3,100,1,2,6,1000,14528.0
3,100,1,2,12,10,15175.0
3,100,1,2,12,100,16080.0
3,100,1,2,12,1000,16079.0
3,100,1,3,1,10,8557.7
3,100,1,3,1,100,8305.3
3,100,1,3,1,1000,8278.6
3,100,1,3,3,10,13458.0
3,100,1,3,3,100,12925.0
3,100,1,3,3,1000,13841.0
3,100,1,3,6,10,15006.0
3,100,1,3,6,100,15000.0
3,100,1,3,6,1000,15226.0
3,100,1,3,12,10,18615.0
3,100,1,3,12,100,18348.0
3,100,1,3,12,1000,18359.0
3,100,1,6,1,10,8001.1
3,100,1,6,1,100,8175.4
3,100,1,6,1,1000,8571.9
3,100,1,6,3,10,13250.0
3,100,1,6,3,100,13632.0
3,100,1,6,3,1000,13712.0
3,100,1,6,6,10,15377.0
3,100,1,6,6,100,15611.0
3,100,1,6,6,1000,15425.0
3,100,1,6,12,10,18811.0
3,100,1,6,12,100,18483.0
3,100,1,6,12,1000,18977.0
3,100,2,1,1,10,8422.0
3,100,2,1,1,100,8511.5
3,100,2,1,1,1000,8289.6
3,100,2,1,3,10,12305.0
3,100,2,1,3,100,12450.0
3,100,2,1,3,1000,12397.0
3,100,2,1,6,10,13188.0
3,100,2,1,6,100,12358.0
3,100,2,1,6,1000,13221.0
3,100,2,1,12,10,13017.0
3,100,2,1,12,100,13918.0
3,100,2,1,12,1000,13080.0
3,100,2,2,1,10,8320.7
3,100,2,2,1,100,8711.8
3,100,2,2,1,1000,8598.7
3,100,2,2,3,10,12976.0
3,100,2,2,3,100,12939.0
3,100,2,2,3,1000,13379.0
3,100,2,2,6,10,14859.0
3,100,2,2,6,100,13933.0
3,100,2,2,6,1000,14294.0
3,100,2,2,12,10,16253.0
3,100,2,2,12,100,16293.0
3,100,2,2,12,1000,16400.0
3,100,2,3,1,10,9133.2
3,100,2,3,1,100,8494.1
3,100,2,3,1,1000,8913.9
3,100,2,3,3,10,14646.0
3,100,2,3,3,100,14624.0
3,100,2,3,3,1000,14463.0
3,100,2,3,6,10,15855.0
3,100,2,3,6,100,15707.0
3,100,2,3,6,1000,15727.0
3,100,2,3,12,10,18633.0
3,100,2,3,12,100,19129.0
3,100,2,3,12,1000,17971.0
3,100,2,6,1,10,9140.9
3,100,2,6,1,100,9302.8
3,100,2,6,1,1000,9067.5
3,100,2,6,3,10,14767.0
3,100,2,6,3,100,14540.0
3,100,2,6,3,1000,14295.0
3,100,2,6,6,10,16179.0
3,100,2,6,6,100,15886.0
3,100,2,6,6,1000,16276.0
3,100,2,6,12,10,19723.0
3,100,2,6,12,100,18959.0
3,100,2,6,12,1000,19095.0
3,100,3,1,1,10,8726.6
3,100,3,1,1,100,8550.3
3,100,3,1,1,1000,8441.9
3,100,3,1,3,10,12756.0
3,100,3,1,3,100,12871.0
3,100,3,1,3,1000,13558.0
3,100,3,1,6,10,13501.0
3,100,3,1,6,100,12736.0
3,100,3,1,6,1000,12834.0
3,100,3,1,12,10,13645.0
3,100,3,1,12,100,14035.0
3,100,3,1,12,1000,14535.0
3,100,3,2,1,10,8978.4
3,100,3,2,1,100,9270.0
3,100,3,2,1,1000,9497.8
3,100,3,2,3,10,13637.0
3,100,3,2,3,100,13316.0
3,100,3,2,3,1000,13541.0
3,100,3,2,6,10,14832.0
3,100,3,2,6,100,14523.0
3,100,3,2,6,1000,15318.0
3,100,3,2,12,10,16453.0
3,100,3,2,12,100,16456.0
3,100,3,2,12,1000,14917.0
3,100,3,3,1,10,9365.6
3,100,3,3,1,100,9123.4
3,100,3,3,1,1000,9206.4
3,100,3,3,3,10,14329.0
3,100,3,3,3,100,14584.0
3,100,3,3,3,1000,14868.0
3,100,3,3,6,10,16485.0
3,100,3,3,6,100,16616.0
3,100,3,3,6,1000,16042.0
3,100,3,3,12,10,19333.0
3,100,3,3,12,100,18205.0
3,100,3,3,12,1000,19350.0
3,100,3,6,1,10,9239.6
3,100,3,6,1,100,9276.2
3,100,3,6,1,1000,8889.9
3,100,3,6,3,10,15093.0
3,100,3,6,3,100,15108.0
3,100,3,6,3,1000,14370.0
3,100,3,6,6,10,16186.0
3,100,3,6,6,100,16438.0
3,100,3,6,6,1000,17263.0
3,100,3,6,12,10,19718.0
3,100,3,6,12,100,19318.0
3,100,3,6,12,1000,19946.0
3,100,10,1,1,10,8839.5
3,100,10,1,1,100,8888.2
3,100,10,1,1,1000,9216.2
3,100,10,1,3,10,13072.0
3,100,10,1,3,100,13513.0
3,100,10,1,3,1000,13233.0
3,100,10,1,6,10,12968.0
3,100,10,1,6,100,13436.0
3,100,10,1,6,1000,13716.0
3,100,10,1,12,10,14634.0
3,100,10,1,12,100,14466.0
3,100,10,1,12,1000,14545.0
3,100,10,2,1,10,9886.2
3,100,10,2,1,100,9741.1
3,100,10,2,1,1000,9555.4
3,100,10,2,3,10,13937.0
3,100,10,2,3,100,14526.0
3,100,10,2,3,1000,14304.0
3,100,10,2,6,10,15543.0
3,100,10,2,6,100,15790.0
3,100,10,2,6,1000,15788.0
3,100,10,2,12,10,17045.0
3,100,10,2,12,100,17857.0
3,100,10,2,12,1000,16600.0
3,100,10,3,1,10,9954.8
3,100,10,3,1,100,10319.0
3,100,10,3,1,1000,9738.9
3,100,10,3,3,10,15166.0
3,100,10,3,3,100,15294.0
3,100,10,3,3,1000,15304.0
3,100,10,3,6,10,16086.0
3,100,10,3,6,100,16701.0
3,100,10,3,6,1000,16990.0
3,100,10,3,12,10,19910.0
3,100,10,3,12,100,20093.0
3,100,10,3,12,1000,19945.0
3,100,10,6,1,10,9831.8
3,100,10,6,1,100,9715.5
3,100,10,6,1,1000,9958.3
3,100,10,6,3,10,16084.0
3,100,10,6,3,100,16041.0
3,100,10,6,3,1000,16291.0
3,100,10,6,6,10,17004.0
3,100,10,6,6,100,17546.0
3,100,10,6,6,1000,17601.0
3,100,10,6,12,10,21037.0
3,100,10,6,12,100,21007.0
3,100,10,6,12,1000,20998.0
3,100,100,1,1,10,9061.8
3,100,100,1,1,100,9081.2
3,100,100,1,1,1000,9185.5
3,100,100,1,3,10,12554.0
3,100,100,1,3,100,12884.0
3,100,100,1,3,1000,13021.0
3,100,100,1,6,10,12852.0
3,100,100,1,6,100,13959.0
3,100,100,1,6,1000,12740.0
3,100,100,1,12,10,12987.0
3,100,100,1,12,100,13383.0
3,100,100,1,12,1000,13370.0
3,100,100,2,1,10,8862.2
3,100,100,2,1,100,9226.1
3,100,100,2,1,1000,9977.7
3,100,100,2,3,10,14443.0
3,100,100,2,3,100,13656.0
3,100,100,2,3,1000,14497.0
3,100,100,2,6,10,16066.0
3,100,100,2,6,100,14197.0
3,100,100,2,6,1000,15923.0
3,100,100,2,12,10,18186.0
3,100,100,2,12,100,18448.0
3,100,100,2,12,1000,18329.0
3,100,100,3,1,10,9459.4
3,100,100,3,1,100,9354.9
3,100,100,3,1,1000,9709.3
3,100,100,3,3,10,14292.0
3,100,100,3,3,100,14293.0
3,100,100,3,3,1000,14397.0
3,100,100,3,6,10,16905.0
3,100,100,3,6,100,17322.0
3,100,100,3,6,1000,17270.0
3,100,100,3,12,10,19962.0
3,100,100,3,12,100,20337.0
3,100,100,3,12,1000,19353.0
3,100,100,6,1,10,9999.8
3,100,100,6,1,100,9407.6
3,100,100,6,1,1000,8932.7
3,100,100,6,3,10,15386.0
3,100,100,6,3,100,15124.0
3,100,100,6,3,1000,14969.0
3,100,100,6,6,10,16331.0
3,100,100,6,6,100,17336.0
3,100,100,6,6,1000,16539.0
3,100,100,6,12,10,20708.0
3,100,100,6,12,100,19619.0
3,100,100,6,12,1000,19998.0
3,1000,1,1,1,10,4672.5
3,1000,1,1,1,100,4128.2
3,1000,1,1,1,1000,4134.1
3,1000,1,1,3,10,16867.0
3,1000,1,1,3,100,18036.0
3,1000,1,1,3,1000,18501.0
3,1000,1,1,6,10,16384.0
3,1000,1,1,6,100,16049.0
3,1000,1,1,6,1000,17380.0
3,1000,1,1,12,10,17926.0
3,1000,1,1,12,100,16708.0
3,1000,1,1,12,1000,18105.0
3,1000,1,2,1,10,4003.0
3,1000,1,2,1,100,4024.4
3,1000,1,2,1,1000,4185.7
3,1000,1,2,3,10,14152.0
3,1000,1,2,3,100,13709.0
3,1000,1,2,3,1000,12534.0
3,1000,1,2,6,10,20644.0
3,1000,1,2,6,100,21944.0
3,1000,1,2,6,1000,19997.0
3,1000,1,2,12,10,27248.0
3,1000,1,2,12,100,27725.0
3,1000,1,2,12,1000,27203.0
3,1000,1,3,1,10,3322.6
3,1000,1,3,1,100,3330.5
3,1000,1,3,1,1000,3622.7
3,1000,1,3,3,10,15995.0
3,1000,1,3,3,100,9823.9
3,1000,1,3,3,1000,19418.0
3,1000,1,3,6,10,24275.0
3,1000,1,3,6,100,26119.0
3,1000,1,3,6,1000,23623.0
3,1000,1,3,12,10,27863.0
3,1000,1,3,12,100,24155.0
3,1000,1,3,12,1000,23499.0
3,1000,1,6,1,10,2757.2
3,1000,1,6,1,100,2858.8
3,1000,1,6,1,1000,2715.0
3,1000,1,6,3,10,17928.0
3,1000,1,6,3,100,16896.0
3,1000,1,6,3,1000,16539.0
3,1000,1,6,6,10,26355.0
3,1000,1,6,6,100,27893.0
3,1000,1,6,6,1000,27557.0
3,1000,1,6,12,10,32363.0
3,1000,1,6,12,100,21353.0
3,1000,1,6,12,1000,31277.0
3,1000,2,1,1,10,4152.2
3,1000,2,1,1,100,4535.0
3,1000,2,1,1,1000,4007.2
3,1000,2,1,3,10,19158.0
3,1000,2,1,3,100,18042.0
3,1000,2,1,3,1000,18347.0
3,1000,2,1,6,10,16396.0
3,1000,2,1,6,100,17621.0
3,1000,2,1,6,1000,18798.0
3,1000,2,1,12,10,19062.0
3,1000,2,1,12,100,20939.0
3,1000,2,1,12,1000,16866.0
3,1000,2,2,1,10,4076.8
3,1000,2,2,1,100,3947.6
3,1000,2,2,1,1000,4168.3
3,1000,2,2,3,10,18294.0
3,1000,2,2,3,100,15730.0
3,1000,2,2,3,1000,14609.0
3,1000,2,2,6,10,22851.0
3,1000,2,2,6,100,20861.0
3,1000,2,2,6,1000,21641.0
3,1000,2,2,12,10,28472.0
3,1000,2,2,12,100,27178.0
3,1000,2,2,12,1000,29392.0
3,1000,2,3,1,10,3625.2
3,1000,2,3,1,100,3384.7
3,1000,2,3,1,1000,3481.2
3,1000,2,3,3,10,18106.0
3,1000,2,3,3,100,17235.0
3,1000,2,3,3,1000,18842.0
3,1000,2,3,6,10,23567.0
3,1000,2,3,6,100,26438.0
3,1000,2,3,6,1000,24733.0
3,1000,2,3,12,10,26130.0
3,1000,2,3,12,100,24009.0
3,1000,2,3,12,1000,28318.0
3,1000,2,6,1,10,2839.4
3,1000,2,6,1,100,2877.5
3,1000,2,6,1,1000,3108.6
3,1000,2,6,3,10,19381.0
3,1000,2,6,3,100,18689.0
3,1000,2,6,3,1000,17459.0
3,1000,2,6,6,10,25300.0
3,1000,2,6,6,100,25884.0
3,1000,2,6,6,1000,25029.0
3,1000,2,6,12,10,29900.0
3,1000,2,6,12,100,32836.0
3,1000,2,6,12,1000,27758.0
3,1000,3,1,1,10,4860.2
3,1000,3,1,1,100,4985.2
3,1000,3,1,1,1000,4392.4
3,1000,3,1,3,10,16985.0
3,1000,3,1,3,100,17857.0
3,1000,3,1,3,1000,19472.0
3,1000,3,1,6,10,19328.0
3,1000,3,1,6,100,17930.0
3,1000,3,1,6,1000,17060.0
3,1000,3,1,12,10,20538.0
3,1000,3,1,12,100,18165.0
3,1000,3,1,12,1000,19619.0
3,1000,3,2,1,10,4272.9
3,1000,3,2,1,100,4209.0
3,1000,3,2,1,1000,4347.9
3,1000,3,2,3,10,14583.0
3,1000,3,2,3,100,16991.0
3,1000,3,2,3,1000,17338.0
3,1000,3,2,6,10,24206.0
3,1000,3,2,6,100,23193.0
3,1000,3,2,6,1000,21422.0
3,1000,3,2,12,10,27020.0
3,1000,3,2,12,100,29596.0
3,1000,3,2,12,1000,31031.0
3,1000,3,3,1,10,3557.9
3,1000,3,3,1,100,3601.9
3,1000,3,3,1,1000,3575.8
3,1000,3,3,3,10,15658.0
3,1000,3,3,3,100,20717.0
3,1000,3,3,3,1000,14698.0
3,1000,3,3,6,10,27409.0
3,1000,3,3,6,100,26698.0
3,1000,3,3,6,1000,25482.0
3,1000,3,3,12,10,30469.0
3,1000,3,3,12,100,30615.0
3,1000,3,3,12,1000,27051.0
3,1000,3,6,1,10,3030.8
3,1000,3,6,1,100,2783.7
3,1000,3,6,1,1000,2736.2
3,1000,3,6,3,10,15639.0
3,1000,3,6,3,100,15189.0
3,1000,3,6,3,1000,23126.0
3,1000,3,6,6,10,26857.0
3,1000,3,6,6,100,28621.0
3,1000,3,6,6,1000,29139.0
3,1000,3,6,12,10,32896.0
3,1000,3,6,12,100,33560.0
3,1000,3,6,12,1000,34560.0
3,1000,10,1,1,10,8856.6
3,1000,10,1,1,100,9763.2
3,1000,10,1,1,1000,8994.1
3,1000,10,1,3,10,18370.0
3,1000,10,1,3,100,18063.0
3,1000,10,1,3,1000,19547.0
3,1000,10,1,6,10,21150.0
3,1000,10,1,6,100,20254.0
3,1000,10,1,6,1000,20160.0
3,1000,10,1,12,10,21289.0
3,1000,10,1,12,100,20123.0
3,1000,10,1,12,1000,20045.0
3,1000,10,2,1,10,4826.0
3,1000,10,2,1,100,5177.1
3,1000,10,2,1,1000,5067.0
3,1000,10,2,3,10,17863.0
3,1000,10,2,3,100,15041.0
3,1000,10,2,3,1000,14747.0
3,1000,10,2,6,10,24686.0
3,1000,10,2,6,100,21731.0
3,1000,10,2,6,1000,22164.0
3,1000,10,2,12,10,29523.0
3,1000,10,2,12,100,27615.0
3,1000,10,2,12,1000,28685.0
3,1000,10,3,1,10,3571.1
3,1000,10,3,1,100,3449.5
3,1000,10,3,1,1000,3668.5
3,1000,10,3,3,10,21384.0
3,1000,10,3,3,100,21479.0
3,1000,10,3,3,1000,21251.0
3,1000,10,3,6,10,27527.0
3,1000,10,3,6,100,25544.0
3,1000,10,3,6,1000,29962.0
3,1000,10,3,12,10,31020.0
3,1000,10,3,12,100,30424.0
3,1000,10,3,12,1000,32588.0
3,1000,10,6,1,10,2915.4
3,1000,10,6,1,100,3089.5
3,1000,10,6,1,1000,2650.9
3,1000,10,6,3,10,22012.0
3,1000,10,6,3,100,17711.0
3,1000,10,6,3,1000,22158.0
3,1000,10,6,6,10,28324.0
3,1000,10,6,6,100,29598.0
3,1000,10,6,6,1000,27851.0
3,1000,10,6,12,10,22965.0
3,1000,10,6,12,100,33045.0
3,1000,10,6,12,1000,32655.0
3,1000,100,1,1,10,9762.6
3,1000,100,1,1,100,11588.0
3,1000,100,1,1,1000,10782.0
3,1000,100,1,3,10,20304.0
3,1000,100,1,3,100,20151.0
3,1000,100,1,3,1000,18721.0
3,1000,100,1,6,10,18093.0
3,1000,100,1,6,100,20474.0
3,1000,100,1,6,1000,21451.0
3,1000,100,1,12,10,19440.0
3,1000,100,1,12,100,18917.0
3,1000,100,1,12,1000,19805.0
3,1000,100,2,1,10,10065.0
3,1000,100,2,1,100,9256.9
3,1000,100,2,1,1000,10074.0
3,1000,100,2,3,10,18389.0
3,1000,100,2,3,100,17799.0
3,1000,100,2,3,1000,21545.0
3,1000,100,2,6,10,24459.0
3,1000,100,2,6,100,22183.0
3,1000,100,2,6,1000,25607.0
3,1000,100,2,12,10,30911.0
3,1000,100,2,12,100,29354.0
3,1000,100,2,12,1000,30962.0
3,1000,100,3,1,10,3639.0
3,1000,100,3,1,100,3519.5
3,1000,100,3,1,1000,3562.4
3,1000,100,3,3,10,22105.0
3,1000,100,3,3,100,21768.0
3,1000,100,3,3,1000,22998.0
3,1000,100,3,6,10,26170.0
3,1000,100,3,6,100,28346.0
3,1000,100,3,6,1000,27980.0
3,1000,100,3,12,10,34740.0
3,1000,100,3,12,100,28750.0
3,1000,100,3,12,1000,31114.0
3,1000,100,6,1,10,2899.3
3,1000,100,6,1,100,3157.1
3,1000,100,6,1,1000,3161.9
3,1000,100,6,3,10,20680.0
3,1000,100,6,3,100,21966.0
3,1000,100,6,3,1000,23443.0
3,1000,100,6,6,10,29648.0
3,1000,100,6,6,100,29970.0
3,1000,100,6,6,1000,27904.0
3,1000,100,6,12,10,28957.0
3,1000,100,6,12,100,30942.0
3,1000,100,6,12,1000,31664.0
3,10000,1,1,1,10,4989.1
3,10000,1,1,1,100,7331.8
3,10000,1,1,1,1000,6394.2
3,10000,1,1,3,10,6087.4
3,10000,1,1,3,100,7248.5
3,10000,1,1,3,1000,6551.0
3,10000,1,1,6,10,7012.3
3,10000,1,1,6,100,6332.8
3,10000,1,1,6,1000,6015.3
3,10000,1,1,12,10,5847.4
3,10000,1,1,12,100,5983.2
3,10000,1,1,12,1000,6389.8
3,10000,1,2,1,10,7992.0
3,10000,1,2,1,100,6489.0
3,10000,1,2,1,1000,6324.8
3,10000,1,2,3,10,8362.9
3,10000,1,2,3,100,7282.5
3,10000,1,2,3,1000,7334.2
3,10000,1,2,6,10,11433.0
3,10000,1,2,6,100,10425.0
3,10000,1,2,6,1000,11521.0
3,10000,1,2,12,10,13930.0
3,10000,1,2,12,100,10928.0
3,10000,1,2,12,1000,16118.0
3,10000,1,3,1,10,6389.0
3,10000,1,3,1,100,6339.1
3,10000,1,3,1,1000,7428.4
3,10000,1,3,3,10,7434.9
3,10000,1,3,3,100,6975.1
3,10000,1,3,3,1000,8206.2
3,10000,1,3,6,10,9812.8
3,10000,1,3,6,100,10860.0
3,10000,1,3,6,1000,10787.0
3,10000,1,3,12,10,12205.0
3,10000,1,3,12,100,18710.0
3,10000,1,3,12,1000,16260.0
3,10000,1,6,1,10,5489.1
3,10000,1,6,1,100,5494.1
3,10000,1,6,1,1000,4565.4
3,10000,1,6,3,10,6113.5
3,10000,1,6,3,100,5958.7
3,10000,1,6,3,1000,6091.7
3,10000,1,6,6,10,9596.8
3,10000,1,6,6,100,8176.9
3,10000,1,6,6,1000,8193.5
3,10000,1,6,12,10,6830.5
3,10000,1,6,12,100,7685.7
3,10000,1,6,12,1000,12225.0
3,10000,2,1,1,10,5358.2
3,10000,2,1,1,100,5375.2
3,10000,2,1,1,1000,6100.5
3,10000,2,1,3,10,6045.4
3,10000,2,1,3,100,6486.3
3,10000,2,1,3,1000,7091.8
3,10000,2,1,6,10,5997.6
3,10000,2,1,6,100,6583.8
3,10000,2,1,6,1000,6931.9
3,10000,2,1,12,10,5732.6
3,10000,2,1,12,100,6210.5
3,10000,2,1,12,1000,6637.1
3,10000,2,2,1,10,5085.8
3,10000,2,2,1,100,6484.0
3,10000,2,2,1,1000,6754.8
3,10000,2,2,3,10,9940.8
3,10000,2,2,3,100,7761.7
3,10000,2,2,3,1000,7830.2
3,10000,2,2,6,10,13591.0
3,10000,2,2,6,100,11336.0
3,10000,2,2,6,1000,11723.0
3,10000,2,2,12,10,14431.0
3,10000,2,2,12,100,11864.0
3,10000,2,2,12,1000,12421.0
3,10000,2,3,1,10,7310.6
3,10000,2,3,1,100,6021.0
3,10000,2,3,1,1000,7239.8
3,10000,2,3,3,10,7593.9
3,10000,2,3,3,100,7105.4
3,10000,2,3,3,1000,7450.4
3,10000,2,3,6,10,11113.0
3,10000,2,3,6,100,16417.0
3,10000,2,3,6,1000,11105.0
3,10000,2,3,12,10,13363.0
3,10000,2,3,12,100,13225.0
3,10000,2,3,12,1000,20743.0
3,10000,2,6,1,10,9077.0
3,10000,2,6,1,100,7593.4
3,10000,2,6,1,1000,5755.9
3,10000,2,6,3,10,10594.0
3,10000,2,6,3,100,6342.9
3,10000,2,6,3,1000,11324.0
3,10000,2,6,6,10,8469.0
3,10000,2,6,6,100,7977.6
3,10000,2,6,6,1000,8110.5
3,10000,2,6,12,10,10114.0
3,10000,2,6,12,100,8706.8
3,10000,2,6,12,1000,10663.0
3,10000,3,1,1,10,6729.5
3,10000,3,1,1,100,7306.8
3,10000,3,1,1,1000,7271.9
3,10000,3,1,3,10,7475.9
3,10000,3,1,3,100,5490.7
3,10000,3,1,3,1000,6666.1
3,10000,3,1,6,10,6832.1
3,10000,3,1,6,100,6037.5
3,10000,3,1,6,1000,4806.7
3,10000,3,1,12,10,6333.9
3,10000,3,1,12,100,5273.1
3,10000,3,1,12,1000,5848.1
3,10000,3,2,1,10,6533.5
3,10000,3,2,1,100,6902.9
3,10000,3,2,1,1000,5801.7
3,10000,3,2,3,10,7489.0
3,10000,3,2,3,100,7380.1
3,10000,3,2,3,1000,7952.1
3,10000,3,2,6,10,11127.0
3,10000,3,2,6,100,10439.0
3,10000,3,2,6,1000,10317.0
3,10000,3,2,12,10,14325.0
3,10000,3,2,12,100,12589.0
3,10000,3,2,12,1000,14176.0
3,10000,3,3,1,10,6063.9
3,10000,3,3,1,100,5942.5
3,10000,3,3,1,1000,5004.2
3,10000,3,3,3,10,7868.8
3,10000,3,3,3,100,8207.6
3,10000,3,3,3,1000,7712.8
3,10000,3,3,6,10,16093.0
3,10000,3,3,6,100,10019.0
3,10000,3,3,6,1000,16066.0
3,10000,3,3,12,10,14891.0
3,10000,3,3,12,100,17980.0
3,10000,3,3,12,1000,15147.0
3,10000,3,6,1,10,7034.4
3,10000,3,6,1,100,4442.8
3,10000,3,6,1,1000,4457.9
3,10000,3,6,3,10,10553.0
3,10000,3,6,3,100,6051.9
3,10000,3,6,3,1000,6295.6
3,10000,3,6,6,10,8407.4
3,10000,3,6,6,100,8156.0
3,10000,3,6,6,1000,12271.0
3,10000,3,6,12,10,8706.2
3,10000,3,6,12,100,8908.6
3,10000,3,6,12,1000,6312.9
3,10000,10,1,1,10,5612.1
3,10000,10,1,1,100,6644.4
3,10000,10,1,1,1000,6411.9
3,10000,10,1,3,10,6923.3
3,10000,10,1,3,100,7240.8
3,10000,10,1,3,1000,6352.8
3,10000,10,1,6,10,7132.8
3,10000,10,1,6,100,5771.9
3,10000,10,1,6,1000,6175.2
3,10000,10,1,12,10,6686.9
3,10000,10,1,12,100,5576.2
3,10000,10,1,12,1000,6158.2
3,10000,10,2,1,10,5367.4
3,10000,10,2,1,100,7597.2
3,10000,10,2,1,1000,10064.0
3,10000,10,2,3,10,8041.7
3,10000,10,2,3,100,8113.2
3,10000,10,2,3,1000,7395.2
3,10000,10,2,6,10,10634.0
3,10000,10,2,6,100,9956.6
3,10000,10,2,6,1000,13870.0
3,10000,10,2,12,10,14594.0
3,10000,10,2,12,100,14445.0
3,10000,10,2,12,1000,15671.0
3,10000,10,3,1,10,6357.2
3,10000,10,3,1,100,7366.0
3,10000,10,3,1,1000,5952.1
3,10000,10,3,3,10,8242.2
3,10000,10,3,3,100,7624.1
3,10000,10,3,3,1000,9393.2
3,10000,10,3,6,10,10880.0
3,10000,10,3,6,100,11940.0
3,10000,10,3,6,1000,10998.0
3,10000,10,3,12,10,17417.0
3,10000,10,3,12,100,16678.0
3,10000,10,3,12,1000,18251.0
3,10000,10,6,1,10,5908.3
3,10000,10,6,1,100,7718.5
3,10000,10,6,1,1000,5365.4
3,10000,10,6,3,10,6390.7
3,10000,10,6,3,100,6814.4
3,10000,10,6,3,1000,6215.4
3,10000,10,6,6,10,9083.8
3,10000,10,6,6,100,8760.9
3,10000,10,6,6,1000,9146.3
3,10000,10,6,12,10,10448.0
3,10000,10,6,12,100,11693.0
3,10000,10,6,12,1000,10689.0
3,10000,100,1,1,10,6632.8
3,10000,100,1,1,100,7773.0
3,10000,100,1,1,1000,5909.8
3,10000,100,1,3,10,7681.1
3,10000,100,1,3,100,6870.3
3,10000,100,1,3,1000,7794.6
3,10000,100,1,6,10,6563.4
3,10000,100,1,6,100,7088.2
3,10000,100,1,6,1000,6375.2
3,10000,100,1,12,10,6211.3
3,10000,100,1,12,100,6087.4
3,10000,100,1,12,1000,7674.8
3,10000,100,2,1,10,6044.0
3,10000,100,2,1,100,6704.2
3,10000,100,2,1,1000,7626.3
3,10000,100,2,3,10,7581.8
3,10000,100,2,3,100,10100.0
3,10000,100,2,3,1000,10839.0
3,10000,100,2,6,10,10922.0
3,10000,100,2,6,100,12411.0
3,10000,100,2,6,1000,13053.0
3,10000,100,2,12,10,14502.0
3,10000,100,2,12,100,12530.0
3,10000,100,2,12,1000,13819.0
3,10000,100,3,1,10,8344.3
3,10000,100,3,1,100,7432.5
3,10000,100,3,1,1000,9763.8
3,10000,100,3,3,10,8344.5
3,10000,100,3,3,100,8276.3
3,10000,100,3,3,1000,7901.4
3,10000,100,3,6,10,11359.0
3,10000,100,3,6,100,15315.0
3,10000,100,3,6,1000,12381.0
3,10000,100,3,12,10,20461.0
3,10000,100,3,12,100,13752.0
3,10000,100,3,12,1000,23206.0
3,10000,100,6,1,10,6431.6
3,10000,100,6,1,100,7595.9
3,10000,100,6,1,1000,6035.8
3,10000,100,6,3,10,6905.5
3,10000,100,6,3,100,6806.2
3,10000,100,6,3,1000,6353.1
3,10000,100,6,6,10,10591.0
3,10000,100,6,6,100,8849.4
3,10000,100,6,6,1000,8816.0
3,10000,100,6,12,10,8418.4
3,10000,100,6,12,100,14990.0
3,10000,100,6,12,1000,17536.0
